nl_clip,regexp
words that start with string 'a' and contain substrings 'bro' or 'abr',a(?:abr(?:o[ow]|o|u)|bro(?:[ou])?)
words that start with string 'a' and contain substrings 'd' followed by string 'b' end with string 'bajah' or string 'baja',(?:A(?:da(?:ab Bajah?|b baja)|adaab Baja)|adab)
words that start with string 'aad' or 'ad' and contain substring 'lana',A(?:(?:adh|d)lanah|adlanah?)
words that start with string 'a' must contain string 'g' and end with string 'ah' or 'a',A(?:ag(?:a(?:(?:aha|h)|(?:ah)?)|hah)|ghah)
words that start with string 'ag' or 'aag' and end with string 'hi' or 'he',A(?:ag(?:ah(?:(?:iyy|e)|i)|h(?:ah|i)i)|gahe)
words that start with string 'aag' or 'ag' and contain substring 'h' and end with string 'z',A(?:ag(?:h(?:aa?z|za)|aaz)|ghaa?z)
words that start with string 'ag' or 'aag' and contain substring 'guft' and end with string 'gu',A(?:aghaz E Gufta|g(?:ha)?az e guft)gu
words that start with string 'a' and contain substring 'j' end at substring 'zana',a(?:aji|ji?)zana
words that start with string 'aj' or 'aaj' and contain substring 'zana' and 'anda',A(?:ajizana Anda|jzana And)az
words that start with 'aj' or 'aaj' and end with string 'zi' or 'ze',A(?:a?zee|ajzi|jizi)
words that start with string 'aa' and end with string 'a' or 'ah',Aalah?
words that start with 'al' or 'aal' and contain substring 'iqtid' and end with string 'ar',A(?:ala Iqtidaa?r|la (?:Iqtidaa?r|iqtidar))
words that start with 'aal' and end with string 'i' or 'e' or 'y',Aal(?:eey?|i)
words that start with 'aal' and contain substring 'himmat',A(?:al(?:ee Himmat|i Himmat)|l(?:ee|i) Himmat)
words that start with string 'aal' or 'al' and end with string 'zarf',A(?:al(?:(?:ee|i)|e) Zarf|l(?:ee|i) Zarf)
words that start with string 'aal' and end with string 'm',Aal(?:ime?|eem)
words that start with string 'aan' or 'an' and contain substring 'fan' and end with string 'n',A(?:an(?:an Fana|un Fanu)n|nan Fanan)
words that start with string 'ap' or 'aap' and end with string 's',A(?:ap[au]s|(?:p[ai]|p)s)
words that start with string 'ap' or 'aap' and end with substring 'dari',A(?:apas Da|pa?s D)ari
words that start with string 'aap' and contain substrings 'as' and 'k',Aapas(?:k(?:ah|a?)| Ka)
words that start with string 'aaq' or 'aq' and end with string 'l',A(?:aq[ei]l|q[ei]l)
words that start with string 'aq' or 'aaq' and contain substring 'lan',A(?:(?:qilann?|(?:k[iy]|qy)lan)|aqilan)a
words that start with string 'ar' or 'aar' and contain substring 'm s',A(?:ara(?:am Sa|m S)y|raa?m Sy)
words that start with string 'ar' or 'aar' and end with string 'm',A(?:raa?|ara)m
words that start with string 'aar' or 'ar' and contain substring 'sta',A(?:ara?sta|ra?sta)
words that start with string 'aas' or 'as' and end with string 'n',A(?:asaa?n|ss?an)
words that start with string 'a' and end with string 'saish',Aa?saish
words that start with string 'aas' or 'as' and contain substring 'ni' and end with string 'say' or 'sy' or 'se',A(?:sa(?:(?:ani Sei |ni Sy)|ani Se)|asani Se)
words that start with string 'a' and contain substring 'sh' and end with string 'q',A(?:ash(?:(?:ee|i)|e)q|shiq)
words that start with string 'a' and contain substring 'sh' and 'q' and 'miz' or 'maz' and end with string 'aj',A(?:ash[ei]q Miz|shiq Miza)aj
words that start with string 'a' and contain substring 'sh' and end with string 'qana',A(?:ash(?:(?:ee|i)|e)qana|shiqana)
words that start with string 'a' and contain substring 'sh' and end with string 'qi',Aash(?:(?:ee|i)|e)qii
words that start with string 'a' and contain substring 'sh' and and 'k' end with string 'r',A(?:(?:ashkaa|askaa?)|shka)r
words that start with string 'a' and contain substring 'sh' and and 'na' end with string 'i' or 'e',A(?:as(?:hnaa?|chna)i|shnae)
words that start with string 'a' and contain substring 'sma' end with string 'ni',A(?:asman(?:ee|i)|smaani)
words that start with string 'a' and contain substring 'sh' or 'ch' end with string 'a',A(?:ch(?:a(?:(?:ah|'))?|ha)|[sx]ha)
words that start with string 'ach' and contain substring 'm'or 'n' and 'b' and end wth string 'a',ach(?:a[mn]bha|a[mn]ba|umba)
words that start with string 'ach' and end wth string 'i' or 'y' or 'e',Ach(?:ha[iy]|a[ei])
words that start with string 'ach' and contain substring 'i' and 'd' and end with string 't',A(?:c(?:ha?|ch)i Aadat|shi adat)
"words that start with string 'ach' and contain substring 'i' and 't' and 'rh' and end with string 'h' ,'n' or 'a'",A(?:ch(?:[ah]i Tarah|i Terhan)|shi terhan)
words that start with string 'a' and contain substring 'd' and end wth string 'ab',A(?:daa?|ada)b
words that start with string 'a' and contain substring 'd' and end wth string 'l',Ad(?:e(?:[ae])?l|ill?)
words that start with string 'ad' and contain substring 'n' and end wth string 'a' or 'ah',Adn(?:a(?:hh|h?)|na )
words that start with string 'ad' and contain substring 'r' and end wth string 'k',Ad(?:raa?|hra)k
words that start with string 'afa' and contain substring 'k' or 'q' and end wth string 'a',Afa(?:ak|[cq])a
words that start with string 'afr' and end wth string 'at',Afra(?:ath?|t)
words that start with string 'afr' and contain substring 'at' and 's' and end with string 'y' or 'e' ,Afra(?:at(?: Sa|h s)y|t S(?:ay|e))
words that start with string 'afr' and end wth string 'n',Afr(?:eene?|in)
words that start with string 'afz' and end wth string 'a' or 'ah',Afza(?:hh?|a)?
words that start with string 'afz' and end wth string 'l',Afz(?:(?:aa|u)|a)l
words that start with string 'a' or 'e' and contain substring 'h' and end wth string 'm',A(?:hemm?|ahem|ham)
words that start with string 'a' or 'e' and contain substring 'h' and 'mi' and end wth string 'at',Ah(?:emiy|miy?)at
words that start with string 'a' or 'e' or 'i' and contain substring 'h' and 's' and end wth string 'an',(?:(?:Ahasa|(?:Ahsa|Ehs))|Ihsa)an
words that start with string 'a' or 'e' or 'i' and contain substring 'sa' and 'n m' or 'nm' and end wth string 'd',Ah(?:asaan m|sa(?:an M|nm))and
words that start with string 'a' or 'e' or 'i' and contain substring 'sa' and 'n m' or 'nm' and end wth string 'di',Ah(?:asaan mandi|sa(?:an M|nm)and)i
words that start with string 'a' or 'e' and contain substring 'h' and 't' and end wth string 'yaat' or 'yat',Aht(?:ih?yaat|yaat)
words that start with string 'a' or 'e' and contain substring 'h' and 't' and end wth string 'tan',(?:Ahtiyaa?tan|Ehtyatan)
words that start with string 'a' or 'e' or 'i' and contain substring 't' and 'r' and end wth string 'am',(?:Eht(?:ti)?|[AI]ht)ram
words that start with string 'a' or 'e' or 'i' and contain substring 't' and 'r' and end wth string 'man',(?:Ihtiraman|Eht(?:raman|iram)|Ahtraman)
words that start with string 'a' and contain substring 'k' and end wth string 'a',A(?:i[ck]|[ey]k)a
words that start with string 'a' or 'e' and contain substring 's' and end wth string 'r',[AE][iy]sar
words that start with string 'a' and end wth string 'sh',A(?:e(?:esh|sh)|ish)
words that start with string 'a' and contain substring 'sh' and end with string 'krna' or 'karna',A(?:ish (?:ke?|Ka)rna|esh krna)
words that start with string 'a' and contain substring 'sh' and 'o' and 'ish' or 'esh' and end with string 'rat' or 'rt,(?:A(?:esh o Ishrat|ish (?:O Ishra|o eshar)t)|Eish o eshrt)
words that start with string 'a' or 'e' and contain substring 'tb' and end wth string 'r',(?:(?:Aetibaa|Aitb(?:aa)?)|Eitbaa)r
words that start with string 'a' or 'e' and contain substring 't' and 'm' and end wth string 'ad',(?:A(?:eti|it)maad|E(?:eti|it)mad)
words that start with string 'a' or 'e' and contain substring 'tra' and end wth string 'f',(?:A(?:itra|etr)af|Ei?traaf)
words that start with string 'a' and contain substring 'j' and end wth string 'b',(?:Aja?|Eja)b
words that start with string 'a' and contain substring 'j' and end wth string 'r',Aj(?:ja|(?:[ae])?)r
words that start with string 'a' and contain substring 'j' and end wth string 'ba',Aj(?:(?:oo|u)|o)ba
words that start with string 'ak' and end wth string 'th' or 'the',Ak(?:the?|eth)
words that start with string 'a' or 'e' and contain substring 'm' and end wth string 'n',(?:A(?:lii(?:iii Maq| Maqa)am|ali Maqaam)|Elii maqam)
words that start with string 'a' or 'e' and contain substring 'li' and 'maq' and end wth string 'am',(?:Amaane?|Emaan )
words that start with string 'ama' and contain substring 'd' and end wth string 'a' or 'ah',Ama(?:d(?:ah?|ha)|ada)
words that start with string 'a' and contain substring 'm' and end wth string 'n',Am(?:[au])?n
words that start with string 'a' and contain substring 'mana' and end wth string 't',(?:(?:Aa|I)mana|Amana?)t
words that start with string 'am' and contain substring 'n' and 'p' and 's' and 'n' and end wth string 'dana',Am(?:an [Pp]asandana|n pasndana)
words that start with string 'am' and contain substring 'n' and 'p' and end wth string 'sandi',Am(?:an Pa|n p)sandi
words that start with string 'ankho' and contain substring 'ka ta' and end wth string 'ra',Ankhon(?: Ka Ta|n ka t)ara
words that start with string 'a' or 'u' and contain substring 'nm' and end wth string 'l',(?:anmo(?:le?|ol)|unmol)
words that start with string 'a' and contain substring 'p' and end wth string 'na',Aa?pna
words that start with string 'ap' and contain substring 'na' and 'p' and end wth string 'n',Apna (?:Pa|p|pu)n
words that start with string 'a' and contain substring 'q' and end wth string 'l',Aqa?l
words that start with string 'aq' and contain substring 'l o'  and 'd' and end wth string 'nish',Aq(?:al O D|l o d)anish
words that start with string 'aq' and contain substring 'l m'  and 'n' and end wth string 'dana',Aq(?:al Man|l ma)dana
words that start with string 'a' and contain substring 'q' and end wth string 'l',Aq(?:[ei])?l
words that start with string 'a' or'e' or 'i' and contain substring 'qrar',[AEI]qrar
words that start with string 'a' or'e' or 'i' and contain substring 'qrar' and end wth string 'i',(?:[AI]qrar|Eqa)i
words that start with string 'a' and contain substring 'r' and end wth string 'm',A(?:araa|raa?)m
words that start with string 'a' and contain substring 'r' and 'm' and end wth string 'deh',A(?:araam D|ra(?:am D|m d))eh
words that start with string 'a' and contain substring 'ra' and 'm p' and end wth string 'chana',A(?:ra(?:am P|m p)oha|araam Poh)nchana
words that start with string 'a' or 'i' and contain substring 'r' and 'f' and end wth string 'a' or 'ah',(?:a|aa|i)rfah?
words that start with string 'a' and contain substring 'r' and 'm' and end wth string 'n',Armaa?n
words that start with string 'ar' and contain substring 'z' and end wth string 'u' or 'o',Aa?rz(?:oo|u)
words that start with string 'as' and end wth string 'r',Asa?r
words that start with string 'as' and contain substring 'r' and 'paz' and end wth string 'r',As(?:ar (?:Paze|paz)er|r pazir)
words that start with string 'a' or 'i' and contain substring 's' and end wth string 'bati',[ai]a?sbati
words that start with string 'a' and contain substring 'sh' and end wth string 'ab',Ashaa?b
words that start with string 'a' and contain substring 's' and end wth string 'li',A(?:aa)?sli
words that start with string 'a' or 'i' and contain substring 'sm' and end wth string 't',[ai]sm[au]t
words that start with string 'as' and contain substring 'd' and end wth string 'ah' or 'a',As(?:odah|uda)
words that start with string 'a' and contain substring 't' and end wth string 'ya',Aa?ta
words that start with string 'a' and contain substring 't' and end wth string 'ya',At(?:[ei])?ya
words that start with string 'a' or 'o' or 'u' and contain substring 'jag' and end wth string 'r',(?:Aujaa?g|Ujaga)r
words that start with string 'a' and contain substring 'w' and end wth string 'l',Aww?al
words that start with string 'az' and contain substring 'h' and 'd' and 'kh' and end wth string 'shi',Az(?: Had K|z hd k)hushi
words that start with string 'a' and contain substring 'z' and end wth string 'd',Azaa?d
words that start with string 'a' and contain substring 'z' and end wth string 'di',Azaa?di
words that start with string 'a' and contain substring 'z' and end wth string 'm',Az(?:ee|i)m
words that start with string 'a' and contain substring 'z' and 'm' and end wth string 'shan',Az(?:eem Al S|im al s)
words that start with string 'a' and contain substring 'z' and end wth string 'z',Az(?:ee|i)z
words that start with string 'a' and contain substring 'z' and end wth string 'z',Az(?:ee|i)z
words that start with string 'a' and contain substring 'z' and 'm' and end wth string 't',Azma?t
words that start with string 'azr' and contain substring 'e' and 'nawaz' and end wth string 'ish',Azra(?:h E |\-e\-)Nawazish
words that start with string 'ba' and contain substring 'd' and 'b',Ba (?:Ada|ad)b
words that start with string 'ba' and contain substring 'sa' and 'ni',Ba (?:aa|A)sani
words that start with string 'ba' and contain substring 'z' and 'm' and end wth string 't',Ba Azma?t
words that start with string 'ba' and contain substring 'b' and 'rk' or 'rq' and end with string 't',Ba (?:Barkat|bar[kq]at)
words that start with string 'ba' and contain substring 'kh' and end with string 'laq',Ba [EIA]khlaq
words that start with string 'ba' and contain substring 'gh' and 'r',ba(?: gh(?:o(?:ore|ur|re)|aur)|gh[ao]ur|ghore|gore)
words that start with string 'ba' and contain substring 'h' and 'y' and end with string 'a',Ba (?:Ha|h)ya
words that start with string 'ba' and contain substring 'h' and 's' and end with string 'at',Ba (?:h(?:aisia|sey)|asiya|esiya)t
words that start with string 'ba' and contain substring 'him' and end with string 't',Ba (?:himma|him|hima)t
words that start with string 'ba' and contain substring 'i' or 'e' and 'l' and end with string 'm',Ba (?:ila|[Ie]l)m
words that start with string 'ba' and contain substring 'k' and 'm' and end with string 'l',Ba kamaa?l
words that start with string 'ba' and contain substring 'k' and 's' and end with string 'rat',Ba (?:Ka|k)srat
words that start with string 'ba' and contain substring 'kh' and 'b' and end with string 'r',Ba (?:Khaba|khb|khabe|khab)r
words that start with string 'ba' and contain substring 'khab' and end with string 'ri' or 're',Ba(?: Khabri| khabre|khabri)
words that start with string 'ba' and contain substring 'kird' and end with string 'r',Ba (?:kirda|Kird)ar
words that start with string 'ba' and contain substring 'ma' and end with string 'ni',Ba (?:Ma|m)ani
words that start with string 'ba' and contain substring 'm' and 'qs' and end with string 'd',Ba (?:Maqsa|mqs)d
words that start with string 'ba' and contain substring 'm' and 'r' and end with string 'd',Ba (?:Mura|mur|mora)ad
words that start with string 'ba' and contain substring 'nas' and end with string 'b',Ba (?:Nasee|nasi)b
words that start with string 'ba' and contain substring 'tart' and end with string 'b',Ba (?:Tartee|tarti)b
words that start with string 'ba' and contain substring 'as' and end with string 'l',Ba (?:Usoo|Asu|asoo)l
words that start with string 'ba' and contain substring 'waq' and end with string 'r',Ba(?: waqa| Waq|waq)ar
words that start with string 'ba' and contain substring 'sala' and end with string 'hiyat',Ba(?: sala|\-sal|sal)ahiyat
words that start with string 'ba' and contain substring 'tr' and 'q' and 'ahs' and end with string 'n',Ba(?:\-tareeq Ahsen| triq ahsn|triq ahsan)
words that start with string 'ba' and contain substring 'd' and 'sab' and 'ahs' and end with string 'a',Baad(?: E S|y s)aba
words that start with string 'ba' and contain substring ' ' and end with string 'g' or 'gh',b(?:aagh baagh|haag bhaag|agh bagh|aag baag)
words that start with string 'ba' and contain substring 'g' and 'riz' and end with string 'n',ba(?:gh e r(?:iz(?:wa|v)|azv)|agh e rizw)an
words that start with string 'ba' and contain substring 'ch' and end with string 't',Ba?chatt?
words that start with string 'ba' and contain substring 'r' or 'd' and end with string 'i',Ba(?:day|dha|ray)i
words that start with string 'bad' and contain substring 'la',Bada?lah?
words that start with string 'bad' and contain substring 'sh' and end with string 'hi',Badshah?i
words that start with string 'bah sah' and end with string 'lat',Bah Sah(?:oo|u)lat
words that start with string 'ba' and contain substring 'ha' and end with string 'al',Bahaa?l
words that start with string 'ba' and contain substring 'ha' and 'd' and end with string 'r',Bahadurr?
words that start with string 'ba' and contain substring 'ha' and 'd' and end with string 'ri' or 're',bahad(?:ori|ur[ei])
words that start with string 'baham' and contain substring 'it'  and end with string 'faq',Bahami (?:Itta|itte)faq
words that start with string 'bah' and contain substring 'sh' and end with string 't',bah(?:ishth?|eesht)
words that start with string 'ba' and contain substring 'ja' and 'l' and end with string 'ana',B(?:aja L|ja l)ana
words that start with string 'ba' and contain substring 'kh' and end with string 'r',B(?:akh(?:ai|e)|khai)r
words that start with string 'bakh' and contain substring 'r o' and 'kh' and end with string 'bi',Bakh(?:air O Kho|er O kh)obi
words that start with string 'ba' and contain substring 'kh' and end with string 'bi',B(?:akhoo?bi|khobe|akhubi)
words that start with string 'b' and contain substring 'k' and 'sh' and end with string 'sh',b(?:(?:aksh(?:ee|i)|akhshi)|khshi)sh
words that start with string 'b' and contain substring 'k' and 'sh' and end with string 'na',Ba?khshna
words that start with string 'ba' and contain substring 'la' or 'd' and end with string 'sti',Balad[au]?sti
words that start with string 'ba' and contain substring 'la' and 't' and end with string 'r',Ba(?:lataa?r|alatr|later)
words that start with string 'ba' and contain substring 'l' and end with string 'gh',Bal(?:ee|i)gh
words that start with string 'b' and contain substring 'nda' and 'pr' or 'par' and 'w' and end with string 'r',B(?:anda Parwa|nda prw)r
words that start with string 'ba' and contain substring 'k' or 'q' and end with string 'da',Ba[kq]aida
words that start with string 'baqa' and contain substring 'd' and end with string 'gi',Baqa(?:ida|ed)gi
words that start with string 'b' and contain substring 'r' and 'm' and 'h' and end with string 'l',Bar M[ae]h[ae]l
words that start with string 'b' and contain substring 'r w' and 'q' or 'k' and end with string 't',B(?:ar Waqa|(?:ur w|r wa)q)t
words that start with string 'b' and contain substring 'r' and 'd' and end with string 'a',B(?:arr?a|ra|ada)
words that start with string 'b' and contain substring 'r' and 'aad' or 'ad' and end with string 'mi',B(?:ara A|(?:ra a|da ))admi
words that start with string 'b' and contain substring 'r' and 'd' and end with string 'l',B(?:rr?a dill|ara Dil)
words that start with string 'b' and contain substring 'r' and 'k' and end with string 'm',B(?:r(?:ra kaa|a k)|ara Kaa)m
words that start with string 'b' and contain substring 'rab' and end with string 'r',B(?:araba|rabe?)r
words that start with string 'b' and contain substring 'rab' and end with string 're' or 'ri',B(?:arabari|rabr[ei])
words that start with string 'b' and contain substring 'r' and end with string 'dr' or 'dar',B(?:arada|rada?)r
words that start with string 'b' and contain substring 'r' and 'd' and end with string 'ana',B(?:arada|rad|irad)rana
words that start with string 'b' and contain substring 'rah'  and 'k'  and 'r' and end with string 'm',B(?:arah E (?:Kara|kr)m|rahy k(?:ara|r)m)
words that start with string 'b' and contain substring 'r' and 'd' and end with string 'i',B(?:ara[ay]i|dai)
words that start with string 'b' and contain substring 'rd' or 'rad' and end with string 'sht',B(?:radsa?|ardas)ht
words that start with string 'b' and contain substring 'r' and 'e' or 'i' and end with string 'k',B(?:ar(?:e[ei]k|ik)|rek)
words that start with string 'b' and contain substring 'r' and 'j' and end with string 'na',B(?:ar(?:h J| j)ana|r jna)
words that start with string 'b' and contain substring 'r' or 'd'  and 'ho' or 'hu'  and end with string 'a',B(?:arha (?:How|hu)a|dha hua)
words that start with string 'b' and contain substring 'r' or 'd' and end with string 'ana',B(?:a[dr]hana|dhana)
words that start with string 'b' and contain substring 'r' or 'd' and 'n' and 'k' and end with string 'kabil' or 'qabil',B(?:arhan(?:ay Kay Qa|y K Q)abil|dhny k kabil)
words that start with string 'b' and contain substring 'rk' or 'rq' and end with string 't',B(?:ar[kq]at|rqat)
words that start with string 'b' and contain substring 'rt' and end with string 'r',B(?:rt(?:ar |r)|arta?r)
words that start with string 'b' and contain substring 'rt' and end with string 'ri' or 're',B(?:arta?ri|rtre)
words that start with string 'b' and contain substring 's' and end with string 'rat',B(?:asee|s(?:ee|i))rat
words that start with string 'b' and contain substring 'sh' and end with string 'sh',B(?:asha|sh)ash
words that start with string 'b' and contain substring 'w' and end with string 'fa',Bawa?fa
words that start with string 'b' and contain substring 'ai' and end with string 'b',B(?:ay Ai|e (?:ae|Ai))b
words that start with string 'b' and contain substring 'ai' and end with string 'bi' or 'be',B(?:ay Aibi|e aib[ei])
words that start with string 'b' and contain substring 'an' and end with string 'daza',B(?:ay|e) Andaza
words that start with string 'b' and contain substring 'b' and end with string 'ak',B(?:ay Ba|(?:e ba|y b))ak
words that start with string 'b' and contain substring 'b' and end with string 'aq',B(?:ay B|e b)aaq
words that start with string 'b' and contain substring 'd' and end with string 'gh',B(?:(?:ay|e) Da|a d)agh
words that start with string 'b' and contain substring 'd' and end with string 'r',B(?:a(?:y D|id)ar|e(?: d|da)ar)
words that start with string 'b' and contain substring 'g' and 'r' and end with string 'z',B(?:ay Gha|e gh?)rz
words that start with string 'b' and contain substring 'g' and 'n' and end with string 'h',B(?:ay Gu|e g[ou])nah
words that start with string 'b' and contain substring 'h' and end with string 'd' or 'dh',B(?:e(?:y Hadh| Had)|ay Hadd)
words that start with string 'b' and contain substring 'had' and  'k' and end with string 'shi',B(?:e(?:y Hadh| had) k|ay Hadd K)hushi
words that start with string 'b' and contain substring 'h' and 's' and end with string 'ab',B(?:ay Hisa|e(?: hee|hi)s)ab
words that start with string 'b' and contain substring 'h' and 'd' and  'ko' and end with string 'shish',B(?:ay Hud K|e had k)oshish
words that start with string 'b' and contain substring 'int' and end with string 'ha',b(?:ay(?: Inti|inte)ha|e(?: inti|inte)ha)
words that start with string 'b' and contain substring 'j' and end with string 'rm' or 'ram',B(?:ay j|e j)rm
words that start with string 'b' and contain substring 'kh' and end with string 'ti',B(?:ay Kha|e kh)ati
words that start with string 'b' and contain substring 'kh' and end with string 'ta',B(?:ay K|e k)hata
words that start with string 'b' and contain substring 'kh' and end with string 'tar' or 'ter' or 'tr',b(?:(?:ay khata|aykhate?)|e khta)r
words that start with string 'b' and contain substring 'kh' and end with string 'f',B(?:ay Khau|e khoo)f
words that start with string 'b' and contain substring 'kh' and 'f' and 'o' and end with string 'r',B(?:ay Khauf O Khata|e khoof O kht)r
words that start with string 'b' and contain substring 'l' and end with string 'ag',B(?:ay L|e l)aag
words that start with string 'b' and contain substring 'm' and end with string 'l',B(?:ay M|e m)ail
words that start with string 'b' and contain substring 'm' and 'z' and end with string 'rat' or 'rt',B(?:ay Muzra|e muzr)t
words that start with string 'b' and contain substring 'n' and end with string 'wa',B(?:ay Na|e n)wa
words that start with string 'b' and contain substring 'q' and end with string 'aid',B(?:ay Q|e q)aid
words that start with string 'b' and contain substring 'sh' and end with string 'k',B(?:ay Sha|e sh)k
words that start with string 'b' and contain substring 't' and end with string 'kaluf',B(?:ay T|e t)akaluf
words that start with string 'b' and contain substring 't' and end with string 'kalufi',B(?:ay T|e t)akalufi
words that start with string 'b' and contain substring 'z' and end with string 'rar',B(?:ay Z|e z)arar
words that start with string 'b' and contain substring 'd' and 'q' and end with string 't',B(?:ay dqi|e Diqa)t
words that start with string 'b' and contain substring 'f' and 'k' and end with string 'r',b(?:e ?fikar|ay(?: fiq|fika)r)
words that start with string 'b' and contain substring 'g' and 'n' and end with string 'hi' or 'he',b(?:ay gunahee|e(?:g(?:un|o)| gu)nahi)
words that start with string 'b' and contain substring 'h' and end with string 'd',b(?:a(?:yhud| ha)d|e(?: ha|hud)d)
words that start with string 'b' and contain substring 'mis' and end with string 'al',B(?:ay misa|e Mis)al
words that start with string 'b' and contain substring 'n' and end with string 'zeer' or 'zir',b(?:ay nazee|e(?: nazee|nazi))r
words that start with string 'b' and contain substring 'p' and end with string 'rwa',B(?:ay p|e Pa)rwa
words that start with string 'b' and contain substring 'qaid' and 'o' and end with string 'nd',B(?:ay Quaid O b|e Qaid O Ba)nd
words that start with string 'b' and contain substring 'k' or 'q' and end with string 'soor',B(?:ay q|e Q)asoor
words that start with string 'b' and contain substring 'shub',B(?:ay shubah|e Shuba)
words that start with string 'b' and contain substring 'd' and end with string 'ar',B(?:ay|e)daar
words that start with string 'b' and contain substring 'd' and end with string 'ari',b(?:aydaa?ri|edaa?ri)
words that start with string 'b' and contain substring 'hra' and 'm' and end with string 'nd',B(?:ehra Ma|hra m)nd
words that start with string 'b' and contain substring 'hra' and 'm' and end with string 'ndi',B(?:ehra Ma|hra m)ndi
words that start with string 'b' and contain substring 'h' and 't' and end with string 'r',B(?:[ae]hta|ht)r
words that start with string 'b' and contain substring 'h' and 't' and 'r' and end with string 'nana',B(?:ehtar Ba|htr b)nana
words that start with string 'b' and contain substring 'h' and 't' and 'r' and end with string 'ona',B(?:ehtar H|htr h)ona
words that start with string 'b' and contain substring 't' and 'r' and 'karkar' and end with string 'dgi' or 'dagi',Be(?:htare? Karkardagi|ahter Karkardgi)
words that start with string 'b' and contain substring 't' and 'r' and 't' and 'r' and 'q',B(?:e(?:htar Tare|ahter Tr)eqay|ahter Tareeqy)
words that start with string 'b' and contain substring 'h' and 't' and 'r' and end with string 'n',B(?:ehtar(?:ee|i)|hetaree)n
words that start with string 'b' and contain substring 'h' and 't' and 'r' and end with string 'i' or 'e',B(?:ehtar(?:ee|i)|hetar)
words that start with string 'besh' and contain substring 'b' and 'ha',Besh(?: Bah|baha)a
words that start with string 'besh' and contain substring 'q' and 'm' and end with string 't',Besh(?: Qeema|q(?:eemu|ima))t
words that start with string 'besh' and contain substring 'q' and 'm' and end with string 'ti',Besh(?: Qeema|q(?:eem|imq))ti
words that start with string 'bha' and contain substring 'l' and end with string 'a',Bha(?:l(?:aa?|la)|ala)
words that start with string 'bha' and contain substring 'l' and end with string 'a',Bha(?:[aer]r)?
words that start with string 'bha' and contain substring 'r' and end with string 'i' or 'e' or 'y',Bha(?:r(?:ee|i)|ar[iy])
words that start with string 'bha' and contain substring 'la' and end with string 'i' or 'e' or 'y',Bhala(?:y[ei]?|i)
words that start with string 'bhar' or 'bar' and contain substring 'p' and end with string 'r',Bharpo?[ou]r
words that start with string 'b' and contain substring 'r' and 'k' and end with string 'la',b(?:ha(?:ar kee|rk(?:ee|i))la|ar(?: kee|ki)la)
words that start with string 'bha' and contain substring 'ro' and 's' and end with string 'e' or 'i',Bha(?:r(?:oosa[iy]|use)|aroose)
words that start with string 'bhar' or 'bar' and contain substring 's' and end with string 'a',Bh?a(?:aroo?sa|rosaa?)
words that start with string 'bhar' and contain substring 'p' and end with string 'r',Bharpo?[ou]r
words that start with string 'bh' and contain substring 'o' or 'u' and end with string 'la' or 'lah',Bh(?:ullah|ol(?:[al]a|a))
words that start with string 'bh' and contain substring 'o' or 'u' and end with string 'li' or 'le',Bhol(?:i(?:[ei])?|ee)
words that start with string 'bho' and contain substring 'bha' and end with string 'la',Bhol(?:lah bha|(?:aa bha|a(?: Bha|bh)))ala
words that start with string 'bho' and contain substring 'bha' and end with string 'li' or 'le',Bhol(?:ee Bhalee|(?:i Bha|y Bh)ali)
words that start with string 'bh' and contain substring 'o' or 'u' and end with string 'la' or 'lah',Bh(?:ul(?:lah|a)|oola)
words that start with string 'bila' and contain substring 'f' and end with string 'rk',Bila (?:Pharq|Far[kq])
words that start with string 'bila' and contain substring 'h' and 'j' and end with string 't',Bila H(?:oojj?at|ujj[au]t)
words that start with string 'bila' and contain substring 'kh' and 'f' and 'khat' or 'kht',Bila Kha(?:uf (?:aur Khat|O Khata)r|of O Khatr)
words that start with string 'bila' and contain substring 'm' and 'kh' and end with string 'za',Bila M(?:o(?:wakh|akhz)|uakhz)a
words that start with string 'bila' and contain substring 'n' and 'k' and end with string 's',bila n(?:aks|u[kq]s)
words that start with string 'bila' and contain substring 'sh' and 'b',Bila S(?:huba|uba[ah])
words that start with string 'bila' and contain substring 't' and 'fr' and end with string 'k' or 'q',Bila (?:Tafreeq|tafri[kq])
words that start with string 'bila' and contain substring 'tar' and 'fd' and end with string 'ri' or 'ry',Bila (?:tar(?:afdaari|fda(?:ary|ri))|Tarfdaari)
words that start with string 'bila' and contain substring 'taw' and 'k' and end with string 'f,Bila (?:(?:tawquu?|tawaku)|Tawaqu)f
words that start with string 'b' and contain substring 'l' and 'k' and end with string 'l',B(?:ilk|elk|ilq)u?l
words that start with string 'b' and contain substring 'h' and end with string 't',(?:Boh[au]t|boht)
words that start with string 'b' and contain substring 'h' and 't' and 'kh' and end with string 'ob or 'ub'',(?:Bohat Kho|boht kh)ob
words that start with string 'boh' and contain substring 'z' and 'ada' and 'shan' and end with string 'dar' or 'daar',Boh(?:at Z(?:iyada Shanda|yda Shand)|ut ziyada Shanda)ar
words that start with string 'b' and contain substring 'h' and 't' and end with string 'd',B(?:oht(?:add?|had)|hotad)
words that start with string 'b' and contain substring 'd' and end with string 'ya',B(?:udiyy?|oodiy)a
words that start with string 'b' and contain substring 'l' and 'n' and end with string 'd',B(?:o(?:ulu|la)|ula)nd
words that start with string 'b' and contain substring 'l' and 'nd' and 'hosl' and end with string 'gi',B(?:oland hoslogi|ul(?:and Hosla|und hoslo)gi)
words that start with string 'b' and contain substring 'l' and 'nd' and end with string 'tar',B(?:oland o bortar|ul(?:and O Ba|und o bo)rtar)
words that start with string 'b' and contain substring 'l' and 'nd' and end with string 'shaan',B(?:oland shaan|ul(?:and S|und s)haan)
words that start with string 'b' and contain substring 'l' and 'n' and end with string 'di',B(?:olandi|ul[au]ndi)
words that start with string 'b' and contain substring 'n' and 'ya' and end with string 'di' or 'de',B(?:oo?nyadi|unyad(?:ee|i))
words that start with string 'b' and contain substring 'r' and 'b' and end with string 'd',Burdb(?:(?:aa|e)|a)r
words that start with string 'b' and contain substring 'r' and 'b' and end with string 'di',Burdba(?:ar[iy]|ree)
words that start with string 'b' and contain substring 'z' and 'r' and end with string 'g',B(?:uz(?:oo|u)rg|ozorg)
words that start with string 'b' and contain substring 'z' and 'r' and end with string 'gana',B(?:uz(?:oo|u)rgana|ozorgana)
words that start with string 'b' and contain substring 'z' and 'r' and end with string 'gi',B(?:uzurgii?|ozorgi)
words that start with string 'ch' and contain substring 'k o ch' or 'koch' and end with string 'nd',Cha(?:a(?:k o|q O) Choband|k o Chob[eu]nd)
words that start with string 'cha' and contain substring 's' and end with string 'ni',Cha(?:ash|sh?)ni
words that start with string 'chab' and contain substring 'kd' and end with string 'st',Chab(?:akd[au]|ukda)st
words that start with string 'ch' and contain substring 'h' and end with string 't',Ch(?:hahu|ah[ae])t
words that start with string 'ch' and contain substring 'i' or 'y' and end with string 'n',Cha(?:[iy])?n
words that start with string 'ch' and contain substring 'l' and end with string 'k',Ch(?:alaa?|laa)k
words that start with string 'ch' and contain substring 'l' and end with string 'ki',Ch(?:alaa?ki|laki)
words that start with string 'ch' and contain substring 'm' and end with string 'k',cham(?:akk?|mak|uck)
words that start with string 'ch' and contain substring 'k' and end with string 'la',chamk(?:ee|i)la
words that start with string 'ch' and contain substring 'n' and end with string 'dah' or 'da',ch(?:andah?|unda|nda)
words that start with string 'ch' and contain substring 'pl' and end with string 'si',cha(?:apl(?:oo|u)|ploo)si
words that start with string 'ch' and contain substring 'r' and end with string 'cha',ch(?:[aeu])?rcha
words that start with string 'ch' and contain substring 'tk' and end with string 'ra',ch(?:utkaa?|hutka)ra
words that start with string 'ch' and contain substring 'k' and end with string 'na',ch(?:okann?|ukann)a
words that start with string 'ch' and contain substring 'k' and end with string 's',chok[ua]ss?
words that start with string 'da' and contain substring 'w' and end with string 'a' or 'i' or 'e',dawa(?:y[ei]|[ae])?
words that start with string 'd' and contain substring 'n' and end with string 'g',d(?:angg?|ungg)
words that start with string 'd' and contain substring 'rkh and end with string 'st',darkh(?:asa?|was)t
words that start with string 'd' and contain substring 'r' and end with string 'dil',dar(?:i?y|i)a dil
words that start with string 'd' and contain substring 'stg' and end with string 'ir' or 'er',d(?:astg(?:ee|i)|ustgi)r
words that start with string 'd' and contain substring 'ya' and end with string 'nat',d[ai]yanat
words that start with string 'd' and contain substring 'da' and end with string 'r',d(?:(?:ee|i)daa|edaa?)r
words that start with string 'd' and contain substring 'n' and 'd' and end with string 'ar',d(?:eend|inda)ar
words that start with string 'd' and contain substring 'rkh' and ''sh' and end with string 'nda' or 'dah',D(?:erkhshandah|arkhshanda)
words that start with string 'd' and contain substring 'v' or 'w' and end with string 'ta',de[vow]ta
words that start with string 'dil' and contain substring 'far' and end with string 'b',Dil Far(?:ai|e)b
words that start with string 'dil' and contain substring 'far' and end with string 'bi',Dil Far(?:ai|e)bi
words that start with string 'dil' and contain substring 'nash' and end with string 'n',Dil Nash(?:ee|i)ni
words that start with string 'dil' and contain substring 'p' and end with string 'nd',Dil p(?:asa|s)nd
words that start with string 'd' and contain substring 'l' and end with string 'r',d(?:ilai|ale)r
words that start with string 'd' and contain substring 'lch' and end with string 'sp',dil(?:lcha|ch[au])sp
words that start with string 'dil' and contain substring 'paz' and end with string 'r',dilpaz(?:ee|i)r
words that start with string 'd' and contain substring 'l' and end with string 'ri',d(?:il(?:ai|e)ri|aleri)
words that start with string 'd' and contain substring 'bar' and end with string 'a',d(?:obarah?|ubara)
words that start with string 'd' and contain substring 'r' or 'and' and end with string 'sh',D(?:oor ande|ur andai)sh
words that start with string 'd' and contain substring 'r' or 'and' and end with string 'shi',D(?:oor ande|ur andai)shi
words that start with string 'd' and contain substring 'u' or 'a' or 'w' and end with string 'a',d(?:u(?:aa?|wa)|owa)
words that start with string 'd' and contain substring 'r' and end with string 'st',d(?:arusa?|urus)t
words that start with string 'd' and contain substring 'r' and end with string 'sti',d(?:[au])?rusti
words that start with string 'e' or 'i' or 'a' and contain substring 'jaz',(?:(?:ejaa?|(?:a?i|a)ja)|Ijaa)z
words that start with string 'e' or 'i' or 'a' and contain substring 'jad',(?:[Ia]ja|ej)ad
words that start with string 'e' or 'i' or 'a' and contain substring 'jadi',(?:Ija|ej)adi
words that start with string 'f' and contain substring 'd' and end with string 'a',f(?:a[eiy]da|yda)
words that start with string 'fa' and contain substring 'kh' and 'r' and end with string 'ya' or 'ia',fakh(?:ari?ya|ria)
words that start with string 'fa' and contain substring 'kh' and end with string 'r',Fakh(?:[ae])?r
words that start with string 'fas' and contain substring 'h',Fas(?:ee|i)h
words that start with string 'fat' and contain substring 'h',Fat[ae]h
words that start with string 'fat' and contain substring 'mand',Fat(?:ah Mandi|eh Mand[ei])
words that start with string 'f' and contain substring 'y' or 'i' and end with string 'z',F(?:ayy?az|iaz)
words that start with string 'f' and contain substring 'h' and end with string 'm',Feha?m
words that start with string 'f' and contain substring 'ras' and end with string 'at',F[ai]rasat
words that start with string 'fo' and contain substring 'r' and end with string 'i',fo(?:[auw])?ri
words that start with string 'fo' and contain substring 'r' and end with string 'n',For[au]n
words that start with string 'f' and contain substring 'tu' or 'to' and end with string 'at',F(?:atuhaa?t|tohat)
words that start with string 'g' and contain substring 'r' and 'm' and end with string 'joshi',g(?:a(?:arm j|ram J)oshi|rm joshi)
words that start with string 'g' and contain substring 'r' and 'm' and end with string 'joshi',g(?:a(?:armjoshi|ram[gj]oshi)|rmjoshi)
words that start with string 'g' and contain substring 'rw' and end with string 'da' or 'dah',garw(?:e(?:edah|d(?:ha|ah))|idh?a)
words that start with string 'g' and contain substring 'v' and end with string 'ra' or 'rah',ga(?:wa(?:arah|rah?)|varah?)
words that start with string 'g' and contain substring 'hr' and end with string 'a',g(?:ehraa?|ahra)
words that start with string 'g' and contain substring 'hr' and end with string 'i',g(?:ehr(?:ee|i)|ahri)
words that start with string 'g' and contain substring 'hra' and end with string 'i' or 'e',g(?:ahra(?:ye|[ei])|ehra[ei])
words that start with string 'g' and contain substring 'hra' and end with string 'dost',g(?:ehraa? dost|ahra dost)
words that start with string 'g' and contain substring 'hri' and end with string 'dost'i,g(?:ehr(?:ee|i) dosti|ahri dosti)
words that start with string 'gh' and contain substring 'r mash' and end with string 't',gh(?:(?:air mashr(?:oo|u)|ar mashroo)|er mashroo)t
words that start with string 'gha' and contain substring 'm' and end with string 'dood' or 'dud',gha(?:(?:ir mahd(?:oo|u)|ir mehdoo)|r mehdoo)d
words that start with string 'g' and contain substring 'muta' and end with string 'sib',gha(?:ir mutass?ib|r mutasib)
words that start with string 'gham' and contain substring 'kh' and end with string 'ri',gham kh(?:a[vw]ari|[uw]ari)
words that start with string 'g' and contain substring 'n' and end with string 'i',g(?:hann?i|on[iy])
words that start with string 'g' and contain substring 'z' and end with string 'i',gh?aa?zi
words that start with string 'ghay' and end with string 'r',ghay(?:y(?:oo|u)r|(?:oo|u)r)
words that start with string 'gh' and contain substring 'o' or 'u' and end with string 'r',gh(?:ou?|au)r
words that start with string 'g' and contain substring 'r' and 'fik' end with string 'r',g(?:ho(?:ur |r)o fikar|oro fikr)
words that start with string 'g' and contain substring 'n' and end with string 'j' or 'jh',g(?:o(?:(?:njh|onj)|nj)|unjh)
words that start with string 'g' and contain substring 'n' and 'j' and end with string 'dar',g(?:oonjh? daar|unjh dar)
words that start with string 'gul' and contain substring 'u' and end with string 'l',gu(?:ll?|ul)
words that start with string 'gul' and contain substring 'r' and end with string 'ng',gul(?:l ra| r[au])ng
words that start with string 'gul' and contain substring 'r' and end with string 'z',gul(?:lrai|r(?:ai|e))z
words that start with string 'gu' and contain substring 'lf' and end with string 'am',gul(?:lfaa|faa?)m
words that start with string 'gu' and contain substring 'm' and end with string 'n',gum(?:aa?|ma)n
words that start with string 'ha' and contain substring 's' and end with string 'l',ha(?:sill?|asil)
words that start with string 'h' and contain substring 'z' and end with string 'r',ha(?:azi|z[ei])r
words that start with string 'ha' and contain substring 'z' and 'r dim' or 'r dm' or 'r dam' and end with string 'g' or 'gh',ha(?:azir dima(?:ag|gh)|zirdimaag)
words that start with string 'ha' and contain substring 'z' and 'r dim' or 'r dm' or 'r dam' and end with string 'ghi' or 'gi',ha(?:azir dimagh?i|zir dimagh?i)
words that start with string 'ha' and contain substring 'z' and 'r jaw' or 'r jw' and end with string 'ab',ha(?:azir jawaa?b|zir jaww?ab)
words that start with string 'ha' and contain substring 'z' and 'r jaw' or 'r jw' and end with string 'abi',ha(?:zir jawaa?|azir jawa)bi
words that start with string 'hak' and contain substring 'bak' ,hak(?:aa baka|ka bakk)a
words that start with string 'ha' and contain substring 'lat e' and 's' and end with string 'kun' or 'koon' ,ha(?:alat e sa|lat e s[au])koon
words that start with string 'ham' and contain substring 'ya' and end with string 'ti' ,hama(?:a?i|ya)ti
words that start with string 'h' and contain substring 'm' and end with string 'd' ,hama?d
words that start with string 'ham' or 'hm' or 'hum' and contain substring 'd o s' and end with string 'na' ,hama?d o sana
words that start with string 'h' and contain substring 'md' and end with string 'rd' ,h(?:(?:amdara?|amder)d|umd[ae]rd)
words that start with string 'h' and contain substring 'm' and 'v' or 'w' and end with string 'r' ,ham(?:waa?r|var)
words that start with string 'h' and contain substring 's' and 'n' and end with string 'a' ,han?sna
words that start with string 'ha' and contain substring 'sa' and 'n' and end with string 'a' ,hansanaa?
words that start with string 'han' and contain substring 's'  and end with string 'i' ,hansii?
words that start with string 'h' and end with string 'k' or 'q' ,ha(?:qq?|aq)
words that start with string 'h' and end with string 'k' or 'q'  and end with string 'go' or 'gu',ha(?:qq?|aq) go
words that start with string 'h' and end with string 'k' or 'q'  and 'par' and end with string 'st',ha(?:q(?:q para| paru)st|aq par[au]st)
words that start with string 'h' and end with string 'k' or 'q'  and 'par' and end with string 'sti',ha(?:aq par(?:usti|ast)i|q(?:q para| paru)sti)
words that start with string 'h' and end with string 'k' or 'q'  and 'par m' or 'per m' and end with string 'bni',ha(?:q(?:q per mu| par ma)bni|aq pr mabni)
words that start with string 'h' and end with string 'k' or 'q'  and 'yaf' and end with string 'ta',ha(?:aq yaftaa?|q yafta)
words that start with string 'h' and end with string  'q'  and 'iq' or 'eq' and end with string 't',h(?:aq[eq]eqat|qeqat)
words that start with string 'h' and end with string  'q'  and 'iq' or 'eq' and end with string 'i',haq(?:(?:ee|i)|e)qi
words that start with string 'har' and end with string  'dil'  and 'az' and end with string 'z',har dil az(?:(?:ee|i)|e)z
words that start with string 'hasb' and contain substring ' e ' and end with string 'hish',hasb e kh(?:a[vw]ahish|[uw]ahish)
words that start with string 'has' and contain substring 'e' and end with string 'n',hasee?n
words that start with string 'h' and contain substring 'ash' and 'b' and end with string 'ash',hasha(?:sh basha|h bash)ash
words that start with string 'h' and contain substring and end with string 's',has[as]as
words that start with string 'h' and contain substring 'sl' and end with string 'wala',h(?:ausla?|osla)y wala
words that start with string 'haya' and contain substring 't e n' and end with string 'u' or 'o',haya(?:t e na?u|at e no)
words that start with string 'he' and contain substring 'r' and end with string 'a',he(?:raa?|era)
words that start with string 'h' and contain substring 'ra' and end with string 'n',h(?:a(?:[iy])?ran|eraa?n)
words that start with string 'h' and contain substring 'rat ang' and end with string 'z',h(?:airat angez|erat anga[ai]z)
words that start with string 'h' and contain substring 'rat za' and end with string 'da' or 'dah',h(?:airat zadah|e(?:erat zada|rat zadah))
words that start with string 'h' and contain substring 'day' and end with string 'at',h[aei]dayat
words that start with string 'h' and contain substring 'faz' and end with string 't',h(?:ifazaa?t|efazat)
words that start with string 'h' and end with string 'jab' or 'jaab',h(?:ijaa?b|ejab|ajab)
words that start with string 'h' and contain substring 'la' and 'm' and end with string 'la',h(?:ela me|ila mi)la
words that start with string 'h' and contain substring 'maya' and end with string 't',h(?:imayaa?t|emayat|amayat)
words that start with string 'h' and contain substring 'm' and end with string 'yati',h[eia]mayati
words that start with string 'h' and contain substring 'm' and end with string 't',himm?at
words that start with string 'him' and contain substring 'at' and 'wala',him(?:at walaa?|mat wala)
words that start with string 'h' and contain substring 'ba' and end with string 'ho' or 'hu',h(?:o bahoo|u bahu)
words that start with string 'h' and contain substring 'naha' and end with string 'r',h(?:onahaa?|unahaa)r
words that start with string 'ho' or 'hu' and contain substring 'sh' and end with string 'ar',h(?:o(?:oshiy|shiya)ar|ushiyar)
words that start with string 'h' and contain substring 'sh' and end with string 'ari',hoshyaa?ri
words that start with string 'h' and contain substring 's' and end with string 'la',hou?sla
words that start with string 'h' and contain substring 'km' and end with string 'i',hukm[ei]
words that start with string 'huk' and contain substring 'm' and end with string 'ena',huk(?:[au])?m dena
words that start with string 'hum' and contain substring 'ahan' and end with string 'g',h(?:um aa?hang|am ahang)
words that start with string 'hum' and contain substring 'ahan' and end with string 'gi',hum ahang[ei]
words that start with string 'h' and contain substring 'md' or 'm d' and end with string 'rd',h(?:um da?|am da)rd
words that start with string 'h' and contain substring 'mr' and end with string 'z',h(?:umraa?|amraa)z
words that start with string 'h' and contain substring 'n' and end with string 'r',hun[ae]r
words that start with string 'h' and contain substring 'nr' and end with string 'mand',hun[ae]rmand
words that start with string 'h' and contain substring 'nr m' or 'nrm' and end with string 'ndana',hun(?:er ma|arma?)ndana
words that start with string 'h' and contain substring 'rm' and end with string 't',h(?:urmaa?t|armat)
words that start with string 'husn' or 'husan' and contain substring 'khidm' and end with string 't',husa?n
words that start with string 'h' and contain substring 's' and end with string 'n',hus(?:an e khidma|n e khidm[ae])t
words that start with string 'h' and contain substring 's' and end with string 'l',h(?:as(?:oo|u)|usoo)l
words that start with string 'h' and contain substring 'l e m' and end with string 'qsad',h(?:(?:as(?:oo|u)l e ma|asol e m)|usool e ma)qsad
words that start with string 'h' and contain substring 'z' and end with string 'r',h(?:a(?:azu|z[ou])|uzoo)r
words that start with string 'h' and contain substring 'r w' and end with string 'ala',h(?:a(?:z(?:oor walaa?|ur wala)|azor wala)|uzoor wala)
words that start with string 'i' or 'e' and contain substring 'bt' and end with string 'da',(?:ebtida|ibt[ei]da)
words that start with string 'i' or 'a' or 'e' and contain substring 'dr' and end with string 'ak',[aei]draak
words that start with string 'i' or 'e' and contain substring 'j' and end with string 'd',(?:ijaa?d|ejad)
words that start with string 'i' or 'a' and contain substring 'khlaq' and end with string 'i',(?:ikhla|[Ia]khl)aqi
words that start with string 'i' or 'a' and contain substring 'khlaq' and end with string 'at',(?:Ikhlaqia|[ai]khlaqiy)at
words that start with string 'in' or 'an' or 'en' and end with string 'at',(?:inaya?|enay|anay)at
words that start with string 'ink' and contain substring 'sa' and end with string 're' or 'ri',ink(?:isaa?ri|asare)
words that start with string 'ink' and contain substring 'sh' and end with string 'f',ink(?:ishaa?f|eshaf)
words that start with string 'inq' and contain substring 'lab' and end with string 'i' or 'e',inqala(?:b(?:ee|i)|abi)
words that start with string 'insa' and contain substring 'niy' and end with string 't',insa(?:aniya|niy[ae])t
words that start with string 'int' and contain substring 'ha' and end with string 'e' or 'i',in(?:t(?:a(?:ha(?:ye|i)|ahae)|ehai)|hahae)
words that start with string 'iqti' and contain substring 'dar' and end with string 'ala',iqtida(?:ar e aal|r(?:e ala| e al))a
words that start with string 'i' and contain substring 'sla' and end with string 'h',islaa?h
words that start with string 'i' and contain substring 'sla' and 'k' and end with string 'rna',isla(?:ah ka|h ke?)rna
words that start with string 'i' and contain substring 'sla' and end with string 'hi' or 'he',isla(?:ahi|h[ei])
words that start with string 'ist' and contain substring 'qb' and end with string 'l',ist(?:aqbaa?|iqbaa)l
words that start with string 'i' or 'a' or 'e' and contain substring 'ta' and end with string 't',(?:itaa?|etaa|ataa)t
words that start with string 'it' and contain substring 'h' and end with string 'd',it(?:te|[ae])had
words that start with string 'itm' and contain substring 'n' and end with string 'an',itm[ie]naa?n
words that start with string 'it' and contain substring 'f' and end with string 'q',it(?:efa|(?:ta|f)f)aq
words that start with string 'i' or 'a' and contain substring 'z' and end with string 'fa',(?:izafah?|azafa)
words that start with string 'i' and contain substring 'z' and end with string 't',iz(?:aa?|za)t
words that start with string 'iz' and contain substring 't afz' and end with string 'i' or 'e',iz(?:aa?t afzae|zat afzai)
words that start with string 'ja' and contain substring 'n f' and end with string 'shani',ja(?:an fi|n f[ei])shani
words that start with string 'ja' and contain substring 'zib' and 'naz' or 'nz' and 'nand end with string 'r',ja(?:azib naza|zib naze?)r
words that start with string 'j' and contain substring 'i' or 'y' and end with string 'z',ja(?:ya|i)z
words that start with string 'jal' and contain substring 'al' and 'qad' and end with string 'r',jal(?:eel al qada?r|il al qada?r)
words that start with string 'j' and contain substring 'n' and 'b' and end with string 'ala',j(?:anaab e aa?la|nabe ala)
words that start with string 'j' and contain substring 'nash' and end with string 'n',ja(?:nash(?:ee|i)|anashi)n
words that start with string 'j' and contain substring 'sh' and end with string 'n',j(?:asha?n|shn)
words that start with string 'j' and contain substring 'y' or 'i' and end with string 'la',j(?:iy?|ay)ala
words that start with string 'jaz' and contain substring 'b n' or 'bn' and end with string 'r',jaz(?:ib naz[ae]r|eb nazr)
words that start with string 'j' and contain substring 'h' and end with string 'r',j(?:(?:ouha|oh[ae])|auha)r
words that start with string 'j' and contain substring 'no' or 'nu' and end with string 'n',j(?:an(?:oo|u)|unoo)n
words that start with string 'j' and contain substring 'z' and end with string 'a',j(?:[ai]z|za)a
words that start with 'kh' and contain substring 'bs' and end with string 'rat',kh(?:o[ou]bs(?:oo|u)rat|ubs(?:oo|u)rat)
words that start with string 'kam' and contain substring 'i' or 'y' and end with string 'b',kam[iy]aa?b
words that start with string 'kam' and contain substring 'i' or 'y' and end with string 'bi',kam(?:yaa?bi|iabi)
words that start with string 'kh' and contain substring 'l' and end with string 's',kh(?:al(?:oo|u)|uloo)s
words that start with string 'kh' and end with string 'sh',kh[ou]sh
words that start with string 'khu' and contain substring 'sh',khush(?:[ei]e|[ei]|y)
words that start with string 'kh' and end with string 'ish',kh(?:uwah|(?:(?:(?:wah|o)|wa)|ah))ish
words that start with string 'm' and contain substrig 'hf' and end with string 'z',m(?:ehf(?:oo|u)|ahfuu)z
words that start with string 'malk' and contain substring 't' and end with string 'i',malk[ou]ti
words that start with string 'mam' and contain substring 'o' or 'u' and end with string 'n',mam(?:oo|u|ou)n
words that start with string 'mam' and contain substring 'o' or 'u' and end with string 'r' or 're',mam(?:ore|o[ou]r|uur)
words that start with string 'm' and end with string 'l',m(?:a(?:il|le)|el)
words that start with string 'm' and contain substring 'jm' and end with string 'a',m(?:ajm[ou]a|jmua)
words that start with string 'ma' and contain substring 'nz' and end with string 'ri',manz(?:oo|u)ri
words that start with string 'ma' and contain substring 'r' and end with string 'f',mar(?:oo|u)f
words that start with string 'ma' and contain substring 's' and end with string 'd',mas(?:oo|u)d
words that start with string 'ma' and contain substring 's' and end with string 'm',mas(?:oo|u)m
words that start with string 'ma' and contain substring 'sr' and end with string 'r',masr(?:oo|u)r
words that start with string 'm' and contain substring 'z' and end with string 'k' or 'q',m(?:aza[kq]|zak)
words that start with string 'm' and contain substring 'z' and end with string 'e' or 'y',m(?:az(?:[ae]y|ze)|zay)
words that start with string 'm' and contain substring 'h' and 'r' and end with string 'ban',m(?:(?:ahe|h)|eha)rban
words that start with string 'm' and contain substring 'hb' and end with string 'ob or 'ub',m(?:ehb(?:oo|u)|ahboo)b
words that start with string 'm' and contain substring 'hn' and end with string 't',m(?:ahni?t|ehn[au]t)
words that start with string 'm' and contain substring 'la' and end with string 'n',m(?:elaa?|ilaa)n
words that start with string 'm' and contain substring 'ya' and end with string 'r',m(?:aiy|eya)ar
words that start with string 'm' and contain substring 'sal' and end with string 'i',m[ai]sali
words that start with string 'm' and contain substring 's' and end with string 'l',m[ai]sa?l
words that start with string 'm' and contain substring 'th' and end with string 'a',m(?:ee|i)tha
words that start with string 'm' and contain substring 'z' and end with string 'j',m(?:(?:izaa?|aza)|zaa)j
words that start with string 'mo' and contain substring 'tab' and end with string 'r',mo(?:tab(?:ar|i)|ataba)r
words that start with string 'mo' and contain substring 'h' and end with string 'r',moh[ae]r
words that start with string 'm' and contain substring 'j' and 'z' and end with string 'a',mo(?:ji?|uj)za
words that start with string 'mo' and contain substring 'z' and end with string 'u' or 'o',moz(?:oo|u)
words that start with string 'mo' and contain substring 'z' and end with string 'n' or 'u',mo(?:zo[ou]n|uzu
words that start with string 'm' and contain substring 'v' or 'w' and end with string 'in',m(?:(?:a(?:av|[vw])|oav)|uaw)in
words that start with string 'm' and contain substring 'wz' or 'z' and end with string 'a',m(?:uaw|a[vw])za
words that start with string 'mo' or 'mu' and contain substring 'z' and end with string 'z',m(?:uaz|oa?)ziz
words that start with string 'm' and contain substring 'bar' and end with string 'k',m(?:obarak|ubar[ai]k)
words that start with string 'm' and contain substring 'f' and end with string 'd',m(?:uf(?:ee|i)|afee)d
words that start with string 'm' and contain substring 'haf' and end with string 'z',m[aou]hafiz
words that start with string 'm' and contain substring 'h' and end with string 't',m[aou]h(?:ee|i)t
words that start with string 'm' and contain substring 'hk' and end with string 'm',m[ou]hk[ai]m
words that start with string 'm' and contain substring 'kaf' and end with string 'at',m(?:ukafa|[ao]kaf)at
words that start with string 'm' and contain substring 'mt' and end with string 'z',m[aou]mtaz
words that start with string 'm' and contain substring 'q' and end with string 'dar',m[au]qadd?ar
words that start with string 'm' and contain substring 'ra' and end with string 'd',m(?:uraa?|oraa)d
words that start with string 'm' and contain substring 'sb' and end with string 't',m[au]sbat
words that start with string 'm' and contain substring 'tab' and end with string 'iq' or 'ik',m(?:otabi[kq]|utabiq)
words that start with string 'mat' or 'mut' and contain substring 'waz' and end with string 'n',m(?:utawaza|atwaz[ai])n
words that start with string 'm' and contain substring 'zaf' and end with string 'r',m(?:(?:uzaff?|uzzaf)|azaff)ar
words that start with string 'n' and contain substring 'z' and end with string 'k',na(?:(?:z(?:o[ou]|u)|zo)|azu)k
words that start with string 'n' and contain substring 'f' and end with string 'a',naf(?:aa?|fa)
words that start with string 'n' and contain substring 'a' or 'e' and end with string 'k',n(?:a[iy]|ek)k
words that start with string 'n' and contain substring 'm' and 'da' and end with string 'r',nam[ou]daa?r
words that start with string 'n' and contain substring 'm' and end with string 'na',nam(?:(?:oo|u)|o)na
words that start with string 'n' and contain substring 'ti' or 'te' and end with string 'ja',nat(?:(?:ee|i)|hi)ja
words that start with string 'n' and contain substring 'k' and end with string 'i',n(?:a[iy]ki|eki)
words that start with string 'n' and contain substring 'ha' and end with string 'yat',n[aei]hayat
words that start with string 'o' or 'u' and contain substring 'n' and end with string 'cha',(?:uo?ncha|o[ou]ncha)
words that start with string 'p' and contain substring 'a' and end with string 's',paa?ss?
words that start with string 'pa' and contain substring 'id' or 'ed' and end with string 'ar',pa(?:[ei]da|yed)ar
words that start with string 'p' and end with string 'sh',p(?:a[iy]sh|[ey]sh)
words that start with string 'p' and contain substring 'a' and end with string 'k',paa?k
words that start with string 'pak' and contain substring 'i' or 'e' and end with string 'za',pak(?:ee|i)za
words that start with string 'par' and contain substring 's' and end with string 'tar',par(?:[ai]s|si)tar
words that start with string 'p' and contain substring 's' and end with string 'nd',pa?sa?nd
words that start with string 'pz' and contain substring 'z' and end with string 'r',paz(?:ee|i)r
words that start with string 'p' and end with string 'r',p(?:ee|i)r
words that start with string 'p' and contain substring 'h' and 'l' and end with string 'a',p(?:ha?|[ae]h)la
words that start with string 'p' and contain substring 'n' and end with string 'pna',p(?:(?:anu|n)|ina)pna
words that start with string 'p' and contain substring 'o' or 'u' and end with string 'ra',p(?:oo|u)ra
words that start with string 'pur' and contain substring 's' and 'k' and end with string 'n',purs(?:ak(?:oo|u)|ukoo)n
words that start with string 'p' and contain substring 'y' and end with string 'r',p(?:yaa?|[ei]ya)r
words that start with string 'p' and contain substring 'y' and end with string 'ra',p(?:(?:e?y|e)|iy)ara
words that start with string 'q' or 'k' and contain substring 'b' and end with string 'l',[kq]abil
words that start with string 'q' or 'k' and contain substring 'bli' and end with string 'at',[kq]abliy?at
words that start with string 'q' and contain substring 'nu' or 'no' and end with string 'ni',qan(?:u|oo)ni
words that start with string 'q' or 'k' and contain substring 'ra' and end with string 'r',(?:qaraa?|karaa)r
words that start with string 'q' or 'k' and contain substring 'm' and end with string 't',[kq](?:ee|i)mat
words that start with string 'q' or 'k'and contain substring 'y' and end with string 'm',(?:kayam|q[ai]yam)
words that start with string 'q' and contain substring 'au' or 'ou' and end with string 'l',q(?:ou?|au)l
words that start with string 'r' and end with string 'zi',raa?zi
words that start with string 'rab' and end with string 'ta',rabi?ta
words that start with string 'r' and contain substring 'ng' and end with string 'een',r[au]ngeen
words that start with string 'rash' and end with string 'k',rasha?k
words that start with string 'r' and contain substring 'h' and end with string 'm',r(?:eha?|aha)m
words that start with string 'r' and contain substring 'hm' and end with string 't',r[ae]hmat
words that start with string 'r' and contain substring 'n' and end with string 'k' or 'q',rona[kq]
words that start with string 's' and contain substring 'a' and end with string 'th' or 't',saa?th?
words that start with string 's' and contain substring 'b' and end with string 'r',sa?ba?r
words that start with string 's' and contain substring 'u' or 'a' and end with string 'ch',s[au]ch
words that start with string 's' and contain substring 'u' or 'a' and 'm' and end with string 'ch',s[au]ch m[au]ch
words that start with string 's' and contain substring 'a' and end with string 'i' or 'e' or 'h',sa(?:h(?:ih?|e)|i)
words that start with string 'sah' and contain substring 'o' r 'u' and end with string 'lat',sah(?:oo|u)lat
words that start with string 's' and contain substring 'rf' and end with string 'rosh',s(?:arf[ai]|irfa)rosh
words that start with string 's' and contain substring 'h' and end with string 'r',s(?:ah[ae]|eha)r
words that start with string 'sh' and contain substring 'f' and end with string 'q',shaf(?:ee|i)q
words that start with string 'sh' and contain substring 'g' and end with string 'fay',shag(?:oo|u)fay
words that start with string 'sh' and contain substring 'r' and end with string 'dil',sh(?:air |er ?)dil
words that start with string 'sh' and contain substring 'r' and end with string 'm',sh(?:(?:(?:ara|r)|ar)m|ere?m)
words that start with string 'sh' and contain substring 'r' and end with string 'f',shar(?:ee|i)f
words that start with string 'sh' and contain substring 'r' and end with string 'fana',shar(?:ee|i)fana
words that start with string 'sh' and contain substring 'r' and end with string 'f',sha?ra?f
words that start with string 'sh' and contain substring 'r' and end with string 'n',sh(?:e(?:er|re)en|irin)
words that start with string 'sh' and contain substring 'f' and end with string 'a',sh[ia]faa?
words that start with string 'sh' and contain substring 'u' or 'o' and end with string 'k' or 'q',sh(?:au[kq]|oq)
words that start with string 'sh' and contain substring 'k' or 'q' and end with string 'een',sh(?:au[kq]een|oqeen)
words that start with string 'sh' and contain substring 'ug' and end with string 'l',shugh?al
words that start with string 's' and contain substring 'fari' and end with string 'sh',s(?:efaraish ka|(?:afarish ke|ifarish ka))rna
words that start with string 's' and contain substring 'l' and end with string 'ah' or 'a',sill?ah?
words that start with string 's' and contain substring 'r' and end with string 'mah' or 'ma',s(?:oo|u)rmah?
words that start with string 's' and end with string 'hana',s[ou]hana
words that start with string 's' and contain substring 'ko' or 'ku' and end with string 'n',s(?:(?:uk(?:oo|u)|koo)|akoo)n
words that start with string 's' and contain substring 'nd' and end with string 'r',sund[ae]r
words that start with string 's' and contain substring 'neh' and end with string 'ra',s[ou]nehra
words that start with string 's' and contain substring 'nehr' and end with string 'i' or 'y',s[ou]nehr[iy]
words that start with string 's' and contain substring 'r' and end with string 'ur' or 'or',s(?:ar(?:oo|u)|uroo)r
words that start with string 't' and contain substring 'q' and end with string 't',taa?qat
words that start with string 't' and end with string 'z' or 'x',t(?:e(?:(?:zz|x)|z)|aiz)
words that start with string 't' and contain substring 'z' and end with string 'i',t(?:ezz?|aiz)i
words that start with string 'tala' and end with string 'fi',talaa?fi
words that start with string 'tal' and contain substring 'u' and end with string 'k' or 'q',tal(?:lu[kq]|u[kq])
words that start with string 'ta' and contain substring 'me' and end with string 'ri',ta(?:amee|mee?)ri
words that start with string 'tand' and contain substring 'r' end with string 'st',tand(?:[au])?rust
words that start with string 'taqd' and end with string 'r',taqd(?:ee|i)r
words that start with string 'tar' and end with string 'qi' or 'ki',tar(?:(?:a(?:qq|k)|aq)|qq)i
words that start with string 'ta' and contain substring 'r' and end with string 'f',tar(?:e[ae]f|if)
words that start with string 'tar' and contain substring 'j' and end with string 'j',tarj(?:ee|i)h
words that start with string 't' and contain substring 'sal' and end with string 'i',t(?:asall?|sall)i
words that start with string 'task' and end with string 'n',task(?:ee|i)n
words that start with string 'tasl' and end with string 'm',tasl(?:ee|i)m
words that start with string 'tawa' and contain substring 'j' and end with string 'h' or 'o' or 'u',tawaj(?:ah|a|o)
words that start with string 't' and contain substring 'y' and end with string 'ar',t(?:ayy?|(?:ai|[ei])y)ar
words that start with string 'taz' and end with string 'm',taz(?:ee|i)m
words that start with string 'tehs' and end with string 'n',tehs(?:ee|i)n
words that start with string 'th' and end with string 'nda',th[au]nda
words that start with string 'th' and end with string 'k',the(?:[ae])?k
words that start with string 't' and contain substring 'oh' or 'uh' and end with string 'eed',t(?:o|ou|au)heed
words that start with string 'a' or 'u' and contain substring 'b' and end with string 'r',[au]boor
words that start with string 'o' or 'u' and contain substring 'md' and end with string 'a',(?:umdah?|omdah)
words that start with string 'o' or 'u' and contain substring 'mee' and 'afz' and end with string 'a',[uo]meed afza
words that start with string 'a' or 'u' and contain substring 'r' and end with string 'j',[au]r(?:u|oo)j
words that start with string 'a' or 'u' and contain substring 's' and end with string 'l',(?:as(?:oo|u)|usoo)l
words that start with string 'us' and contain substring 't' and end with string 'd',ustaa?d
words that start with string 'u' or 'a' and contain substring 'stw' and end with string 'ar',[ua]stwaar
words that start with string 'wa' and contain substring 'k' or 'q' and end with string 'f',wa(?:aqi|k[ai])f
words that start with string 'was' and contain substring 'o' or 'u' and end with string 'li',was(?:oo|u)li
words that start with string 'waz' and end with string 'h' or 'y',waz(?:ay|eh|ey)
words that start with string 'waz' and end with string 'fa',waz(?:ee|i)fa
words that start with string 'ya' and contain substring 'd' and 'g' and end with string 'r',yaa?d(?: )gaa?r
words that start with string 'ya' and contain substring 'r' and end with string 'i',ya(?:r(?:ii?|ri)|ari)
words that start with string 'ya' and contain substring 'k' or 'q' and end with string 'een',ya[kq]een
words that start with string 'ya' and contain substring 'k' or 'q' followed by 'n' and end with string 'n',ya[kq]een(?:a|o|u)n
words that start with string 'ya' and contain substring 'k' or 'q' and end with string 'eeni',ya[kq]eeni
"words that start with string 'z' and contain substring 'b' , 'r' , 'd' and 's' and end with string 't' or 'th'",z(?:ab(?:ardusth|bardast|(?:arda|erd[au])st)|(?:ubrda|brd)st)
words that start with string 'zah' and contain substring 'o' or 'u' and end with string 'r',zah(?:oo|u)r
words that start with string 'z' and end with string 'qa' or 'ka',za(?:aiqa|i[kq])a
words that start with string 'z' or 'x' and contain substring 'r' end with string 'k',(?:z(?:ai|e)rak|xerak)
words that start with string 'zam' and end with string 'n',zam(?:i|ee)n
words that start with string 'zar' and end with string 'n',zar(?:ee|i)n
words that start with string 'zarkh' and end with string 'zi',zarkh(?:ai|e)zi
words that start with string 'z' and contain substring 'r' end with string 'ri',z(?:ar(?:(?:oo|u)|o)ri|ruri)
words that start with string 'z' and end with string 'ti',z(?:ayad?ti|i(?:ad|ya)ti)
words that start with string 'zim' and contain substring 'd' and end with string 'ar',zim(?:ma da|(?:(?:ay|e)|a)d)ar
words that start with string 'zim' and contain substring 'd' and end with string 'ari',zim(?:ma da|(?:(?:ay|e)|a)d)ari
words that start with string 'z' and end with string 'k' or 'q',z(?:auk|o(?:ok|u[kq]))
words that start with string 'z' and contain substring 'y' or 'i' or 'e' and end with string 'da',z(?:(?:iya|(?:[iy]a|y))|aya)da
words that start with string 'int' and end with string 'zar',int[ie]zar
words that start with string 'ash' and end with string 'b',ash(?:(?:oo|u)|o)b
words that start with string 'anho' and end with string 'ni',anhoo?ni
words that start with string 'a' or 'u' and contain substring 'ndek' end with string 'a',[au]ndekha
words that start with string 'as' and contain substring 'o' or u' and end with string 'l',as(?:oo|u)l
words that start with string 'aqw' and end with string 'l',aqwaa?l
words that start with string 'a' and contain substring 's'' and end with string 'a',aa?sa
words that start with string 'tar' or ''tr' and contain substring 'q' or 'k' and end with string 'e' or 'y',t(?:ar(?:eeqay|(?:iqay|(?:ek|iq)e))|reqay)
words that start with string 'm' and contain substring 'naf' and end with string 'k' or 'q',m(?:onafiq|unaf(?:ak|iq))
words that start with string 'a' and contain substring 'm' and end with string 'n',amaa?n
words that start with string 'p' and contain substring 'kh' and 't' and end with string 'a' or 'h',p[ou]kha?tah?
words that start with string 'ihk' or 'ahk' or 'ehk' and end with string 'm',(?:ihka|[ae]hk)am
words that start with string 'aj' or 'ij' and contain substring 'tama' and end with string 'i' or 'e',[ai]jtama[ie]
words that start with string 'inf' and contain substring 'rad' and end with string 'i',infa?radi
words that start with string 'ikht' or 'akht' and contain substring 'y' and end with string 'r',?:akht(?:ey|ya)ar|ikht(?:[ei]y|ya)ar)
words that start with string 'iq' or 'aq' and contain substring 'd' and end with string 'r',[ai]qdaa?r
words that start with string 'a' and contain substring 'l' and end with string 'g',ala?g
words that start with string 'kir' or 'kr' and contain substring 'd' end with string 'r',k(?:ir(?:\-daa|daa?)r|(?:erda|rd)r)
words that start with string 'bar' or 'ber' or 'br' and contain substring 'sht'',b(?:ard(?:ashth?|sht)|erdasht|rdasht)
words that start with string 'zar' and end with string 'ia' or 'ya',zar(?:(?:i?y|i)|ey)a
words that start with string 'ud' and contain substring 's' and end with string 'i',uda(?:s(?:ii?|si)|asi)
words that start with string 'adh' and contain substring 'o' or 'u' and end with string 'ra',adh(?:(?:oo|u)|o)ra
words that start with string 'and' and end with string 'r',and(?:[ae])?r
words that start with string 'am' and contain substring 'e' or 'i' end with string 'r',am(?:ee|i)r
words that start with string 'itt' and contain substring 'f' and end with string 'q',(?:Ittifa|ittef)aq
words that start with string 'au' or 'ou' and contain substring 'z' and end with string 'r',(?:auzaa?|ozaa)r
words that start with string 'u' or 'o' and contain substring 'nch' and end with string 'a',(?:(?:o[ou]|u)|o)ncha
words that start with string 'ist' and contain substring 'm' and end with string 'l',ist(?:emaa?l|amal)
words that start with string 'int' and contain substring 'h' and end with string 'a',(?:Iinteha|int[ae]h)a
words that start with string 'im' or 'em' and contain substring 'ndar' and end with string 'i',[ie]maa?ndari
words that start with string 'ish' and contain substring 'k' or 'q' and end with string 'a',ish(?:qiy?a|kia)
words that start with string 'm' and contain substring 'haf' and end with string 'z',m(?:ohaf[iu]|uhafi)z
words that start with string 'inq' and contain substring 'l' and end with string 'ab',inq(?:(?:ala|il)|uil)ab
words that start with string 'ib' or 'eb' and contain substring 'r' and end with string 't'',[ei]brat
words that start with string 'ib' or 'eb'  or 'ab' and contain substring 'd' and end with string 'at',[eai]badat
words that start with string 'n' and contain substring 'm' and end with string 'z',n(?:amaa?|ima)z
words that start with string 'w' and contain substring 'f' and end with string 'a',w(?:af(?:a |fa)|(?:ef|fa)a)
words that start with string 'kh' and contain substring 'b' and end with string 'r',khab[ae]r
words that start with string 'p' and contain substring 'y' and end with string 'r',p(?:yaa?|[ei]ya)r
words that start with string 'taf' and contain substring 's' and end with string 'l',tafs(?:ee|i)l
words that start with string 'ta' and contain substring 'l' and end with string 'a' or 'h',ta(?:ala|la[ h])
words that start with string 'aj' and end with string 'r',aj(?:[ae])?r
words that start with string 'a' and contain substring 'kh' and end with string 'r',a(?:akh[ei]r|khar)
words that start with string 'ag' and contain substring 'w' or 'v' end with string 'a' or 'h',ag(?:h[vw]a|wah)
words that start with string 'aq' or 'ak' and end with string 'li',a(?:(?:ka|q)|k)li
words that start with string 'a' and contain substring 'h' and end with string 'ng',a(?:ah[au]ng|hang)
words that start with string 'a' and end with string 'yash',a(?:yy?|[ei]y)ash
words that start with string 'adr' and end with string 'k',a(?:adra|dra?)k
words that start with string 'as' and end with string 'l',asa?l
words that start with string 'at' or 'it' and end with string 'r',[ai]ta?r
words that start with string 'ata' and contain substring 'lw' and end with string 'e' or 'y' or 'i',at(?:alw[eiy]|lwi)
words that start with string 'a' and contain substring 'r' and end with string 'zi',aa?rzi
words that start with string 'ab' and end with string 'r',ab(?:[ae])?r
words that start with string 'a' and contain substring 'ngr' and end with string 'i',a(?:ngray?i|graii)
words that start with string 'f' and contain substring 'l' and end with string 'd',f(?:aulaa?|[ou]laa)d
words that start with string 'feh' and end with string 'm',feh(?:[au])?m
words that start with string 'f' and contain substring 'r' and end with string 'n',f(?:ir(?:a[ou]|o)|arao)n
words that start with string 'f' and contain substring 's' and end with string 'de' or 'di',f(?:asad[ei]|sadi)
words that start with string 'fo' or 'fu' and contain substring 'z' end with string 'la',f(?:uzlah?|ozlah)
words that start with string 'fo' or 'fa' or 'fu' and contain substring 'l' end with string 'd',f(?:(?:olaa?|ula)|aula)d
words that start with string 'f' and contain substring 't' and end with string 'h',fat[ae]h
words that start with string 'fo' or 'fa' and contain substring 'j' or 'g' and end with string 'e' or 'i',f(?:o(?:uji|(?:g[ei]|ji))|auji)
words that start with string 'fo' or 'fa' and end with string 'g' or 'j',f(?:o(?:je?|uj)|auj)
words that start with string 'f' and contain substring 's' and end with string 'l',f(?:a(?:(?:is[au]|is)|esu)l|sl)
words that start with sring 'f' and contain substring 's' and end with string 'k' or 'q',f(?:is[kq]|s[kq])
words that start with string 'fakh' and end with string 'r',fakh(?:[ae])?r
words that start with string 'f' and contain substring 'r' and end with string 'sh',f[au]ra?sh
words that start with string 'f' or 'f' and end with string 'rka' or 'rqa,f[ie]r[kq]a
words that start with string 'far' or 'fur' and contain substring 'l' and end with string 'ng',f[au]rl[ao]ng
words that start with string 'far' and end with string 'r',faraa?r
words that start with string 'f' and contain substring 'k' and end with string 'r',fika?r
words that start with string 'fa' and end with string 'teh',faa?teh
words that start with string 'f' and end with string 'da',f(?:a[eiy]da|yda)
words that start with string 'faz' or 'faaz' or 'fuz' and end with string 'la' or 'lah',f(?:azlah?|(?:aa|u)zla)
words that start with string 'fa' and contain substring 't' end with string 'mi' or 'me' or 'my',fatim[yie]
words that start with string 'fr' and end with string 'd',fra(?:u|a)d
words that start with string 'far' or 'faar' and contain substring 'g',farigh?
words that start with string 'fa' or 'fi' and end with string 'yaz',f(?:ayy?|iy)az
words that start with string 'fa' and end with string 'l',fa(?:a|l)l
words that start with string 'fahm' or 'fehm' and end with string 'da',f[ae]hm(?:ee|i)da
words that start with string 'f'' and contain substring 'r' and end with string 'k' or 'q',f(?:[au]r[kq]|rk)
words that start with string 'fr' or 'far' and end with string 'zi' or 'ze',f(?:ar(?:xi|z[ei])|rzi)
words that start with string 'far' and contain substraing 'b' end with string 'e' or 'i',far(?:eb(?:(?:ee|i)|e)|aibi)
words that start with string 'fal' or 'faal' and contain substraing 't' and end with string 'o' or 'u',fa(?:lt(?:hu|[ou])|alt[ou])
words that start with string 'faz' or 'faaz' and end with string 'l',fa(?:zii?|azi)l
words that start with string 'faris' and end with string 'a',faris(?:hth?a|ta)
words that start with string 'a' and contain substring 'br' and 'r' and end with string 'z' or 'x',a(?:broo raiz|abr(?:u re[xz]|oraiz))
words that start with string 'aap' and contain substring 's' or 'bah' and end with string 'r',a(?:dam khore?|adam khor)
words that start with string 'a' and contain substring 'f' and end with string 't',aa?fat
words that start with string 'a' and contain substring 'fat' and 'anga' and end with string 'z',a(?:afat angai|fat anga)z
words that start with string 'a' and contain substring 'fat' and 'za' and end with string 'da' or 'dah',a(?:afat zadah|fat zada)
words that start with string 'a' and contain substring 'g' or 'bag' and end with substring 'ola',a(?:ag Bagh|g bag)ola
words that start with string 'a' and contain substring 'g' or 'laga' and end with substring 'na',aag(?: Lagaa?|a Laga)na
words that start with string 'a' and end with string 'g' or 'gh',aagh?
words that start with string 'a' and contain substring 'ghaz' or 'e' and end with string 'jung',a(?:aghaz e |ghaz\-e\-)Jung
words that start with string 'aah' and contain substring 'o' or 'za' and end with string 'ri',aah (?:(?:o Zawa|o Zaa?)|O Zaa)ri
words that start with string 'aah' and contain substring 'o' or 'za' and end with string 'ri',aah(?: ?o)? zari
words that start with string 'a' and contain substring 'lo' or 'loo' or 'lu' and end with string 'da',a(?:al[ou]|loo)da
words that start with string 'a' and end with string 'm',aa?m
words that start with string 'a' and contain substring 'nk' or 'nka' and end with string 'ra',a(?:anka?ra|nka?ra)
words that start with string 'aap' and contain substring 's' or 'bah' and end with string 'r',aap(?:ay Say Baha|(?:y Say Bah| Se Baha))r
words that start with string 'a' and contain substring 'a' or 'r' and end with string 'r',a(?:rr?|ar)
words that start with string 'aar' and end with string 'a' or 'h',aara[ah]?
words that start with string 'a' and contain substring 'r' and end with string 'i' or 'ee' or 'y',a(?:ar(?:ee|[iy])|ri)
words that start with string 'a' and contain substring 'sabi' and 'p' and end with string 'reshani',a(?:asabi Pa|sabi P)reshani
words that start with string 'a' and contain substring 's' and end with string 'i' or 'y' or 'ee' or 'ey',a(?:as(?:i[ey]|e[ey]|i|y)|si)
words that start with string 'aat' or 'at' and contain substring 'sh' and 'af' and end with string 'roz',a(?:t(?:(?:eesh afro[sz]|ish afrooz)|is afroz)|atish? afroz)
words that start with string 'aat' or 'at' and contain substring 'sh' and 'd' and end with string 'n',a(?:atish(?: da|d)an|tish(?: da|d)an)
words that start with string 'a' and contain substring 'w' and end with string 'ara',a(?:waa?|awa)ra
words that start with string 'a' and end with string 'z' or 'zh' or 's',a(?:a(?:zh|az|z|s)|z)
words that start with string 'a' and contain substring 'z' and end with string 'ar',a(?:azaa?r|zar)
words that start with string 'a' and contain substring 'z' and 'rda' and end with string 'dil',a(?:azurdah? dil|z[aou]rda dil)
words that start with string 'a' and contain substring 'bhag' and end with string 'i' or 'hi' or 'ee' or 'y',abhag(?:ee|hi|[iy])
words that start with string 'abla' and contain substring 'ang' and end with string 'z',abla(?:(?: anga(?:ay|i)| angaa)z|a anga[aiy]z)
words that start with string 'a' or 'i' and contain substring 'blees' and end with string 'ana',[ai]bleesana
words that start with string 'a' and contain substring 'br' and 'al' and end with string 'od',a(?:abra|ba?r) alood
words that start with string 'a' and contain substring 'bta' and 'r' and end with string 'i' or 'ee' or 'ey',abta(?:r(?:e[ey]|i)|ari)
words that start with string 'a' and contain substring 'ch' and 'an' and end with string 'k',ach(?:anakk?|hanak|an[eiu]k)
words that start with string 'adam' and contain substring 'ehs' and end with string 's',adam(?:(?: Ehs(?:sa)?| Ehas)as|e Eha?sas)
words that start with string 'adam' and contain substring 'tas' and 'l' and end with string 'sal',adam tasals[au]l
words that start with string 'adam' and contain substring 'taw' and 'z' and end with string 'n',adam tawaz[au]n
words that start with string 'a' and contain substring 'da' and 'wa' or 'va' and end with string 't' or 'h',ada(?:wa(?:(?:ath|t)|at)|avat|vat)
words that start with string 'a' and contain substring 'dh' and end with string 'ra',adh(?:(?:oo|u)|o)ra
words that start with string 'adh' and contain substring 'ra' and end with string 'pan',adh(?:(?:oo|u)|o)ra Pan
words that start with string 'a' and contain substring 'dn' and end with string 'a' or 'ah',adnah?
words that start with string 'a' and contain substring 'e' or 'i' and end with string 'za',a[ei]za
words that start with string 'a' or 'i' and contain substring 'fr' and 'a' and end with string 't',[ai]fraa?t
words that start with string 'a' and contain substring 'fso' and 'sn' and end with string 'ak',afso(?:osnaa|snaa?)k
words that start with string 'a' and contain substring 'fs' and 'o' or 'u' and end with string 's',afs(?:(?:oo|u)|o)s
words that start with string 'a' and contain substring 'fs' and 'r' and end with string 'da' or 'dah',afs(?:urdah?|orda)
words that start with string 'a' or 'i' and contain substring 'g' and 'w' and end with string 'a',(?:ag(?:hwa|w)|ighw)a
words that start with string 'a' and contain substring 'it' and 'r' and end with string 'az',aite?raa?z
words that start with string 'a' and contain substring 'j' and end with string 'l',aj(?:(?:(?:al)?|a)|ja)
words that start with string 'a' and contain substring 'j' and 'i' or 'e' and end with string 'b',aj(?:ee|i)b
words that start with string 'a' and contain substring 'kh' and end with string 'r',a(?:akh[aei]r|khar)
words that start with string 'a' and contain substring 'l' and 'hd' and end with string 'a' or 'ah',al(?:ahdah?|ehda)
words that start with string 'a' and contain substring 'l' and 'd' and end with string 'a' or 'h',a(?:al(?:oo|u)da|l(?:oo|u)dah)
words that start with string 'a' and contain substring 'l' and 'd' and end with string 'gi',a(?:al(?:oo|u)dgi|l(?:oo|u)dgi)
words that start with string 'a' and contain substring 'na' and end with string 'ri',anaa?ri
words that start with string 'a' and contain substring 'ndh' and end with string 'r',andh(?:ai|e)r
words that start with string 'a' and contain substring 'ndh' and end with string 'ra',andh(?:ai|e)ra
words that start with string 'a' or 'u' and contain substring 'nj' and end with string 'an',[au]njaa?n
words that start with string 'ant' or 'int' and contain substring 'p' and 's' and 'n' and edn with string 'do' or 'don',(?:int(?:eha pasandon?|aha pasandon)|ant(?:aha pasando|hapsndon))
words that start with string 'a' and contain substring 's' and 'e' or 'ai' and end with string 'b',a(?:as(?:ai|e)|sai)b
words that start with string 'a' and contain substring 't' and end with string 'l',at[au]l
words that start with string 'a' and contain substring 'y' and end with string 'ar',(?:(?:a[ei]|i)ya|ay[ay])ar
words that start with string 'a' and contain substring 'y' and end with string 'ri',(?:(?:a(?:y|[ei])y|ay)|iya)ari
words that start with string 'a' and contain substring 'ya' and end with string 'sh',a(?:[ei]ya|y[ay])ash
words that start with string 'a' and contain substring 'za' and end with string 'b',azaa?b
words that start with string 'a' or 'i' and contain substring 'z' and 'y' and end with string 'at',(?:[ai]ziy|Azi)at
words that start with string 'b' and contain substring 'a' and 'g' and end with string 'i',ba(?:agh|gh|ag)i
words that start with string 'b' and contain substring 'a' and 't' and end with string 'l',baa?t[ie]l
words that start with string 'b' and contain substring 'chn' and end with string 'a',ba?chna
words that start with string 'bad' or 'bd' and contain substring 'kh' and 'l' and end with string 'qi',bad [ai]khlaa?qi
words that start with string 'b' or 'at' and contain substring 'd l' or 'dl' and 'ha' and end with string 'z',B(?:(?:ad Leha|d Leh)az|ud L[ei]haaz)
words that start with string 'b' and contain substring 'd' and 'u' and end with string 'a',b(?:ad(?:duaa?| dua)|duaa)
words that start with string 'b' and contain substring 'adg' and 'm' and end with string 'n',badg[uo]maa?n
words that start with string 'b' and contain substring 'adg' and 'm' and end with string 'ni',badg[uo]maa?ni
words that start with string 'b' and contain substring 'dh' or 'rh' or 'rr' and end with string 'e' or 'ay' or 'ey',ba(?:rr(?:ha|e)y|dh(?:ay|e))
words that start with string 'b' and contain substring 'dn' and 's' and end with string 'b',badnas(?:ee|i)b
words that start with string 'b' and contain substring 'dr' and 'o' or 'u' and end with string 'h',badr(?:oo|u)h
words that start with string 'b' and contain substring 'ds' and 'r' and end with string 'at',bads(?:oo|u)rat
words that start with string 'b' and contain substring 'ds' and 'r' and end with string 'ti',ba?ds(?:oo|u)rti
words that start with string 'b' and contain substring 'd' or 't' and 'm' and end with string 'zi' or 'xi',ba(?:dtamee?zi|(?:tame[xz]|tmeez)i)
words that start with string 'b' and contain substring 'g' and 'awa' and end with string 't',b(?:ag(?:ha)?|hag)awat
words that start with string 'b' and contain substring 'g' and 'a' or e and end with string 'r',b(?:ag(?:h(?:ai|e)|e)|ega)r
words that start with string 'b' and contain substring 'e' or 'a' and 'k' and end with string 'ar',b(?:aikaa?r|ekaa?r)
words that start with string 'b' and contain substring 'r' and end with string 'ni',b(?:air(?:oo|u)ni|er(?:oo|u)ni)
words that start with string 'b' and contain substring 'k' and end with string 'na',ba?kna
words that start with string 'b' and contain substring 'kwa' and end with string 's',b(?:akwaa?s|kwaa?s)
words that start with string 'b' and contain substring 'kwa' and end with string 'si',b(?:(?:(?:ak)?|a)|u)kwasi
words that start with string 'ba' and end with string 'l',baa?l
words that start with string 'b' and contain substring 'l' and end with string 'a' or 'h',b(?:la(?:[ah])?|ala)
words that start with string 'b' and contain substring 'n' and end with string 'd' or 'dd',b[au]ndd?
words that start with string 'b' and contain substring 'n' and end with string 'di',b[au]?ndi
words that start with string 'b' and contain substring 'nj' and end with string 'r',b(?:anj(?:(?:ar)?r|ar)|unj(?:ar|u)r)
words that start with string 'b' and contain substring 'an' and end with string 'j' or 'h',baa?njh?
words that start with string 'b' and contain substring 'rh' and end with string 'm',b(?:[ae]rh[au]m|(?:rh[au]|rh)m)
words that start with string 'b' and contain substring 'rh' and end with string 'mi',b(?:[ae]rh[au]mi|(?:rh[au]|rh)mi)
words that start with string 'b' and contain substring 'a' or 'o' and 'w' or 'u' and end with string 'la',b(?:a[uw]|ow)la
words that start with string 'b' and contain substring 'y' or 'e' and 'r' and end with string 'am',b(?:(?:ay a(?:ara|r)|e ar)|y aar)am
words that start with string 'b' and contain substring 'y' or 'e' and 'a' and end with string 's',B(?:ay a(?:as)?|y aa)s
words that start with string 'b' and contain substring 'y' or 'e' and 'im' or 'am' and end with string 'n',b(?:ay(?: ama|im)an|eiman)
words that start with string 'b' and contain substring 'b' and 'a' or 'u' and end with string 's',bay(?: ba|bu)s
words that start with string 'b' and contain substring 'y' or 'e' and 'ch' and end with string 'n',(?:Bay Chai|(?:baych(?:ai|e)|bechai))n
words that start with string 'b' and contain substring 'y' or 'e' and 'ch' and end with string 'ni',b(?:(?:ay ?che|yche)|echai)ni
words that start with string 'b' and contain substring 'y' or 'e' and 'h' and end with string 'da',b(?:ay hoo|eh(?:oo|u))da
words that start with string 'b' and contain substring 'y' or 'e' and 'ho' and end with string 'sh',b(?:ay |e|ay)hosh
words that start with string 'b' and contain substring 'y' or 'e' and 'ho' and end with string 'shi',b(?:ay |e|ay)hoshi
words that start with string 'b' and contain substring 'y' or 'e' and 'ch' and end with string 'n',b(?:ay(?: ima|im)an|eiman)
words that start with string 'b' and contain substring 'iz' or 'ez' and end with string 'at',b(?:ay(?: izz|iz[az])at|eiz[az]at)
words that start with string 'b' and contain substring 'y' or 'e' and end with string 'ja' or 'jah',b(?:ay ?ja|eja(?:[ah])?|yja)
words that start with string 'b' and contain substring 'j' and end with string 'an',b(?:ay jaa|ejaa?)n
words that start with string 'b' and contain substring 'kh' and 'b' and end with string 'r',b(?:ay ?khabar|ekhaber)
words that start with string 'b' and contain substring 'l' or 'g' and end with string 'am',b(?:ay(?: laga|lag)am|elagam)
words that start with string 'b' and contain substring 'l' or 'o' or 'u' and end with string 's',bay l(?:oss?|aos)
words that start with string 'b' and contain substring 'mo' or 'mau' and end with string 'ka' or 'qa',(?:Bay Mouq|(?:be mauq|be(?:mauk| moq)))a
words that start with string 'b' and contain substring 'p' and end with string 'rwa' or 'rwah',(?:bay perwah?|Bay Parwa)
words that start with string 'b' and contain substring 'r' and 'b' and end with string 'at',b(?:ay |e)rabt
words that start with string 'b' and contain substring 'r' and 'b' and end with string 'ati',b(?:ay |e)rabti
words that start with string 'b' and contain substring 'r' and 'hm' and end with string 'i',(?:Bay Re|ber[ae])hmi
words that start with string 'b' and contain substring 's' and 'b' and end with string 'r',(?:Bay Sab|besabb?)ar
words that start with string 'b' and contain substring 'sh' and 'r' and end with string 'm',b(?:ay shara|(?:esh(?:ara|ere|r)|eshar))m
words that start with string 'bay' and contain substring 's' and 'o' or 'u' and end with string 'l',(?:bay as(?:oo|u)|Bay Usoo)l
words that start with string 'b' and contain substring 'yak' or 'yaq' and end with string 'n',b[ae]yakeen
words that start with string 'bay' and contain substring 'z' and 'u' and end with string 'k' or 'q',bay z(?:o|u|a)o[kq]
words that start with string 'b' and contain substring 'g' and end with string 'rz',(?:b(?:ay |e)gh|Bay\-g)arz
words that start with string 'b' and contain substring 'ka' and end with string 'r',b(?:ay|e)kaar
words that start with string 'b' and contain substring 'ch' and end with string 'rgi',(?:Be Cha|b(?:ay|e)ch)argi
words that start with string 'be' or 'bay' and contain substring 'h' and end with string 'al',(?:Be Ha|b(?:ayh|eha))al
words that start with string 'be' and contain substring 'h' and end with string 'd',(?:Be Had|beh[au]dd)
words that start with string 'be' and contain substring 'h' and 'ya' and end with string 'i' or 'e',(?:Be Hiyai|behaya[ei])
words that start with string 'be' and contain substring 'hu' or 'ho' and end with string 'dgi' or 'dagi',be(?:(?:huda?|hod)gi| h[ou]dgi)
words that start with string 'be' and contain substring 'j' and end with string 'a',(?:bejaa?|Be Ja)
words that start with string 'be' or 'bay' and contain substring 'k' and end with string 'si',(?:b(?:ay|e)ka|Be Ki)si
words that start with string 'b' and contain substring 'ho' or 'hu' and end with string 'da',(?:b(?:ayhoo|ehu)|Behoo)da
words that start with string 'b' and contain substring 'ho' or 'hu' and end with string 'dgi',beh(?:oo|u)dgi
words that start with string 'ba' or 'be' and contain substring 'ho' and end with string 'sh',b(?:ay|e)hosh
words that start with string 'ba' or 'be' and contain substring 'ho' and end with string 'shi',b(?:ay|e)hoshi
words that start with string 'ba' or 'be' and end with string 'ja',(?:b(?:ay|e)ja|Beja)
words that start with string 'b' and contain substring 'ka' and end with string 'ri',(?:b(?:ay|e)k|Beka)ari
words that start with string 'b' and contain substring 'ma' and end with string 'r',(?:(?:bimaa?|bema)|Bemaa)r
words that start with string 'b' and contain substring 'ma' and end with string 'ri',(?:b(?:e(?:em|ma)ari|imari)|Bemari)
words that start with string 'ba' or 'be' and end with string 'r',(?:ba?|Be)r
words that start with string 'b' and contain substring 'wa' and end with string 'fa',(?:ba?ywafa|Bewafa)
words that start with string 'b' and contain substring 'w' and 'k' or 'q' and end with string 'of',^(?:(?:bewakuf|bewa(?:ko|q)o)|Bewaqoo)f$
words that start with string 'b' and contain substring 'za' and end with string 'r',(?:ba?yz|Beza)ar
words that start with string 'b' and contain substring 'za' and end with string 'ri',b(?:ay|e)zari
words that start with string 'b' and contain substring 'ya' and end with string 'nak',bh?ayanak
"words that start with string 'b' and end with string 'hi', 'he', 'hy', 'e'",(?:b(?:h[iy]|e)|Bhe)
words that start with string 'b' and contain substring 'k' and end with string 'ari',(?:(?:(?:b(?:ay|i)kh|bik)|bek)|Bhik)ari
words that start with string 'b' and contain substring 'o' or 'u' and 'k' and end with string 'a',(?:(?:b(?:oo|u)kh|bhuk)|Bhook)a
words that start with string 'bh' and contain substring 'o' or 'u' and end with string 'l',bh(?:oo|u)l
words that start with string 'bh' and contain substring 'l' and end with string 'na',bh(?:oo|u)lna
words that start with string 'b' and contain substring 'h' and end with string 't',bh(?:u(?:tt?|ut)|o[ou]t)
words that start with string 'b' and contain substring 'k' and h and end with string 'ar',(?:Bhukha|b[ou]kh)ar
words that start with string 'b' and contain substring 'd' and end with string 'at',bidd?at
words that start with string 'b' and contain substring 'g' and end with string 'ar',b[ie]gaar
words that start with string 'b' and contain substring 'y' and 'b' and end with string 'an',b[ia]yabaan
words that start with string 'b' and end with string 'jh' or 'je',b(?:oj[eh]|ujh)
words that start with string 'b' and contain substring 'o' and 'u' and end with string 'jh',b(?:uu?jh|o[ou]jh)
words that start with string 'bos' and end with string 'dah' or 'da',bos(?:ee|i)dah?
words that start with string 'b' and contain substring 'y' and 'c' or 'k' and end with string 't',b(?:oycott?|y(?:c(?:aa|o)|kaa)t)
words that start with string 'b' and contain substring 'p' and end with string 'ta',(?:b[ai]pta|Bpta)
words that start with string 'b' and end with string 'd',(?:b(?:ad[ d]|d)|Bud)
words that start with string 'b' and contain substring 'dka' and end with string 'r',b[aeu]dkaar
words that start with string 'b' and contain substring 'dm' and end with string 'zaj',b(?:[au]dm[ai]zaj|dm[ai]zaj)
words that start with string 'bud' or 'bad' or 'bd' and contain substring 's' and 'l' and end with string 'ki',(?:(?:badsal(?:oo|u)|budsloo)|BudSuloo)ki
words that start with string 'b' and contain substring 'dz' and 'ba' and end with string 'n',b[au]dzaba?n
words that start with string 'bud' or 'bad' or 'bd' and end with string 'a',(?:(?:b(?:ad(?: dow|u)|d duw)|baddu)|Bud\-du)a
words that start with string 'bud' or 'bad' or 'bd' and contain substring 'kir' and 'd' and end with string 'ri',(?:b(?:ad kirda|d kirad)|Bud\-karda)ri
words that start with string 'bud' or 'bad' or 'bd' and contain substring 'za' and end with string 't',(?:(?:b(?:ad)?dza|badz)|Bud\-za)at
words that start with string 'bud' or 'bd' and contain substring 'h' and end with string 'u' or 'oo',ud(?:dh?u|h(?:oo|u))
words that start with string 'bu' and contain substring 'g' and end with string 'z',bugh?a?z
words that start with string 'b' and end with string 'k',b(?:ak ?bak|uk ?buk)
words that start with string 'b' and contain substring 'l' and end with string 'a',b(?:u|o)laa?
words that start with string 'b' and contain substring 'r' and end with string 'a',(?:b(?:ur|o)ra|Bura)
words that start with string 'b' and contain substring 'ra' or 'ray' and end with string 'i' or 'e',(?:b(?:oraye|urayi)|Burai)
words that start with string 'b' and contain substring 'r' and end with string 'e' or 'y',(?:b(?:(?:ur|o)re|oray)|Buray)
words that start with string 'b' and contain substring 'r' and end with string 'i',(?:b(?:ur|o)ri|Buri)
words that start with string 'ch' and contain substring 'k' and end with string 'r',chak(?:k(?:[ae])?r|[ae]r)
words that start with string 'ch' and contain substring 'k' and end with string 'u' or 'o',chak(?:k?u|oo)
words that start with string 'ch' and contain substring 'l' and end with string 'a' or 'h',ch(?:ala(?:[ah])?|laa)
words that start with string 'c' and contain substring 'hapl' and end with string 'si',chaa?pl(?:oo|u)si
words that start with string 'c' and contain substring 'h' and 'th' and end with string 'ra',ch[ei]thra
words that start with string 'c' and contain substring 'h' and 'e' or 'a' and end with string 'd',(?:Chhai|ch(?:ai|e))d
words that start with string 'c' and contain substring 'ha' and end with string 'p',ch(?:a(?:pp?|ap)|hap)
words that start with string 'c' and contain substring 'h' and end with string 'o' or 'u',ch(?:h(?:oo|u)|uu|o[ou]|u)
words that start with string 'c' and contain substring 'ho' or 'hu' and end with string 'ra',ch(?:hoor|(?:urr?|oor))a
words that start with string 'c' and contain substring 'ho' or 'hu' and end with string 't' or 'th',ch(?:ooth?|hoot|ut)
words that start with string 'c' and contain substring 'ho' and end with string 'r',ch(?:orr?|hor)
words that start with string 'c' and contain substring 'hu' and end with string 'ra',ch(?:urr?|hur)a
words that start with string 'c' and contain substring 'h' and end with string 'k' or 'ke',ch[ou]ke?
words that start with string 'c' and contain substring 'h' and 'k' and end with string 'r',ch(?:auka?r|(?:ok[ae]|ok)r)
words that start with string 'c' and contain substring 'h' and 'o' or 'ou' and end with string 't',chou?t
words that start with string 'c' and contain substring 'h' and 'o' or 'ow' and end with string 'k',ch(?:o|ow|au)k
words that start with string 'c' and contain substring 'h' and 'g' and end with string 'li',(?:(?:ch(?:ogh|ug)|chog)|Chugh)li
words that start with string 'c' and contain substring 'hu' and 'r' and end with string 'e' or 'i',(?:Churee|ch(?:hu|ur)ri)
words that start with string 'd' and contain substring 'a' and end with string 'g' or 'h',Da(?:agh?|gh)
,Daag(?:h (?:Da|d)ar| Daa?r)
words that start with string 'd' and contain substring 'an' and end with string 't',daa?ntt?
words that start with string 'd' and contain substring 'b' and end with string 'a',d(?:aba(?:[ah])?|b[ab]a)
words that start with string 'd' and contain substring 'ba' and end with string 'na',d[au]bana
words that start with string 'd' and contain substring 'b' and end with string 'ao',d[au]?bao
words that start with string 'd' and contain substring 'b' and end with string 'na',d[au]?bna
words that start with string 'd' and contain substring 'fa' and end with string 'tan',d(?:af(?:atann?|fatan)|fatan)
words that start with string 'd' and contain substring 'gha' or 'ga' and 'b' and end with string 'z',D(?:agh?|gh)a Baaz
words that start with string 'd' and contain substring 'gha' or 'ga' and 'b' and end with string 'zi',D(?:(?:aga Baa?|agha Ba)|gha Baa)zi
words that start with string 'd' and contain substring 'g' or 'gh' and end with string 'a',D(?:agh?a|gh?a)
words that start with string 'd' and contain substring 'kh' and end with string 'l',D(?:akha?l|khl)
words that start with string 'd' and contain substring 'nda' and end with string 'y',d[au]?nday
words that start with string 'd' and contain substring 'n' and end with string 'ga',d[au]?nga
words that start with string 'd' and contain substring 'nt' and end with string 'na',daa?nta?na
words that start with string 'd' and contain substring 'w' or 'ga' and 'n' and end with string 'dol',(?:Da(?:nwaan Dol|wan Do)l|dawadol)
words that start with string 'd' and contain substring 'k' or 'q' and 'yan' and end with string 'si',(?:d(?:akyanoo|ikyanu)|Daqyanoo)si
words that start with string 'd' and end with string 'r',(?:d(?:ar|u)r|Dar)
words that start with string 'd' and end with string 'ra',d(?:(?:(?:arr|r[ar])|ar)|urr)a
words that start with string 'd' and contain substring 'ara' and end with string 'z',daraa?z
words that start with string 'd' and contain substring 'ra' and end with string 'na',da?rr?ana
words that start with string 'd' and contain substring 'rao' and end with string 'na',d(?:ara?ona|(?:row?|rao)na)
words that start with string 'd' and contain substring 'ra' and end with string 'wa',da?ra[vw]a
words that start with string 'd' and contain substring 'r' and end with string 'd',da?ra?d
words that start with string 'd' and contain substring 'r' or 'd e ' and 's' and end with string 'r',D(?:ard E Sa?r|rd E Sr)
words that start with string 'd' and contain substring 'are' and end with string 'g' or 'kh' or 'gh',(?:dare(?:kh|g)|Daregh)
words that start with string 'd' and contain substring 'rp' and 'o' and end with string 'k' or 'e',darp(?:o(?:ke?|ok)|hok)
words that start with string 'd' and end with string 'rz',da?rzz?
words that start with string 'd' and contain substring 'e' or 'i' and end with string 'wana',(?:Dee|d[ei])wana
words that start with string 'd' and contain substring 'e' or 'i' and end with string 'wanagi',D(?:(?:ee|i)|e)wangi
words that start with string 'd' and contain substring 'hsha' and end with string 't' or 'th',(?:d(?:ehshath|ahshat)|Dehshat)
words that start with string 'd' and contain substring 'r' and 'r' and end with string 's',(?:air rass?|e(?:ir rus|r rass?))
words that start with string 'd' and contain substring 'wali' and end with string 'a',d(?:iwaliy|[ae]wali)a
words that start with string 'd' or 'dh' and contain substring 'b' and end with string 'a',d(?:abbh?a|habb?a)
words that start with string 'd' or 'dh' and contain substring 'k' and end with string 'a',d(?:hakk?a|ak[hk]a)
words that start with string 'd' or 'dh' and contain substring 'm' and end with string 'ki',d(?:h[au]mki|amki)
words that start with string 'd' and contain substring 'h' and 't' and end with string 'i',dh(?:eetay?i|atay?i|itai)
words that start with string 'd' or 'dh' and contain substring 'e' or 'i' and end with string 'la',d(?:h(?:e[aei]|ie)la|eela)
words that start with string 'd' and contain substring 'h' and 'e' or 'i' and end with string 'mi',dh(?:ee|i|e)mi
words that start with string 'd' and contain substring 'ok' and end with string 'ka',(?:(?:dh?okh|dok)|Dhok)a
words that start with string 'd' and contain substring 'ok' and end with string 'ay' or 'e',d(?:hok(?:ay|e)|okh(?:ay|e))
words that start with string 'd' or 'dh' and end with string 'ng',dh(?:ou?|au)ng
words that start with string 'di' and contain substring 'l' and 'to' and end with string 'r' or 'd',dil to(?:dd?|rr?)
words that start with string 'd' and end with string 'qat',diqq?at
words that start with string 'd' and contain substring 'o' or 'u' and 'b' and end with string 'na',d(?oo|ou|u)bna
words that start with string 'd' and contain substring 'oo' or 'u' and end with string 'r',(?:duu?|Doo)r
words that start with string 'd' and contain substring 'oo' or 'u' and end with string 'ri',d(?:oorie?|uu?ri)
words that start with string 'd' and contain substring 'ro' and end with string 'na',(?:d(?:aro|row)na|Drona)
words that start with string 'd' and contain substring 'r' oand 'sh' and end with string 'ti',d[au]ra?shti
words that start with string 'd' and contain substring 'sh' and end with string 'man',dushmann?
words that start with string 'd' and contain substring 'ush' and end with string 'mano',dushmanon?
words that start with string 'f' and contain substring 'alt' and end with string 'u' or 'o',(?:falt(?:oo|u)|Faaltu)
words that start with string 'f' and contain substring 'h' and end with string 'sh',fah[ua]sh
words that start with string 'f' and contain substring 'aq' and end with string 'r',faq(?:i|ee)r
words that start with string 'f' and contain substring 'ar' and end with string 'b',far(?:ai|e)b
words that start with string 'f' and contain substring 'ar' and end with string 'q' or 'k',far(?:aq|q|k)
words that start with string 'f' and contain substring 'r' and 'k' or 'q' and end with string 'wala',Far(?:aq|[kq]) Wala
words that start with string 'f' and contain substring 'r' and end with string 'xi' or 'zi',f(?:arz|rz|arx|erz)i
words that start with string 'f' and contain substring 'z' or 'x' and end with string 'ul' or 'ol',fa(?:(?:zuu?|zoo)|xoo)l
words that start with string 'f' and contain substring 'z' and 'l' and 'kh' and end with string 'rch' or 'rach,F(?:(?:azool Kha|azul Kha?)|zool Kha)rch
words that start with string 'f' and contain substring 'h' and end with string 'sh',f(?:ahu|aha|ehu|eha)sh
words that start with string 'f' and contain substring 'ik' and end with string 'r',(?:fike?|Fika)r
words that start with string 'f' and end with string 'ri',f(?:o|au|ou)ri
words that start with string 'f' and end with string 't' or 'th',f(?:o(?:t(?:[ht])?|ut)|aut)
words that start with string 'f' and contain substring 'r' and end with string 'b',f(?:ar(?:ai|e)|rai)b
words that start with string 'f' and contain substring 'ra' and end with string 'd',fr(?:au|aa|a)d
words that start with string 'f' and contain substring 'qd' and end with string 'an',f[oua]qdaa?n
words that start with string 'f' and contain substring 'z' and end with string 'ul' or 'ol',(?:(?:faz(?:oo|u)|faxoo)|Fuzoo)l
words that start with string 'g' and end with string 'nj',g[au]nj[hj]?
words that start with string 'g' and contain substring 'r' and end with string 'm',gar[au]?m
words that start with string 'g' and contain substring 'aza' and end with string 'b',(?:gh?aza|Gazab)b
words that start with string 'g' and contain substring 'ab' and end with string 'raya',gh?abraya
words that start with string 'g' and contain substring 'ad' and end with string 'ar',(?:Ghadd|(?:gadd?|ghad))ar
words that start with string 'g' and contain substring 'ad' and end with string 'ari',gh?add?ari
words that start with string 'g' and contain substring 'af' and end with string 'lat',g(?:aflatt?|h[au]flat)
words that start with string 'gh' and end with string 'bi',gh(?:ai|e)bi
words that start with string 'gh' and contain substring 'a' or 'e' and end with string 'r',gh(?:ai|e)r
words that start with string 'g' and contain substring 'a' or 'e' and end with string 'rat',gh(?:ai|e)ratt?
words that start with string 'g' and contain substring 'a' or 'e' and 'r' and end with string 'na',(?:Ghai|g(?:he|ai))rna
words that start with string 'g' and contain substring 'l' and 'a' and end with string 't',(?:Ghala|(?:(?:g(?:ala|hal)|gal)|gula))t
words that start with string 'g' and contain substring 'l' and 'a' and end with string 'ti',(?:ghal(?:ati|ty)|Ghalti|g[au]lti)
words that start with string 'g' and contain substring 'h' and end with string 'm',(?:gh(?:am|u)m|Gham)
words that start with string 'g' and contain substring 'h' and 'm' and end with string 'and',gh?a?m[au]nd
words that start with string 'g' and contain substring 'h' and 'm' and end with string 'geen',gh[au]mgeen
words that start with string 'g' and contain substring 'h' and 'm' and end with string 'geeni',gh[au]mgeeni
words that start with string 'g' and contain substring 'a' and 'r' and end with string 'b',(?:Gharee|(?:gh?ari|garee))b
words that start with string 'g' and contain substring 'a' and 'r' and end with string 'k' or 'q',(?:g(?:ara?|har)k|Gharq)
words that start with string 'g' and contain substring 'h' and 't' and end with string 'ya' or 'a',(?:(?:(?:ghutiy|g(?:h(?:ati|uty)|ati))|ghtiy)|Ghatiy)a
words that start with string 'g' and contain substring 'h' and end with string 't',(?:gh(?:utt?|at)|Ghatt)
words that start with string 'g' and contain substring 'z' and 'a' and end with string 'b',gh?azab
words that start with string 'g' and contain substring 'h' and end with string 'ra',gh(?:ai|e)ra
words that start with string 'g' and contain substring 'h' and end with string 'rao',gh(?:ai|e|i)rao
words that start with string 'gh' and contain substring 'o' or 'u' and 'r' and end with string 'na',gh(?:oo|u|ou)rna
words that start with string 'g' and contain substring 'u' or 'o' and end with string 'baar',(?:g(?:ho|u)|Ghu)baar
words that start with string 'g' and contain substring 'u' or 'o' and end with string 'lam',(?:g(?:ho|[ou])|Ghu)lam
words that start with string 'g' and contain substring 'u' or 'o' and end with string 'lami',G(?:ulaa?|hula)mi
words that start with string 'g' and contain substring 'mra' and end with string 'h',(?:gumraa?|Ghumra)h
words that start with string 'g' and end with string 'roor',(?:gh?a|Ghu)roor
words that start with string 'g' and contain substring 'o' or 'u' and end with string 'sna',gh[ou]?sna
words that start with string 'g' and contain substring 'o' or 'u' and end with string 'sa',g(?:huss?|(?:ho|u)ss)a
words that start with string 'g' and contain substring 'o' or 'u' and end with string 'nga',g(?:oo|u|ou)nga
words that start with string 'g' and contain substring 'dm' and end with string 'd',g(?:ad(?: ma|m[ai])d|udm[iu]d)
words that start with string 'g' and contain substring 'h' and end with string 'r',g(?:auh[ae]r|[ou]har)
words that start with string 'g' and contain substring 'n' and end with string 'ah',g(?:unn?ah|onah)
words that start with string 'g' and contain substring 'n' and 'h' and end with string 'gar',g(?:un(?:ehgaa?r|ahgar)|onahgar)
words that start with string 'g' and contain substring 'o' or 'u' and end with string 'sa',gh?uss?a
words that start with string 'g' and contain substring 'st' and end with string 'kh' or 'k',g(?:ustaakh?|h[ou]stakh|ostakh)
words that start with string 'g' and contain substring 'st' and end with string 'khi' or 'ki',g(?:ustaakh?|h[ou]stakh|ostakh)i
words that start with string 'h' and contain substring 'b' and end with string 's',ha?ba?s
words that start with string 'h' and contain substring 'lch' and end with string 'l',h(?:alchal|ulch[au]l)
words that start with string 'h' and end with string 'lka',h[au]?lka
words that start with string 'h' and end with string 'mla',h[au]mla
words that start with string 'h' and contain substring 'q' and end with string 'er',H(?:aqee?r\t|qeer)
words that start with string 'h' and contain substring 's' and end with string 'd',hass?a?d
words that start with string 'h' and contain substring 't' and end with string 'k',hat(?:akk?|tak|uck)
words that start with string 'h' and contain substring 'l' and 'n' and end with string 'nak',h(?:aulnaa?k|ol(?:enaa?|naa)k)
words that start with string 'h' and contain substring 'y' and end with string 'l',hay[ae]l
words that start with string 'h' and contain substring 'r' and end with string 'an',(?:h(?:(?:eraan\t|yran)|airan\t)|Heran\t)
words that start with string 'h' and contain substring 'w' or 'v' and end with string 'an',h(?:(?:(?:evaa?|ewa)|e?ywa)|aiwa)n
words that start with string 'h' and contain substring 'w' or 'v' and end with string 'ani',h(?:(?:(?:evaa?|ewa)|e?ywa)|aiwa)ni
words that start with string 'h' and contain substring 'ma' and end with string 'qat',h[ai]maqat
words that start with string 'h' and contain substring 'q' or 'k' and end with string 'arat',h(?:ak|iq)arat
words that start with string 'h' and contain substring 'ir' and end with string 's',hira?s
words that start with string 'h' and contain substring 'l' and end with string 'nak',holnaa?k
words that start with string 'h' and contain substring 'l' and end with string 'naki',holnaa?ki
words that start with string 'h' and contain substring 'u' or 'o' and 'k' and end with string 'm',(?:h[ou]kam\t|Hukum\t|h(?:okum|ukm\t))
words that start with string 'h' and contain substring 'nga' and end with string 'ma',h[au]ngama
"words that start with string 'i' or 'a',and contain substring 'b' and 'l' and end with string 's'",[ai]bl(?:ee|i)s
words that start with string 'ikh' and contain substring 'l' and end with string 'laaf',ikht[ai]laaf
words that start with string 'i' or 'a'. and contain substring 'l' and 'z' and end with string 'am',[ai]lzaa?m
words that start with string 'a' and contain substring 'n' and 'b' and end with string 'n',(?:an b(?:an|un)|In Ban)
words that start with string 'i' 'a' or 'u' and contain substring 'n ' and 'p' and end with string 'rh',(?:in |[au]n)parh
words that start with string 'in' and contain substring 'k' and end with string 'ar',[ai]nkaa?r
words that start with string 'in' or 'an' and contain substring 'q' or 'k' and 't' and end with string 'a',[ai]n[kq]taa?
words that start with string 'in' and contain substring 't' and 'sh' and end with string 'ar',int[ae]?shaa?r
words that start with string 'in' and contain substring 't' and 'q' and end with string 'al',int[ei]?qaa?l
words that start with string 'ish' and contain substring 'r' and end with string 'ra' or 'rah',ishaa?rah?
words that start with string 'j' and contain substring 'h' and end with string 'l',jaa?h[ie]l
words that start with string 'j' and contain substring 'a' and end with string 'l',jaa?l
words that start with string 'j' and contain substring 'a' and end with string 'li',jaa?li
words that start with string 'ja' and contain substring 'b' and end with string 'r',Jab[ae]?r
words that start with string 'ja' and contain substring 'ab' and end with string 'r',jaa?b[ie]r
words that start with string 'ja' and contain substring 'b' and end with string 'rana',jab[ie]?rana
words that start with string 'j' and contain substring 'ad' and end with string 'o' or 'u',jad(?:oo|u)
words that start with string 'ja' and contain substring 'han' and end with string 'm',jahan(?:a|u|nnu)m)
words that start with string 'ja' and contain substring 'han' and end with string 'mi',jahan(?:a|u|nnu)mi)
words that start with string 'ja' and contain substring 'h' and end with string 'l',jaa?h[ie]l
words that start with string 'j' and end with string 'la',j(?:ala|al|la)a
words that start with string 'jald' and contain substring 'd' and 'b' and end with string 'zi',jald baa?zi
words that start with string 'ja' and contain substring 's' and end with string 'os' or 'us',jas(?:oo|us)
words that start with string 'j' and contain substring 'lsa and end with string 'zi',j(?:ealsaa|(?:alsaa?|aalsa))zi
words that start with string 'j' and end with string 'lsa',jh?alsa
words that start with string 'j' and contain substring 'o' or 'u' and end with string 't' or 'th',j(?:h(?:(?:ooth|uut)|oot)|ooth|uuth)
words that start with string 'j' and contain substring 'oo' or 'u' and 't' and 'm' and end with string 't' or 'th',J(?:ooth Muth|h(?:oo|ut)t Moot|uth Moth|oth Mot)
words that start with string 'j' and contain substring 'o' or 'u' and 't' and end with string 'ta',J(?:oo?tha|h(?:oo|ut)ta|utha)
words that start with string 'j' and contain substring 'o' or 'u' and 't' and end with string 'ti',J(?:oo?thi|h(?:oo|ut)ti|uthi)
words that start with string 'j' and contain substring 'a' or 'u' and 'n' and end with string 'g',j(?:an|un|ang)g
words that start with string 'j' and contain substring 'a' or 'u' and 'ng' and end with string 'li' or 'lee',j[au]ngl(?:ee|i)
words that start with string 'j' and contain substring 'n' and 'o' or 'u' and end with string 'ni',j(?:unoo|anu)ni
words that start with string 'ju' and contain substring 'r' and end with string 'm',jura?m
words that start with string 'k' and contain substring 'ch' and end with string 'mar',kach(?:oo|u)mar
words that start with string 'k' or 'q' and contain substring 'a' and end with string 'fir',[kq]aa?ff?ir
words that start with string 'ka' or 'q' and contain substring 'fir' and end with string 'rana',[kq]aa?ff?irana
words that start with string 'k' and contain substring 'a' and end with string 'm',kaa?m
words that start with string 'k' and contain substring 'm' and 'h' and 'm' and end with string 'yat',k(?:am a|um e)hmiyat
words that start with string 'ka' and contain substring 'm' and end with string 'na',kam(?:ee|i)na
words that start with string 'ka' and contain substring 'mz' and end with string 'r' or 're',kamz(?:ore|ur|or)
words that start with string 'k' or 'q' and contain substring 'ar' and 'w' or 'v' and end with string 'a',[kq]ar[vw]a
words that start with string 'k' and contain substring 'sh' and end with string 'fi',kasha?fi
words that start with string 'k' or 'c' and contain substring 't' and 'p' and 't' and end with string 'li',(?:kat(?:h )?putli|cuth?putli)
words that start with string 'k' or 'q' and contain substring 'e' and end with string 'na',[qk]eena
words that start with string 'k' and contain substring 'ha' and end with string 'li' or 'le',Kha(?:al(?:i|e)|li)
words that start with string 'kh' and contain substring 'le' or 'li' and end with string 'pan',Kha(?:al(?:i Pan|e Pan)|li (?:Pun|pan))
words that start with string 'k' and contain substring 'ha' and end with string 'm',Khaa?m
words that start with string 'k' and contain substring 'ha' and end with string 'mi',Khaa?mi
words that start with string 'k' and contain substring 'ha' and end with string 'ti',Khaa?ti
words that start with string 'kh' and contain substring 'b' and 'r' and 'd' and end with string 'ar',kha?b(?:ard|ar da|erd|rd)ar
words that start with string 'k' and contain substring 'h' and 'b' and end with string 't',khaba?t
words that start with string 'k' and contain substring 'h' and 'b' and end with string 'ti',khaba?ti
words that start with string 'k' and contain substring 'h' and end with string 'fa',khafaa?
words that start with string 'kh' and contain substring 'a' and end with string 'f',kha(?:i|ya|e)f
words that start with string 'kh' and contain substring 'a' or 'e' and end with string 'nch',kh(?:ai|e)nch
words that start with string 'k' and contain substring 'nz' and end with string 'r',kh[au]nz (?:ee|i)r
words that start with string 'kh' and contain substring 'rab' and 'i' or 'y' and end with string 'n',kharabiy?an
words that start with string 'kh' and contain substring 't' and 'r' and end with string 'nak',khat(?:arnaa?k|rnak)
words that start with string 'kh' and contain substring 'a' or 'o' and end with string 'f',kh(?:a|ou|au|of)f
words that start with string 'kh' and contain substring 'a' or 'i' and 'l' and end with string 'af',kh[ia]laa?f
words that start with string 'kh' and end with string 'chao',kh[ie]n?chao
words that start with string 'kh' and contain substring 'uf' and 'i' or 'y' and end with string 'a',khuf(?:fiy?a|iy?a)
words that start with string 'k' and contain substring 'n' and end with string 'ara',k[ia]nara
words that start with string 'k' and contain substring 'of' and end with string 't',kofa?t
words that start with string 'k' and end with string 'ra',korr?a
words that start with string 'ku' and contain substring 'f' and end with string 'r',kuff?a?r
words that start with string 'k' and contain substring 'f' and 'r' and end with string 'ia',kufa?r[ie]y?a
words that start with string 'ku' and contain substring 't' and 'i' or 'y' and end with string 'a',kut(?:(?:(?:i?|e)y|i)|ti)a
words that start with string 'la' and contain substring 'p' and 'rw' and end with string 'hi',la p[aeu]rwahi
words that start with string 'la' and contain substring 'p' and 'rw' and end with string 'hi',la(?:a ha| h|h|ah)asil
words that start with string 'la' and contain substring 'l' and end with string 'chi',la(?:(?:l[ai]|l)|al)chi
words that start with string 'la' and contain substring 'n' and 'a' or 'u' and end with string 't',la(?:ana|n[au])t
words that start with string 'la' and contain substring 'n' and end with string 'ti',laa?nti
words that start with string 'la' and contain substring 'l' and 'a' or 'i' and end with string 'ch',la(?:ala|l[ai])ch
words that start with string 'la' and contain substring 'd' or 'r' and end with string 'ai',l(?:a[dr]ai|rai)
words that start with string 'la' and contain substring 'd' or 'r' and end with string 'aka',l(?:a[dr]aka|raka)
words that start with string 'l' and contain substring 'r' or 'd' and end with string 'na',l(?:ar|[dr])na
words that start with string 'l' and end with string 'nda',l(?:oa?nda|a[ou]nda)
words that start with string 'l' and contain substring 'o' or 'u' and end with string 't',lo[otu]t
words that start with string 'm' and contain substring 'ar' and end with string 'e' or 'y',ma(?:ar(?:ay|e)|ray)
words that start with string 'ma' and contain substring 'bh' and end with string 't',mabh(?:oo|u)t
words that start with string 'm' and contain substring 'hr' and 'o' or 'u' and end with string 'm',m(?:ehr(?:oo|u)|ahroo)m
words that start with string 'm' and contain substring 'aj' and 'o' or 'u' and end with string 'r',m(?:ajb(?:(?:oo|u)|o)r|jbur)
words that start with string 'm' and contain substring 'aj' and 'o' or 'u' and end with string 'ri',m(?:ajb(?:(?:oo|u)|o)ri|jburi)
words that start with string 'ma' and contain substring 'khm' and 'o' or 'u' and end with string 'r' or 're',makhm(?:o(?:or|re)|ur)
words that start with string 'm' and contain substring 'mn' and end with string 'u' or 'o',m(?:amn(?:oo|u)|umnu)
words that start with string 'ma' and contain substring 'm' and end with string 'li',mam(?:oo|u)li
words that start with string 'm' and contain substring 'naz' and end with string 'ra',manaz(?:[ai])?ra
words that start with string 'ma' and contain substring 'nh' and end with string 's',manh(?:uu?s|o[ou]s)
words that start with string 'm' and contain substring 'ns' and 'o' or 'u' and end with string 'kh',mar(?:ee[xz]|iz)
words that start with string 'm' and contain substring 'ar' and 'i' or 'e' and end with string 'z' or 'x',mar(?:ee[xz]|iz)
words that start with string 'm' and end with string 'rg',m[aeu]rg
words that start with string 'm' and contain substring 'rh' and 'o' or 'u' and end with string 'm',m(?:arh(?:oo|u)|erhoo)m
words that start with string 'm' and contain substring 'r' and end with string 'na',m[ae]rna
words that start with string 'm' and contain substring 'sm' and end with string 'arr',m(?:asma|ism)ar
words that start with string 'm' and contain substring 's' and end with string 't',m(?:astt?|ust)
words that start with string 'm' and contain substring 'a' or 'i' and end with string 'ti',m[ai]tt?i
words that start with string 'm' and contain substring 'f' and end with string 'q',m(?:awafi|oaf[ai])q
words that start with string 'm' and contain substring 'ay' and 'o' or 'u' and end with string 'b',may(?:oo|u)b
words that start with string 'm' and contain substring 'ay' and 'o' or 'u' and end with string 's',may(?:u(?:ss?|us)|o[ou]s)
words that start with string 'm' and contain substring 'y' and 'o' or 'u' and end with string 'si',m(?:ay(?:o[ou]si|usi)|yusi)
words that start with string 'm' and contain substring 'zah' and 'm' and end with string 't',mazah(?:matt?|amat)
words that start with string 'm' and contain substring 'az' and 'o' or 'u' and end with string 'r',maz(?:oo|u)r
words that start with string 'm' and contain substring 'h' and 'n' and end with string 'ga',meha?nga
words that start with string 'm' and contain substring 'hr' and 'o' or 'u' and end with string 'mi',m[ae]hr(?:oo|u)mi
words that start with string 'm' and contain substring 'a' or 'e' and end with string 'la',m(?:ey?la|a[iy]la
words that start with string 'mo' and contain substring 'h' and 'e' or 'i' and end with string 'b',moh(?:ee|e|i)b
words that start with string 'm' and contain substring 'u' or 'o' and 'ph' and end with string 't',m(?:o(?:un phat|o ph)t|u(?:nh|u) phat)
words that start with string 'm' and contain substring 'u' or 'o' and end with string 't',m(?:aut|o(?:t[ht]|ut))
words that start with string 'm' and contain substring 'o' or 'u' and end with string 'sar',m(?:o(?:as)?|ua)sar
words that start with string 'm' and contain substring 'd' and 'kh' and end with string 'lat',m(?:adakha?|udakh)lat
words that start with string 'm' and contain substring 'g' and 'lt' and end with string 'a',m[oau]ghalta
words that start with string 'm' and contain substring 'h' and 'm' and end with string 'l',m(?:ohm[ai]|uhma)l
words that start with string 'm' and contain substring 'kh' and 'l' and end with string 'f',m[aou]khalif
words that start with string 'm' and contain substring 'l' and 't' and end with string 'wi',m[au]lta?wai
words that start with string 'm' and contain substring 'na' and end with string 'fiq',m[ou]nafiq
words that start with string 'm' and contain substring 'n' and 'f' and end with string 'qat',m(?:on(?:fa|af)|unaf)qat
words that start with string 'm' and contain substring 'nha' and end with string 'raf',munhar[ai]f
words that start with string 'm' and contain substring 'n' and 'q' or 'k' and end with string 'ta',mun[kq][ia]ta
words that start with string 'm' and contain substring 'n' and 't' and 'sh' and end with string 'r',munt(?:ash[ai]r|shr)
words that start with string 'm' and contain substring 'r' and 'd' and end with string 'a' or 'ah',m(?:urdah?|orda)
words that start with string 'm' and contain substring 'r' and 'd' and end with string 'dil',m(?:urdah? dil|orda dil)
words that start with string 'm' and contain substring 'r' and 'd' and end with string 'dili' or 'dilli',m(?:(?:urda dill?|urdah dil)|ordah dil)i
words that start with string 'm' and contain substring 'r' and 'd' and end with string 'dili' or 'dilli',m(?:ordah dili|urda(?: dil|h di)li)
words that start with string 'm' and contain substring 'r' and 'j' and end with string 'na',murj(?:a(?:anah|na)|hana)
words that start with string 'm' and contain substring 'r' and 'j' and end with string 'ya',m(?:urjh?|orjh)aya
words that start with string 'm' and contain substring 'si' or 'se' and end with string 'bat',m(?:usee|as[ei])bat
words that start with string 'm' and contain substring 'shk' and end with string 'l',m(?:(?:hoske|oshk[ei])|ushki)l
words that start with string 'm' and contain substring 'shk' and 'l' and end with string 'at',m[ou]shk(?:al|il)aa?t
words that start with string 'mu' and contain substring 'sh' and 'r' and end with string 'k' or 'q',mushri[kq]
words that start with string 'm' and contain substring 't' and 'z' and end with string 'ad',muta?zad
words that start with string 'm' and contain substring 'tn' and 'ff' and end with string 'r',m(?:atnaf|utna)far
words that start with string 'm' and contain substring 'z' and 'h' and end with string 'm',m(?:azah[ei]|uzahi)m
words that start with string 'm' and contain substring 'z' and 'h' and end with string 'mat',m(?:azaha|uzah)mat
words that start with string 'mo' or 'mu' and contain substring 'z' and end with string 'r',m(?:ozar|uz[ir]r)
words that start with string 'm' and contain substring 'zta' and 'r' and end with string 'b',muztar[ai]b
words that start with string 'm' and contain substring 'z' and 'm' and end with string 't',m(?:[au]zamma|zzm|azama|azamu)t
words that start with string 'na' and contain substring 'e' or 'a' and end with string 'l',Na [ae]hal
words that start with string 'na' and contain substring 'ch' and end with string 'ki',na(?: ch|ch)aki
words that start with string 'na' and contain substring 'f' and 'r' and end with string 'mani',na f[aeu]rmani
words that start with string 'na' and contain substring 'g' and 'z' and end with string 'r',na(?: guzi| gazee|gzi|guzi|gazi|gazee)r
words that start with string 'na' and contain substring 'n' and 's' and end with string 'fi',na [ai]nsaa?fi
words that start with string 'na' and contain substring 'man' and 'z' and end with string 'r',na(?: ma(?:nzoo|zu)r|manz(?:oo|u)r)
words that start with string 'na' and contain substring 'm' and 'jo' and end with string 'd',na m(?:au|o|a|ou)jood
words that start with string 'na' and contain substring 'm' and 'n' and end with string 'sib',na m[aou]nasib
words that start with string 'na' and contain substring 'p' and 'e' or 'i' and end with string 'dar',na pa(?:(?:idaa?|eda)|yeda)r
words that start with string 'na' and contain substring 'p' and 's' and end with string 'nd',na(?: pasand|psand |(?:pasa| ps)nd|apsand|pa?snd)
words that start with string 'na' and contain substring 'q' or 'k' and end with string 'bil',na(?: q| k|q|k)abil
words that start with string 'nag' and contain substring 'h' and end with string 'ni',na(?: ?ehli|\-[ae]hli)
words that start with string 'na' and contain substring 'm' and 'z' and end with string 'd',naa?mzad
words that start with string 'na' and contain substring 'z' and end with string 'k',na(?:z(?:oo|u)|azu)k
words that start with string 'na' and contain substring 'd' and 'r' and end with string 'sat' or 'st',nad[au]rusa?t
words that start with string 'n' and contain substring 'f' and end with string 'rat',n(?:afratt?|ufrat|frat)
words that start with string 'nag' and contain substring 'w' and end with string 'r',nag(?:awa|w)ar
words that start with string 'nag' and contain substring 'h' and end with string 'ni',nag[ae]?hani
words that start with string 'n' and contain substring 'go' and end with string 'ra' or 'da',n[ai]go[rd]a
words that start with string 'na' and contain substring 'g' and 'w' and end with string 'r',naa?gwar
words that start with string 'na' and contain substring 'g' and 'w' and end with string 'ri',naa?ga?wari
words that start with string 'na' and contain substring 'h' and 's' and end with string 'a',nah[ou]sa
words that start with string 'na' and contain substring 'h' and 's' and end with string 't',nah(?:oo|o|u)sat
words that start with string 'na' and contain substring 'j' and end with string 'z',naja(?:ya|[ei])z
words that start with string 'nakh' and contain substring 'r' and 'b' and end with string 'z',nakhr(?:ay ba|e b)az
words that start with string 'nam' and contain substring 'r' and end with string 'di',nam[ou]radi
words that start with string 'n' and contain substring 'r' and end with string 'z' or 'x',n(?:ara(?:az|[xz])|raa?z)
words that start with string 'n' and contain substring 'w' and 'k' or 'q' and end with string 'f',nawa(?:ki|qi|ka|qa)f
words that start with string 'n' and contain substring 'd' and end with string 'al',n[ai]dhaa?l
words that start with string 'n' and contain substring 'o' and 'u' and end with string 'an',n(?:o|oo|u|uu)ha
words that start with string 'n' and contain substring 'k' and 'ch' and end with string 'ra' or 'rha',n(?:ak|u)k charha
words that start with string 'n' and contain substring 'q' and end with string 's',n[au]qs
words that start with string 'n' and contain substring 'q' and 's' and end with string 'an',n(?:uqsaa?n|aqsan)
words that start with string 'p' and contain substring 'g' and end with string 'l',paa?gal
words that start with string 'p' and contain substring 'b' and 'n' and 'd' and end with string 'i',pab[au]ndi
words that start with string 'p' and contain substring 'aga' and end with string 'l',paa?gal
words that start with string 'p' and contain substring 'g' and 'l' and end with string 'pan',pa(?:agal pu|gal pa)n
words that start with string 'p' and contain substring 'g' and end with string 'la',pa?gla
words that start with string 'p' and contain substring 'a' or 'e' and end with string 'ch',p(?:a[iy]ch|ech)
words that start with string 'p' and contain substring 'ch' and 'd' and end with string 'a',p(?:(?:ai|e)chee|aychi)da
words that start with string 'p' and contain substring 'ch' and 'd' and end with string 'gi',p(?:(?:aicheda?|aicheed)gi|eche(?:dh?a|ed)gi)
words that start with string 'p' and contain substring 'sh' and 'go' and end with string 'i' or 'e',p(?:esh(?:an go(?:yi|[ei])| goi)|aish goi)
words that start with string 'p' and contain substring 'r' and 'fr' or 'far' and end with string 'b',p(?:(?:ur ?fare|urfarai)|ar frai)b
words that start with string 'p' and contain substring 'r' and 'sh' and end with string 'n',(?:Pare|p(?:[ae]r|r[ey]))shan
words that start with string 'p' and contain substring 'r' and 'sh' and end with string 'ni',p(?:are?shani|re?shani)
words that start with string 'p' and contain substring 'r' and 'sh' and end with string 'n kun',p(?:ar(?:eyshaaan K|shan k)|reshan k)un
words that start with string 'p' and contain substring 'rl' and end with string 'a' or 'y',p(?:arl[ae]|erla)y
words that start with string 'p' and contain substring 'ta' and end with string 'ai' or 'yi',p(?:atay?|ita|itay)i
words that start with string 'p' and contain substring 'ch' and end with string 'e' or 'y',p(?:eech(?:ay|e)|iche)
words that start with string 'p' and contain substring 's' and end with string 'na',p(?:(?:ee|i)|e)sna
words that start with string 'p' and contain substring 'rw' and end with string 'a' or 'h',p[ae]rwa
words that start with string 'p' or 'f' and contain substring 'as' and end with string 'di',(?:ph|f)asdi
words that start with string 'ph' and contain substring 't' and end with string 'na',ph(?:utt?na|atna|tna)
words that start with string 'pho' and contain substring 't' and end with string 'na',ph(?:oo|uu|ou)tna
words that start with string 'p' and contain substring 'sh' and end with string 'ab' or 'ap',p(?:eshaa[bp]|ishaab)
words that start with string 'p' and contain substring 'sh' and 'd' and end with string 'a',p[ou]sh(?:i|ee)da
words that start with string 'p' and contain substring 'r' and 'jo' and end with string 'sh',pur ?josh
words that start with string 'p' and contain substring 'ra' and end with string 'na',p[ou]rana
words that start with string 'qa' or 'ka' and contain substring 'si' and end with string 'r',(?:kaa?|qaa)sir
words that start with string 'qa' and contain substring 'ti' and end with string 'l',(?:qaa?|kaa)til
words that start with string 'q' and contain substring 'be' or 'bi' and end with string 'h',qab(?:ee|i)h
words that start with string 'q' or 'k' and contain substring 'a' and end with string 'd',(?:ka[iy]d|qa[eiy]d)
words that start with string 'q' and contain substring 's' and end with string 'ai' or 'ayi',(?:qasay?i|kasai)
words that start with string 'q' and 'k' and contain substring 's' and end with string 'r',(?:kas(?:oo|u)|qasoo)r
words that start with string 'qas' or 'kas' and contain substring 'r' and 'wa' and end with string 'r',(?:qas(?:oo|u)r waar|kasoor war)
words that start with string 'q' or 'k' and contain substring 't' and end with string 'l',(?:qata?|kata)l
words that start with string 'q' or 'k' and contain substring 'z' and end with string 'a',[kq]aziy?a
words that start with string 'q' and contain substring 'h' and end with string 'r',q[ae]har
words that start with string 'q' and contain substring 'h' and 'r al' and end with string 'ud' or 'od',(?:q(?:eher aloo|ahar alu)|kehar aloo)d
words that start with string 'q' and contain substring 'l' and end with string 't',(?:killat|qil(?:att|l[ae]t))
words that start with string 'q' and contain substring 'am' and end with string 'at',q(?:iy?|ay)amat
words that start with string 'raf' and contain substring 'ch' and end with string 'kar',raf(?:u chak|o cha)kar
words that start with string 'r' and contain substring 'n' and end with string 'di',r[au]ndi
words that start with string 'r' and contain substring 'n' and end with string 'j',r[au]nj?
words that start with string 'r' and contain substring 'o' or 'u' and end with string 'la',r(?:au|o)la
words that start with string 'ri' or 're' and contain substring 'ak' or 'a k' and end with string 'ri',r(?:iy?akari|eakari)
words that start with string 'r' and contain substring 'hl' and end with string 'at',r[ae]hlat
words that start with string 'ri' and contain substring 'ak' or 'a k' and end with string 'ar',ri(?:a ka|ya k)ar
words that start with string 'r' and contain substring 'khn' and end with string 'y',r(?:akhn(?:ay|e)|khne)
words that start with string 'r' and contain substring 's' and end with string 'wa' or 'va',r(?:[ao]swa|us[vw]a)
words that start with string 'sa' and contain substring 'da' and 'lo',sa(?:ada lo|da l)oh
words that start with string 's' and may contain substring 'n' or 'm' and end with string 'p',s(?:a(?:an|[mnp])|up)p
words that start with string 'sa' and contain substring 'z' and end with string 'sh',sa(?:azi|z[ei])sh
words that start with string 'sa' and contain substring 'kh' and end with string 't',sakha?tt?
words that start with string 'sakh' and end with string 'ti',sakha?ti
words that start with string 's' and contain substring 'n' and end with string 'g',s[au]ng
words that start with string 's' and contain substring 'ng' and 'd' and end with string 'l',s[au]ng dil
words that start with string 's' and contain substring 'r' and 'kash' and end with string 'i',s[ai]r kashi
words that start with string 's' and contain substring 'r' and 's' and end with string 'am',sar saa?m
words that start with string 'sa' and contain substring 'z' and end with string 'sh',sa(?:azi|z[ei])sh
words that start with string 'sa' and contain substring 'z' and end with string 'shi',sazi?shi
words that start with string 'sh' end with string 'k' or 'q',s(?:ai|e)laab
words that start with string 'sh' and end with string 'ki' or 'qi',shaa[kq]i
words that start with string 'sh' and end with string 'k' or 'q',shad(?:ee|i)d
words that start with string 'sh' and contain substring 'd' and end with string 'd',shad(?:ee|i)d
words that start with string 'sh' and end with string 'k' or 'q',sh(?:a(?:(?:kk|q)|k)|[ku]k)
words that start with string 'sh' and end with string 'k' or 'q',sh(?:a(?:(?:kk|qq)|[kq])|uk)
words that start with string 'sh' and contain substring 'r' and end with string 'm',sh(?:(?:(?:ara|r)|ar)m|er[ae]m)
words that start with string 'sh' and contain substring 'rm' and 'n' and end with string 'da',sh(?:armi|rm[ei])nda
words that start with string 'sh' and contain substring 't' and end with string 'ani',sh(?:a[iy]tani|etani)
words that start with string 'sh' and contain substring 'khi' and 'b' and end with string 'az',sh(?:ekhi ba|okhi b)az
words that start with string 'sh' and contain substring 't' and end with string 'an',sh(?:aitaa?n|etaa?n)
words that start with string 'sh' and contain substring 'ka' and end with string 'yat',sh[ai]kayat
words that start with string 'sh' and contain substring 'k' or 'q' and end with string 'wa' or 'va',shi(?:k[vw]|qw)a
words that start with string 'sh' and contain substring 'k' or 'q' and 'wa' or 'va' and end with string 'sanj' or 'sanjh',shi(?:k(?:wah|va) sanj|qwa sanjh)
words that start with string 'sh' and contain substring 'o' or 'u' and end with string kh',sh[ou]kh
words that start with string 'sh' and contain substring 'o' or 'u' and end with string khi',sh(?:ukh?|okh)i
words that start with string 'sh' and contain substring 'l' and end with string 'y',sh(?:ola|ule|ole)y
words that start with string 'sh' and contain substring 'o' and end with string r',sho(?:re?|[ou]r)
words that start with string 'sho' and contain substring 'r' and end with string 'sh',shor[aeu]sh
words that start with string 's' and contain substring 'fak' and end with string 'kana',s[ai]fakana
words that start with string 's' and contain substring 'ya' and end with string 'h',s[ai]yah
words that start with string 's' and contain substring 'ya' and end with string 'hi',s[ai]yahi
words that start with string 'so' or 'sau' and contain substring 'd' and end with string 'a',s(?:au|o)da
words that start with string 'so' or 'sau' and contain substring 'd' and end with string 'i',s(?:au|o)dai
words that start with string 's' and contain substring 'kh' and end with string 'na',s(?:o(?:ok|kh)|ukh)na
words that start with string 's' and contain substring 'u' or 'o' and end with string 'ka' or 'kha',s(?:ookh?|ukh)a
words that start with string 's' and contain substring 'u' or 'o' and end with string 'r',s(?:oo|u)r
words that start with string 's' and contain substring 'ra' and end with string 'kh',s[ou]rakh
words that start with string 's' and contain substring 'k' or 'q' and end with string 'ut' or 'ot',s(?:ak(?:oo|uu)t|qot)
words that start with string 's' and contain substring 'n' or 's' and end with string 'n',s[ou]saa?n
words that start with string 's' and contain substring 's' and end with string 't',s(?:ustt?|us[as]t|oost)
words that start with string 's' and contain substring 's' and end with string 'ti',s(?:ustt?i|us[as]ti|oosti)
words that start with string 'ta' and contain substring 'l' and 'ma' and 't' and end with string 'ole' or 'ol',ta(?:al (?:matole|Matol)|l matole?)
words that start with string 'ta' and contain substring 'n' and end with string 'e' or 'y',ta(?:an(?:ay|e)|nay)
words that start with string 't' and contain substring 'r' and another 't' and end with string 'r',ta(?:ar ta|r ?t)ar
words that start with string 't' and contain substring 'b' and end with string 'a' or 'ah',tab(?:ah|bah|baa|bha)
words that start with string 't' and contain substring 'ba' and 'k' and end with string 'n',tabah k[iu]n
words that start with string 't' and contain substring 'ba' and 'h' and end with string 'i' or 'e',t(?:abah(?:(?:ee|i)|e)|b[ab]ahi)
words that start with string 't' and contain substring 'b' or 's' and end with string 'ra' or 'rah',t(?:abs(?:[ai]ra|rah)|bsara)
words that start with string 't' and contain substring 'fr' and end with string 'k' or 'q',tafr(?:ee|i)q
words that start with string 't' and contain substring 'hl' and end with string 'l',t(?:ehl(?:ee|i)|ahlee)l
words that start with string 'ta' or 'te' and end with string 'sh',t(?:ai|e|ey|ay)sh
words that start with string 't' and end with string 'z' or 'x',t(?:(?:e(?:zz|x)|ez)|aiz)
words that start with string 't' and contain substring 'z' or 'x' and end with string 'i',t(?:(?:e(?:zz|x)|ez)|aiz)i
words that start with string 't' and contain substring 'jaw' and end with string 'z',ta?jaw[au]z
words that start with string 't' and contain substring 'kab' and end with string 'r',t(?:akab(?:b[au]|[au])|kabbu)r
words that start with string 't' and contain substring 'ka' and end with string 'n',th?akaa?n
words that start with string 'ta' and contain substring 'k' and end with string 'd',taa?k(?:i|ee)d
words that start with string 'ta' and contain substring 'kh' and end with string 'r',takh(?:ee|i)r
words that start with string 't' and contain substring 'khf' and end with string 'f',ta?khf(?:ee|i)f
words that start with string 't' and contain substring 'kk' and end with string 'r',ta?kkar
words that start with string 't' and contain substring 'kl' and end with string 'f',takl(?:ee|i|ea)f
words that start with string 't' and contain substring 'kl' and 'f' and end with string 'da' or 'dah',takl(?:e(?:af dah|ef da)|if d(?:eh|a))
words that start with string 't' and contain substring 'kl' and 'f' and end with string 'dehi' or 'dahi',takl(?:e[ae]f dahi|if d[ae]hi)
words that start with string 't' and contain substring 'kl' and 'f' and end with string 'deh' or 'dah',takl(?:e(?:af d[ae]|ef de)h|if deh)
words that start with string 't' and contain substring 'kl' and 'f' and end with string 'dena' or 'dana',takl(?:e(?:af da|ef de)na|if d[ae]na)
words that start with string 't' and contain substring 'kr' and end with string 'na',takraa?na
words that start with string 't' and contain substring 'l' and end with string 'kh',tala?kh
words that start with string 't' and contain substring 'l' and end with string 'khi',tala?khi
words that start with string 't' and contain substring 'lm' and end with string 'lana',t[ai]lm[ai]lana
words that start with string 't' and contain substring 'm' and 'skh' and end with string 'r',tamaskh[aeu]r
words that start with string 'tam' and contain substring 'k' and end with string 'nat',tama?k[ae]nat
words that start with string 't' and contain substring 'n' and 'z' and end with string 'a',t[ai]naa?za
words that start with string 't' and contain substring 'nb' and end with string 'i' or 'e' or 'h',tanb(?:ee|i)h?
words that start with string 't' and contain substring 'n' and end with string 'g',t(?:angg?|ngg|ung)
words that start with string 't' and contain substring 'ng' and end with string 'i',t(?:(?:angg?|ng)|ung)i
words that start with string 'tan' or 'ten' and contain substring 'ha' and end with string 'i' or 'e',t(?:anha(?:y[ei]|[ei])|enhai)
words that start with string 't' and contain substring 'nq' or 'nk' and end with string 'd',tan(?:ki|kee|qi|qee)d
words that start with string 't' and contain substring 'n' and end with string 'z',t(?:(?:a?nz|a?n)|un)z
words that start with string 't' and contain substring 'nz' and end with string 'ia' or 'ya',tanziy?a
words that start with string 't' and contain substring 'p' and 'ka' and end with string 'na',t(?:pp?kana|ap(?:ak|ka)na)
words that start with string 't' and contain substring 'p' and 'k' and end with string 'na',t(?:pakk?na|ap[ak]kna)
words that start with string 't' and contain substring 'ks' and 'qs' and end with string 'm',t(?:(?:aqs(?:ee|i)|a(?:ks|x)ee)|uxee)m
words that start with string 't' and contain substring 'r' or 'd' and 'p' and end with string na',t(?:(?:a[dr]appn|a[dr]apn)|[dr]appn)a
words that start with string 'ta' and contain substring 'r' and end with string 'ek' or 'ik',taa?r(?:ee|i)k
words that start with string 't' and contain substring 'r' and end with string 'z',tar(?:ee|i)z
words that start with string 't' and contain substring 're' or 'ri' and end with string 'q' or 'k',tar(?:ik|iq|ek)
words that start with string 't' and contain substring 'r' and end with string 'q' or 'k',t(?:ar(?:a[kq]|[kq])|ra[kq])
words that start with string 'tasa' and contain substring 'd' and end with string 'm',tasad[au]?m
words that start with string 't' and contain substring 'sh' and 'd' and end with string 'd',tasha(?:du|da|dda)d
words that start with string 't' and contain substring 'sh' and another 'h' and end with string 'r',tash(?:h(?:ee|i)r|eer)
words that start with string 't' and contain substring 'sh' and 'w' or 'v' and end with string 'sh',tash[wv](?:i|ee)sh
words that start with string 't' and contain substring 'he' or 'hi' and end with string 'n',(?:(?:touhee|toh(?:ee|i))|Tauhee)n
words that start with string 'ta' and contain substring 'va' or 'wa' and end with string 'n',ta[vw]aa?n
words that start with string 't' and end with string 'sh',t(?:aye|e|ai)sh
words that start with string 't' and contain substring 'za' and end with string 'd',t[ai]zaa?d
words that start with string 't' and contain substring 'z' and 'h' and end with string 'k',t[ae]zh(?:ee|i)k
words that start with string 't' and contain substring 'h' and 'q' and end with string 'r',t(?:[ae]hqee|haqi)r
words that start with string 't' and contain substring 'h' ad 'r' and end with string 'k',t(?:ehr(?:ee|i)|ahree)k
words that start with string 'te' and contain substring 'o' or 'w' or 'v' and end with string 'ri',te(?:[vw]a|o)ri
words that start with string 'te' and contain substring 'r' or 'd' and end with string 'a',te(?:h[dr]|rh)a
words that start with string 't' and contain substring 'za' and end with string 'b',te?zaa?b
words that start with string 'th' and contain substring 'k' and end with string 'n',thak(?:a|u|aa)n
words that start with string 'th' and contain substring 'r' and 'k' and end with string 'i' or 'y',t(?:h(?:ar(?:a?ki|key)|urkey)|arkki)
words that start with string 'th' and contain substring 'k' and end with string 'r',th(?:o(?:ka(?:rr?|ar)|qar)|ukar)
words that start with string 'th' and contain substring 'k' and end with string 'na',th(?:ok(?:(?:h?naa|h?na)|ana)|ukna)
words that start with string 'th' and contain substring 'ns' and end with string 'na',th(?:oons(?:[as])?na|unsnn?a)
words that start with string 'th' and contain substring 'd' and 'r' and end with string 'a',th(?:o(?:(?:raa?|da)|ura)|aura)
words that start with string 'th' and contain substring 't' or 'th' and end with string 'a',th(?:a(?:utha\t|wtha)|ot(?:(?:ha)?a|ha))
words that start with string 't' and contain substring 'h' or 'm' and end with string 't',t(?:o(?:(?:hmath?|met)|hamat)|uhmat)
words that start with string 't' and contain substring 'f' and end with string 'an',t(?:oo?fan|ufaa?n)
words that start with string 't' and contain substring 'o' or 'u' and end with string 't',t(?:oo|ut|u)t
words that start with string 't' and contain substring 'ta' and 'h' and end with string 'wa',T(?:oota Ho|uta H[ou])wa
words that start with string 't' and contain substring 'ta' and 'ph' and end with string 'ta' or 'tha',T(?:oota Phooth?a|uta Phuth?a)
words that start with string 't' and contain substring 't' or 'n' and end with string 'a',t(?:oo|u)tna
words that start with string 't' and contain substring 'r' or 'd' and end with string 'a',to(?:r|rr|d)a
words that start with string 't' and contain substring 'r' or 'd' and end with string 'na',to(?:r|rr|d)na
words that start with string 'to' or 'tau' and contain substring 's' or 'q' and end with string 'shuda',t(?:ou|au|o)s(?:ee|i)q shuda
words that start with string 't' and contain substring 'k' and end with string 'da' or 'ra',tuk[dr]a
words that start with string 't' and contain substring 'n' and 'z' and end with string 'l',t[au]naz(?:ul|il|al)
words that start with string 't' and contain substring 'r' and end with string 'sh',tur(?:a|u)sh
words that start with string 'u' or 'o' and contain substring 'd' and end with string 's',(?:udaa?|odaa)s
words that start with string 'u' or 'o' and contain substring 'd' and end with string 'si',(?:uda[as]si|odasi)
words that start with string 'u' or 'o' and contain substring 'd' and end with string 'r',(?:udha|od[ah])ar
words that start with string 'u' or 'o' and contain substring 'd' and end with string 'm',[ou]dh?am
words that start with string 'u' or 'o' and contain substring 'j' and end with string 'r',(?:uj(?:(?:aa|u)|a)rr|oj[au]rr)
words that start with string 'u' or 'o' and contain substring 'j' and end with string 'ra',(?:(?:ujarr|ujrr?)a|oja?rra)
words that start with string 'u' or 'o' and contain substring 'ks' and end with string 'na',[ou]ksana
words that start with string 'u' or 'o' and contain substring 'ks' and end with string 'ya',[ou]ksaya
words that start with string 'u' or 'o' and contain substring 'kt' and end with string 'ya',(?:oa?ktaya|ukta(?:iya|ya ))
words that start with string 'u' and contain substring 'lat' and 'p' and end with string 'at',ulat p[ua]lat
words that start with string 'u' or 'o' and contain substring 'lj' and end with string 'n',[uo]ljh?an
words that start with string 'u' or 'o' and contain substring 'lj' and end with string 'a',(?:uljh?aa|[Uo]ljha)
words that start with string 'u' or 'o' and contain substring 'lj' and end with string 'na',(?:uljh?|oljh)ana
words that start with string 'u' or 'o' and contain substring 'lj' and end with string 'o' or 'w',(?:uljhow|uljh?ao|oljhao)
words that start with string 'u' or 'o' and contain substring 'l' and end with string 'u' or 'o',(?:ul(?:l(?:oo|u)|u)|ollu)
words that start with string 'u' or 'o' and contain substring 'lt' and end with string 'a' or 'h',[ou]ltah?
words that start with string 'u' and contain substring 'd' or 'r' and end with string 'ta',u(?:rr?ta|dta)
words that start with string 'u' or 'o' and contain substring 'ta' and end with string 'r',(?:utaa?|otaa)r
words that start with string 'u' or 'o' and contain substring 'ta' and 'r' and end with string 'na',(?:utaa?rna|otarna)
words that start with string 'w' and contain substring 'h' and 'm' and end with string 'y' or 'i',(?:vehmy|w[ae]hmi)
words that start with string 'wa' and contain substring 'rd' and end with string 't',Wa(?:arda|rd)at
words that start with string 'w' and contain substring 'ba' and 'm' and end with string 'l',Wabaa?l
words that start with string 'w' and contain substring 'f' and 'a' and end with string 't',w(?:afaa?|efaa)t
words that start with string 'w' or 'v' and contain substring 'rg' and 'la' and end with string 'na',(?:(?:vergha|verga?)lana|w(?:ergha|arg)lana)
words that start with string 'w' and contain substring 'sw' and 's' and end with string 'y' or 'i',waswas(?:ay|i)
words that start with string 'w' or 'v' and contain substring 'ra' and end with string 'ni',(?:wee|v[ei])rani
words that start with string 'w' or 'v' and contain substring 'h' and end with string 'm',(?:W(?:eh[au]m|ahm)|Vehm)
words that start with string 'w' or 'v' and contain substring 'h' and end with string 'mi',(?:vehmi|w[ae]hmi)
words that start with string 'w' and contain substring 'sh' and end with string 'i',w(?:[ae])?hshi
words that start with string 'w' or 'v' and contain substring 'ra' and end with string 'n',[wv]eraan
words that start with string 'w' or 'v' and contain substring 'ra' and end with string 'ni',(?:weraa?ni|verani)
words that start with string 'yar' and contain substring 'g' and 'm' and end with string 'l',yarg(?:ha|a?)mal
words that start with string 'z' and contain substring 'b' and 'rd' and end with string 'sti',(?:z(?:abe|ubu|b)|Zaba)rdasti
words that start with string 'z' and contain substring 'b' and end with string 'o' or 'u' or 'n',z(?:ab(?:(?:oon|u)|oo)|boo)
words that start with string 'z' and contain substring 'h' and 'm' and end with string 't',zah[aei]rdari
words that start with string 'z' and contain substring 'r' and 'aa' and end with string 'b',z(?:air aab|ere? aa)b
words that start with string 'z' and contain substring 'kh' and end with string 'm',zakh[ua]?m
words that start with string 'za' and contain substring 'l' and 'm' and end with string 'l',zal(?:ee|i)l
words that start with string 'z' and contain substring 'l' and end with string 'm',(?:xalim|zal[aiu]m)
words that start with string 'z' and contain substring 'h' and 'm' and end with string 't',z(?:alza?|lza)la
words that start with string 'z' and contain substring 'r' and 'm' and end with string 'r',zarr?ar
words that start with string 'z' and contain substring 'r' and another 'r' and 's' and end with string 'ai',Zar(?:rar Rasaa?i|ar Rasai)
words that start with string 'z' and contain two substrings 'r' and one substring 'ras' and end with string 'an',Zar(?:rar Rasaa?n|ar Rasan)
words that start with string 'z' and contain substring 'lza' and end with string 'la',(?:z|x)ara?b
words that start with string 'z' and contain substring 'w' and end with string 'l',zawaa?l
words that start with string 'z' and contain substring 'y' or 'd' and end with string 'ti',z(?:(?:iyad?|iad)|ayad)ti
words that start with string 'z' and contain substring 'h' and 'm' and end with string 't',z[ae]hmat
words that start with string 'z' and contain substring 'i' and end with string 'd',zidd?
words that start with string 'z' and contain substring 'i' and end with string 'di',zidd?i
words that start with string 'z' and contain substring 'l' and end with string 't',zil(?:att?|l[ae]t)
words that start with string 'zil' and contain substring 't' and 'am' and and end with string 'z',zillat am(?:ai|e)z
words that start with string 'z' and contain substring 'a' and end with string 'a',z[ia]na
words that start with string 'z' and contain substring 'n' and 'k' and end with string 'r',(?:zina ka|z[ai]nak)ar
words that start with string 'z' and contain substring 'n' and 'k' and end with string 'ri',Z[ai]na Kaa?ri
words that start with string 'zo' or 'zu' and contain substring 'ma' and end with string 'ni',z(?:o(?: ma|om)|u ma)ani
words that start with string 'zor' and contain substring 'r' and 'w' or 'v' and end with string 'ar',zor(?: aw|a[vw])ar
words that start with string 'z' and contain substring 'rd' and end with string 'r',z(?:ore?|ur)da
words that start with string 'z' and contain substring 'l' and end with string 'm',zula?m
words that start with string 'r' and containing string 'kh' ,r(?:ak(?:he(?:in|y)|ein)|khen)
words that start with string 'sh' and containing string 'ru' or 'ro' ,sh(?:ur(?:oo|u)|ro?u)
words that start with string 'a' containing string 'g'  and ending with' r' ,ag(?:ga|(?:[ae])?)r
words that start with string 'k' containing one substring 'r' and ending with string 'n' ,k(?:ar(?:ei?n|yen)|erein)
"words that start with string 'k' and ending with string 'e' or string 'y' , containing one string 'r' in between",k(?:ar(?:ay|[ey])|ray)
words that start with string 'li' or string 'ly'and ending with string 'e' or string 'a',l(?:i(?:(?:yea|e)|ye)|ye)
words that start with string 'le' or string 'li'and ending with string 'y' or string 'h',l(?:e(?:yeh|a[hy])|iey)
words that start with string 'd' optionally containing another character and ending with string 'n' ,d[iea]?[iay]?n
words that start with string 't' containing string 'r' and ending with string 'h' or string 'a' ,t(?:ar(?:(?:ha|ah)|h)|erha|ra)
words that start with string 'tar' and ending with string 'n'  containing string 'ha',tarhaa?n
words that start with string 'k' and  containing string 'rt' in between ,k(?:art(?:ai|[ey])|rtay)
words that start with string 'chah'and ending with string 'y' string 'a' string 'e' or string 'n',chah(?:i(?:yen|ay)|eye|ya)
words that start with string 'ch' and may containing another string 'h' or string 'y'and ending with string 'e' or string 'y',ch(?:a(?:hiy|e)|a?ye)
"words that start with string 'd',  containing string 'u' and string 'o' in between,  containing string 'sr'",do[ou]?sr[uo]u?n?
"words that start with string 'ba','bh' and ending with string 'a','e','I'",b(?:ah[ei]|h(?:a[ei]|ia))
"words that start with string 'ba','bh' and ending with string 'I' or string 'a' may containing string 'y' or string 'yy'",b(?:a(?:hiya|i)|hayya)
"words that start with string 'm' and ending with string 't', may containing one string 'a' in between",m[at]?t?
"words that start with string 'p' and ending with string 'x','z','g',  containing one or more string 'l'",pl*[xzg]
"words that start with string 'b', may containing one string 'h' and ending with string 't'",b(?:(?:aho|h)|oha)t
words that start with  string 'b' and ending with string 't',b(?:h(?:oo|u)|oa)t
words that start with string 'bh' and ending with string 't',bh(?:oe?|au)t
words that start with string 'b' containing one or two string 'h' ,b(?:ah(?:th|ut)|hoat)
words that start with string 'ba' and ending with string 't',bah(?:au?t|t)
words that start with string 'b' containing one string 'h' in between and ending with string 't',boh[oie]t
words that start with string 'boha'andand ending with string 't',boha(?:at|th)
words that start with string 'bo' and ending with string 't',bohu?t
words that start with string 'farm' or string 'frm'and ending with  string 'y',f(?:arm(?:ae)?y|rma?y)
"words that start with string 'farm' or string 'frm'and ending with string 'a','e' ,'I'",farm(?:a(?:ye|[ei])|iya)
"words that start with string 'fram', string 'ferm' or string 'farm'and ending with string 'n'",f(?:r(?:amaai|maie)n|(?:(?:ermye|armay)|ermy)n)
words that start with string 'f' or string 'p' and  containing string 'may' in between,(?:f(?:armaaya|urmaye)|parmaye)
words that start with string 'in' and  containing one string 's' and one string 'b',in(?: s(?:[au])?b|sb)
"words that start with string 'sh' and ending with string 'm',  containing one string 'r'",sh[ae]r[ae]m
"words that start with string 'h' and ending with string 'y' or string 'I',  containing string 'm' in between",h(?:amai|um(?:ay|ei)|(?:a?m|ma)y)
"words that start with string 'k',  containing one string 'r' and ending with string 'u' or string 'o'",k(?:[ae]ro|r[ou])
words that start with string 'kh'  containing one string 'l' and ending with string 'n',kh(?:ailai|el(?:ai|e))n
"words that start with string 'p' and ending with string 'a',  containing one string 'd'",p(?:ai|[ey])da
"words that start with string 'kh' and ending with string 'sh',  containing string 'o' or string 'a' in between",kh(?:(?:oa|u)|o)sh
"words that start with string 's' and may containing one string 'h',and endinging with string 'e' or string 'I', not more than  four letters in total",sa(?:h[ei]|i)
words that start with string 'k' and ending with string 'r' containing vowel in between,k(?:[aeu])?r
"words that start with string 'k' and  containing one string 's',and endinging with string 'y' or string 'e'",k(?:ais(?:ay|e)|esy)
"words that start with string 'm',  containing one string 'r' and ending with string 'I'",m(?:(?:a[iy]|e)|a?)ri
"words that start with string 'nah' and ending with string 'I','e' or string 'n'",nah(?:een|e|i)
words that start with string 'nh' and ending with string 'n',nh(?:in?)?
words that start with string 'th' or string 't' and ending with string 'y' or string 'I',t(?:h(?:ai|y)|ai|y)
"words that start with string 'r' and ending with string 'y' , containing one string 'h'",r(?:ah(?:a[iy]|y)|ehe|hy)
"words that start with string 'l' and ending with string 'I' or string 'y' or string 'h', containing string 'a' or string 'e' in between",l(?:a[iy]|eh|y)
words that start with string 's'  containing one string 'k' and ending with string 'y' or string 'I',s(?:aktay|kt(?:ai|y))
words that start with string 'hu' and ending with string 'a',hu(?:aa?|wa)
words that start with string 'h' and ending with string 'va' or string 'wa',h(?:o[vw]a|va)
words that start with string 'de' must have string 'kh' or string 'k'and ending with string 'na',de(?:ak(?:ha)?na|kha?na)
words that start with string 'da' must have string 'kh'and ending with string 'na',da(?:ikh(?:ai)?na|khna)
words that start with string 'd'and ending with string 'khna',dy?khna
words that start with string 'n'  containing string 'k'and endinging with string 'I',n(?:a[iy]ki|[ey]ki)
words that start with string 'aa' or string 'ay'and ending with string 'n' or string 'a',a(?:aien|yaya)
words that start with string 'a'and ending with string 'I' or string 'y',a(?:[ae]i|y)
words that start with string 'a' or string 'aa'and ending with string 'e',a(?:ay|y?)e
words that start with string 'm'  containing string 'hrb' or string 'rb' in between,m(?:ehrbani|ahrbne|hrbani|arbani|hrbni)
words that start with string 'ko' and containing string 'sh' or string 's' inbetweenand endinging with string 's' or string 'sh',kos(?:h(?:esh?|ish)|is)
words that start with string 'j' and  containing one string 'g'and ending with string 'a',jgh?a
words that start with string 'jag'and ending with string 'a' or string 'h',jag(?:ah?|ha)
words that start with string 'rah'and ending with string 'y',rah(?:y?a)?y
"words that start with string 'r' or string 'rah'and ending with string 'I','e' or string 'y'",r(?:ah(?:ai|e)|hy)
"words that start with string 'k' and  containing string 'k', string 'n' and string 'r' in between",ha?mk[ia]?na?r
words that start with string 'mj'and ending with string 'a' or string 'y',mj(?:h(?:a(?:ya)?|ey)|y)
words that start with string 'muj'and ending with string 'I' or string 'h',muj(?:haih?|ai)
words that start with string 'muj'and ending with string 'e' or string 'y',muj(?:ahay|he)
"words that start with string 'l' may containing string 'a','e', or string 'I' and mayand ending with string 'n'",l(?:ain|ai|en|y)
three or four letter words that start with string 'do' or string 'du'and ending with string 'a',d(?:u(?:aa?|wa)|oa)
words that start with string 'do' or string 'du' and ending with string 'ein',d(?:ow|u)aein
words that start with string 'dua'and ending with string 'en' or string 'in' ,dua(?:ye|i)n
"words that start with string 'd' and ending with string 'ya',  containing one string 'n'",dun(?:i?y|i)a
words that start with string 'chaht' and may containing another string 'h' but  containing one string 't',chaht(?:a[iy]|[ey])
words that start with string 't'  containing string 'y' and ending with string 'ar',t(?:[ai]y|ya)ar
words that start with string 'w'  containing string 'es' or string 'as' ,w(?:es(?:ai|y)|asie)
words that start with string 'w'and ending with string 'sa',w(?:ai)?sa
words thagt start with string 'we'and ending with string 'a',we[sx]a
"words that start with string 'h' and ending with string 'r', may containing string 'e' ,'u' ,'a' in between",h(?:[aeu])?r
words that start with string 'la'and ending with string 'ty' or string 'ay',la(?:ta|yt)y
words that start with string 'lyt'and ending with string 'I' or string 'y',lyt(?:ai|y)
words that start with string 'l'and ending with string 'te',ly?te
words that start with string 'zab'and ending with string 'dast',zab(?:ar ?|bar)dast
words that start with string 'zab'  containing string 'berd' or string 'bard'and ending with string 'st' or string 'sth',zab(?:ardusth|erd[au]st)
words that start with string 'zab' and one string 'r' may containing digit withand ending,zab(?:ar 10|rdast)
words that start with string 'z'and ending with  string 'brdst',zu?brdst
words that start with string 'bta'and ending with string 'n',bta(?:ei|ye)n
words that start with string 'bat'and ending with  string 'e' or string 'n' must have one string 'I',bat(?:a(?:ein|yie)|yin)
"words that start with string 'k' and ending with string 'c','s' or string 'x', may containing string 'I' ",k(?:i[csx]|s)
words that start with string 'me' or string 'ma'and ending with string 'e' must have one string 'r',m(?:ayr|ery)e
"words that start with string 'mer'and ending with string 'y','I' or string 'e'",mer(?:a[iy]|e)
words that start with string 'm' must have one string 'r'and ending with string 'y' or string 'e',m(?:aire|ry)
words that start with string 'kami' and ending with string 'ab',kami(?:yab\t|ab)
words that start with string 'mehn'and ending with string 't',mehn(?:[au])?t
words that start with string 'm' must have string 'hn'and ending with string 't',m(?:ahni|hn)t
words that start with string 'm'  containing string 'nat' and ending with string 'a' or string 'y',m(?:anatay|nat[ay])
"words that start with string 'ga' or string 'ge'and ending with string 'e','a' or string 'I'",g(?:a(?:ye|i)|ea)
"words that start with string 'gy'and ending with string 'a','y' or string 'I'",gy(?:ay|a|i)
words that start with string 'b' must have string 'nan'and ending with string 'y' or string 'I',bnan(?:ai|y)
"words that start with string 'banan'and ending with string 'e','y'  ",banan(?:ey?|ay)
words that start with string 'b'and ending with string 'da',ba?da
words that start with string 'b'and ending with string 'ra',b(?:arr?a|ra)
words that start with string 'her' and ending with string 'an',heraa?n
words that start with string 'h'and ending with string 'ran',h(?:ai|[iy])ran
words that start with string 'k' or string 'q'and ending with string 'o' may containing string 'I',(?:kiu?o|q)
words that start with string 'ky'and ending with string 'n',kyun?
words that start with string 'ki'and ending with string 'un',kiy?un
words that start with string 'b' and ending with string 'rosa',b(?:ha|a?)rosa
words that start with string 'b'  containing string 'd' or string 'r' and ending with string 'ao',b(?:harh?ao|adhao)
words that start with string 'p' and ending with string 'ra',p(?:(?:oo|u)|o)ra
"words that start with string 'p'  containing string 'r' and with string 'e', string 'a' or string 'y'",p(?:oor(?:ay|e)|ur(?:ay|e))
words that start with string 'h' muct containing string 'm' and ending with string 'sha',h(?:m(?:ai|y)|ume)sha
words that start with string 'la'  containing string 'd'and ending with string 'e' or string 'y',la(?:ade|day)
words that start with string 'l'  containing  string 'r' and ending with string 'y' or string 'I',l(?:urr(?:ay|ei)|rai
words that start with string 'a' must have string 'sh' or string 'ch'and ending with string 'a' or string 'w',a(?:ccha|shaw)
words that start with string 'a' must have one string 'h'and endinging with string 'a' or string 'e',a(?:ch[ae]|[sx]ha)
words that start with string 'hoja'and ending with string 'y',hoja[ea]y
"words that start with string 'hoja'and endinging with string 'I','e' or string 'n'",hoja(?:ye(?:in)?|ie?)
words that start with string 'de'and ending with string 'kha',de(?:[ai])?kha
words that start with string 'da'and ending with string 'kha',da(?:[iy])?kha
words that start with string 'd'and ending with string 'kha',d(?:(?:hak|kh)|ykh)a
words that start with string 'kh' and ending with string 'hish',kh(?:(?:awah|(?:ah|o))|uwah)ish
"words that start with string 'k'  containing string 'ht' and ending with string 'a' ,'e' or string 'y'",k(?:eht(?:ay|e)|a?hty)
"words that start with string 'a'  containing string 'ja' and ending with string 'e','I' or string 'y'",a(?:ajaye|ja(?:ye|[ei]))
words that start wit string 'm'   containing string 'sib' and ending with string 't',m(?:asibe?t|usib[ae]t)
words that start with string 'h' and ending with string 'mat' with any number of string 'm' and string 'a',h(?:emaa?t|imm?at)
words that start with string 'v' or string 'w' and ending with string 'sta',[wv]aa?sta
words that start with string 'peh'and ending with string 'e' or string 'y',peh(?:aly|l[ey])
words that start with string 'ph'and endinging with string 'y' or string 'a',ph(?:elay|al[ay])
words that start with string 'e' or string 'a' and ending with string 'tmad',[ea]i?tmad
words that start with string 'b' and  containing string 'ta'and endinging with string 'u' or string 'o',ba?ta[uo]
words that start and ending with any number of string 'a' and string 'o' respectively may containing a string 'y' or string 'w',a(?:yoo?|(?:[aw])?o)
"words that start with string 'b'  containing string 'th' and ending with string 'I','y' or string 'n'",b(?:e(?:athein|thai)|(?:atha|yth)y)
words that start with string 'd'  containing another string 'd' in between and ending with string 'y' or string 'n',d(?:ay dain|y dein|e day|ydn)
words that start with string 'kh'  containing string 'lt'and endinging with string 'y' or string 'e',kh(?:ailt(?:ay|e)|elt[ey])
words that start with string 'in' or string 'an' must have a string 'll'and ending with string 'h',(?:ansha allha|insallah)
words that start with string 'a' or string 'I'  containing string 'sh' and string 'll'and ending with string 'h',in(?: sha |(?:(?:sha |nsh)|sha))allah
words that start with string 'z'and ending with string 'yada',z[aei]yada
words that start with string 'z'and ending with string 'da',z(?:ai|ya)da
words that start with string 'x' or string 'z' and ending with string 'da',(?:z(?:ea|[ay])da|xada)
words that start with string 't'and ending with string 'y' must have one string 'r',t(?:ayra|yr)y
words that start with string 'ter' and endinging with string 'e' or string 'y',ter(?:ay|[ey])
words that start with string 'bh' and containing string 'la' in between,bh(?:alay?i|lae)
words that start with string 'ko'and ending with string 'm',koo?m
words that start  string 'qo' or string 'qa' and ending with string 'm',q(?:(?:o[au]|o)|au)m
words that start with string 'and' and ending with string 'r',and[ae]?r
words that start with string 'mel'and ending with string 'e' or string 'y',mel(?:ay|e)
words that start with string 'mil'and ending with string 'y' or string 'e',mil(?:yay|ay|e)
words that start with string 'ist'  containing one string 'm' and ending with string 'l',ist(?:ama|e?m)al
words that start with string 'su' or string 'so' must have string 'k'  and string 'r'and ending with string 'ia' or string 'ya',s(?:uke?ri|okrey)a
words that start with string 'shokr'and ending with string 'ya',shokre?ya
words that start with string 'shkr'and ending with string 'ia' or string 'ya',shkriy?a
words that start with string 'shuk'and ending with string 'ria',shuk(?:[ae])?ria
words that start with string 'shukr'and ending with string 'ya',shukre?ya
words that start with string 'shuk'and ending with string 'a' or string 'h',shuk(?:iriyaa|riyah?)
words that start with string 'ch'and ending with string 'x',che?e?x
words that start with string 'che'and ending with string 'z' or string 'e',che(?:e(?:se|z)|az)
words that start with string 'b'  containing string 'fi' followed by string 'k' or string 'q' and ending with string 'r',b(?:(?:ayfik|yfiq)|efika)r
words that start with string 'b'  containing one string 'z' and ending with string 'rg',f(?:a(?:(?:ie|[ey])|i)da|yda)
words that start with string 'm'  containing string 'h' and string 'b' and ending with string 't',m(?:uhabb?at|oha?bat)
words that start string 'jay',jay(?:ay|e)
words that start with string 'ja'and ending with string 'e' or string 'I',ja(?:ei?|ie)
words that start with string 'ta'  containing one string 'r' and ending with string 'f',ta(?:r(?:e[ae]|i)|ari)f
words that start with string 'kh' and ending with string 'b',kh[ou][ou]?b
words that start with string 'Is'  containing string 'me',is(?: mein|me)
words that start wit string 'is'  containing string 'may',is(?: mayn|may)
words that start with string 'is'and ending with string 'n' or string 'in' ,is(?: mai|m)n
words that start with string 'm' and ending with string 'dad',ma?dad
words that start with string 'da'and ending with string 'khtay',da[iy]khtay
words that start with string 'd'and ending with string 'khte',de?khte
words that start with string 'de' must have string 'kht'and ending with string 'y',de(?:akhta|kht)y
four letter words that start wit string 'sh'and ending with string 'r',sh[ai]r
words that start with string 'sh'and ending with string 'r' must have string 'e' or string 'a' in between,sh(?:ae|ea)r
words that start with string 'sha'and ending with string 'r' or string 'e',sha(?:ir|re)
words that start with string 'tar'and ending with string 'qi',tar[aq]qi
words that start with string 'tarak'and ending with string 'I',tarak(?:[ak])?i
words that start with string 't'and ending with string 'raqqi',ta?raqqi
words that start with string 'ach'and ending with string 'e',ach[hi]e
words that start with string 'a'and ending with string 'e' or string 'I' may have digit in between,a(?:chai|6e)
words that start with string 'ach'and ending with string 'y' or string 'e',ach[ye]
words that start with string 'ach'and ending with string 'y',ach[ae]y
words that start with string 'h'  containing string 'g' and ending with string 'e' or string 'I',h(?:og[ei]|ugi|gi)
words that start with string 'd' and ending with string 'ti',d(?:ay|[ey])ti
words that start with string 'bh'and ending with string 'ye' or string 'ay',bh(?:oleay|uleye)
"words that start with string 'bho'and ending with string 'ye' or string 'ay' , string 'u'",bho(?:oliye|li(?:ay|ye))
words that start with string 'fa' or string 'fy' and ending with string 'da',f(?:a(?:(?:ie|[ey])|i)da|yda)
words that start with string 'r'  containing string 'wa' and ending with string 'ya' or string 'ye',r(?:uwa(?:eya|yye)|awaya)
words that start with string 'tare'and ending with string 'ka',taree?ka
words that start with string 'tareek'and ending with string 'y' or string 'e',tareek[ye]
words that start with string 'tariq'and ending with string 'y',tariqa?y
words that start with string 'tare'and ending with string 'e' or string 'y' mjst have string 'eq',tare(?:eqe|q[ey])
words that start with string 't'and ending with string 'qa' must have string 'ri' or string 're',t(?:hare|a?ri)qa
words that start with string 'p' or string 'f'  containing string 'lan' and ending with string 'y',(?:ph(?:elana?|ilana)y|felanay)
"words that start with string 'kh'  containing string 'sh' and ending with string 'I', string 'y' or string 'e'",kh(?:osh[ei]|ush[iy])
words that start wih string 'es'and ending with string 'e' or string 'y',es(?:ay|[ey])
words that start with string 'a' or string 'I'and ending with string 'y' must have one string 's',(?:aisa|isa?)y
words that start and ending with string 'a' must have one string 'la',a[al]la
words that start with string 'a'and ending with string 'a' or string 'w' must have one string 'l' in between,a(?:a?law|wlaa)
words that start with string 'k' and ending with string 'y' or string 'e',k(?:i(?:y(?:ay|e)|ay)|eay)
words that start with string 'm' or string 'M' must have string 'sha' and string 'allah',(?:Ma'sha'ALLAH|ma\-sha\-allah)
words that start with string 'ma' must have string 'sa' or string 'sha'and ending with string 'lah' or string 'lh',ma(?:a sha alla|s(?:halla|sal))h
words that start with string 'dyt'and ending with string 'y' or string 'I',dyt(?:ai|y)
words that start with string 'da' or string 'de'and ending with string 'tay',d(?:(?:ay|e)|a)tay
"words that start with string 'l' must have string 'ki' ,'ke' or string 'ka'and ending with string 'n'",l[eai]k[iea]n
words that start with string 'la'and ending with string 'en' or string 'in' must have string 'k',la(?:kei|[iy]ke)n
words that start with string 'alh'  containing string 'md' and ending with string 'lillah',alh[au]md[uo]lillah
words that start with string 'm' must conain string 'f' and ending with string 'd',m(?:uf(?:ee|i)|afee)d
words that start with string 'h'  containing string 'as' many as and ending with string 'a',h(?:iss?a|esa)
words that start with string 'j'  containing string 'og' and ending with string 'y',j(?:aw?ogay|wogy)
words that start with string 'walikum' and have string 'as' afterwards,walikum (?:as salam|Aslaam )
words that start with string 'wa' must have string 'kum' and string 'ass' in between,wa(?:\-aLikUm\-assLaM|lkumassalam)
words that start with string 'w'and ending with string 'salam',w\.?salam
words that start with string 'walekum' or string 'Walekum'and ending with string 'lam' or string 'lm',(?:(?:walekum asala?|walekumassala)|Walekumassala)m
words that start with string 'walaikum'and ending with string 'lam' or string 'laam',walaikum(?: assal|us(?:sla|Sal))am
words that start with string 'Wa' must have string 'alikUm' ,Wa\-alikUm\-assLa(?:aM|m)
words that start with string 'walikum'and ending with string 'lam',(?:(?:walikum asa|walikum sa?)|Walikum sa)lam
words that start with string 'p'  containing string 'h' and ending with string 'l',p(?:eha?l|a?hl)
words that start with string 'As' must have string 'lam'and ending with string 'kum' or string 'kam',As(?:alam o aleku|lam o Al(?:aka|iku))m
words that start with string 'ass' must have string 'lam'and ending with string 'kum' or string 'km',ass(?:lam o aulaieku|alam(?: o aliyku|\-oaluk))
words that start with string 's' or string 'ss' must have string 'lam' or string 'lm'and ending with string 'ikum',s(?:alam  alal|salm\-o\-ala)ikum
words that start with string 'assalam'and ending with string 'kum',as(?:salam(?: ualikum\t|uallaikum)|alamu alikum)
words that start with string 'as' must have string 'lam'and ending with string 'ikum',as(?:salamo ala|alam al)ikum
words that start with string 'um'and ending with string 'ed' or string 'id',um(?:(?:ee|i)|mi)d
words that start with string 'o' must have one string 'm'and ending with string 'id' or string 'ed',o(?:umai|mee)d
words that start with string 'kh'  containing string 'l' and ending with string 's',kh(?:uluss?|oloos|alus)
words that start with string 'mubar'and ending with string 'k',mubar[ia]k
words that start with string 'mub' or string 'mb'and ending with string 'k' must have string 'br',m(?:ubra?|broo)k
four letter words that start with string 't'and ending with string 'k',t(?:ea|hi)k
words that start with string 'the'and ending with string 'k',the[aei]k
words that start with string 's'  containing string 'd' followed by string 'k' or string 'q',s(?:ad(?:qay|ke)|dky)
words that start with string 'b'  containing string 'n' followed by string 'I' or string 'a' and ending with string 'a',b(?:anay|n(?:ay|i))a
words that start with string 'n'  containing string 'm' and string 't'and endinging with string 'n',n(?:(?:eematai|e(?:hmte|maty))|aimatei)n
words that start with string 'hu' must have string 'w'and ending with string 'e' or string 'y',huw(?:ay|e)
words that start with string 'h' may have string 'v'and ending with string 'ay',h(?:ov|[uv])ay
words that start with string 'mehs' and ending with string 's',mehs(?:o[os]s|us)
words that start with string 'tauf'and ending with string 'q',tauf(?:ee|i)q
words that start with string 'tof'and ending with string 'k' or string 'q',tof(?:eek|feq|iq)
words that start with string 'sum' or string 'sm' must have string 'jhay'and ending with string 'e' or string 'a',s(?:umjhaya|mjhaye)
words that start with string 'samjha'and ending with string 'I' or string 'y',samjha(?:ya[iy]|ey)
words that start with string 'm'  containing string 'z' or string 'x' and ending with string 'd',m(?:az(?:ee|i)|(?:ax|z)ee)d
words that start with string 'b'and ending with string 'shumar',b[ae]?y?shumar
words that start with string 'u' or string 'o'  containing string 'mda',[uo]mdah?
words that start with string 'p' and ending with string 'sh',p(?:a[iy]sh|[ey]sh)
words that start with string 's'  containing string 'k' and string 'n'and ending with string 'y',s(?:eek(?:hna|ne)y|ikhna?y)
words that start with string 'int'  containing string 'za' and ending with string 'r',int(?:iza|e?z)ar
words that start with string 'p'  containing string 'rh' and ending with string 'I' or string 'e',p(?:erhyee|rha[ei])
words that start with string 'b'  containing string 'n' and string 'ee' or string 'aa',b(?:ana(?:(?:ye)?e|ayi)|nyaai)
words that start with string 'beht'  containing string 'r' and ending with string 'n',beht(?:ar(?:ee|i)|ree)n
words that start with string 'j' and ending with string 'sa',j(?:a[iy]sa|esa)
words that start with string 'a' must cintain string 'nkh' and ending with string 'I' or string 'n',a(?:ankhein|nkh(?:ain|ei))
words that start with string 'l' followed by string 'o' and ending with string 'g',lo[ua]?g
words that start with string 'p' and ending with string 'r' with total three or four letters,p(?:urr?|(?:[ae])?r)
words that start with string 'm'  containing string 'g' and ending with string 'r',m(?:ag[au]r|ge?r)
words that start with string 'b'  containing string 'dl' and edn with string 'I' or string 'y',b(?:adlei|(?:adla|dl)y|edlay)
four letter words that start with string 'd' and  containing one string 'n',d[uo]n[uo]
words that start with string 'it'  containing string 'fa' and ending with string 'q',it(?:t(?:ifa|ef)aq|efaq)
four letter words that start with string 'mo' ,mo(?:nh|un)?
four letter words that start with string 'mu',mu(?:nh?)?
"words that start with string 'k'  containing string 'rw' and one string 'y'and ending with string 'e','y', string 'n'",k(?:arw(?:ayei?n|hy)|rwaye)
words that start with string 'mang'and ending with string 'e' or string 'y',mang(?:ay|[ey])
words that start with string 'z'  containing string 'r' and ending with string 'y' or string 'e',z(?:ari?ye|r(?:ei|ie)y)
words that start with string 'p'  containing string 'rh' and ending with string 'n',p(?:arh[ay]n|rhen)
words that start with string 's' may containing string 'u' or string 'w' and ending with string 'k' or string 'q',s(?:h(?:o(?:wk|q)|auq)|oq)
words that start with string 'smust' containing string 'yas' and ending with string 't',s[ia]?yasa?t
words that start with string 'rah'and ending with string 'y' or string 'e' must have string 'hi',rahi(?:yey?|ay)
words thet start with string 'r'and ending with string 'yeh' or string 'yei',r(?:ehyeh|hyei)
words that start with string 'p' must have string 'y'and ending with string 'ar',p(?:aya|[ei]y)ar
four letter words that start with string 'p'and ending with string 'r',p[ye]ar
words that start with string 'y'  containing string 'k' or string 'q' and ending with string 'een',ya?[kq]een
words that start with string 'sh'  containing string 'r' and ending with string 'f',sh(?:ar(?:ee|i)|ree)f
words that start with string 'g'  containing string 're' and string 'bo',g(?:haree?bo|arebon|reebo)
words that start with string 'd' and ending with string 'lat',d[oa][uw]?lat
words that start with string 's' and containing string 'l' withand ending with string 'k',s(?:al(?:oo|u)k|luk)
words that start with string 'mz' or string 'maz'and ending with string 'dar',m(?:az(?:za|r)|zai)dar
words that start with string 'mazed'and ending with string 'r',mazedaa?r
words that start with string 'dij'and ending with string 'y',dij(?:iye|ea)y
words that start with string 'dej' or string 'dij'and ending with string 'ye' or string 'ee',d(?:ejye|ijiy)e
words that start with string 'dej'and ending with string 'yy' or string 'e',dejiy[ey]
words that start with string 'maz'and ending with string 'ey' or string 'iy',maz(?:zae|ai)y
words that start with string 'maz'and ending with string 'e',mazz?e
words that start with string 'm'and ending with string 'y' must have string 'z' in between,ma?za?y
words that start with string 'h'and ending with string 'dayat',h[eai]dayat
words that start with string 'mo'and ending with string 'af'  must have string 'k' or  string 'q' in between,mo[kq]af
words that start with string 'm'and ending with string 'qif' or string 'qaf',m(?:ouqa|uaqi)f
words that start with string 'tm'and ending with string 'ry' or string 'rai',tm(?:harai|ary)
words that start with string 'tum'and ending with string 'ea' or string 'ay',tum(?:haray|area)
"words that start with string 'k'  containing string 'j' and ending with string 'e','y','a'",k(?:e(?:(?:yjeay|ejye)|jiye)|ijiye)
"words that start with string 'g' followed by string 'h','a','y' and ending with string 'b'",g(?:ha(?:ya|e)b|a?yab)
"words that start with string 'I' or string 'e' and  containing string 'rad'and ending with string 'e','a','y'",[ie]rad[ea]y?
words that start with string 'w'  containing string 'g'and ending with string 'ra',w(?:agh?era|ga?ra)
words that start with string 'naz'  containing string 'ri' or string 're'and ending with string 'a' or string 'h',naz(?:r(?:eah|iya)|[az]ria)
words that start with string 'j'  containing with least one string 'w'and ending with string 'b',j[oa]ww?ab
"words that start with string 'pak'  containing string 'rn'and ending with string 'e','a','y'",pak(?:arnay|rn(?:(?:ea|y)|e))
words that start with string 'ba' or string 'bh'  containing string 'rhao',b(?:arhaoo?|harhao)
words that start with string 'inho'  containing another string 'n' in between,inho(?:n(?:ay|e)| n[ey])
words that start with string 'b'  containing string 'r' and ending with string 'hay',ba?rr?hay
words that start with string 'aks'  containing string 'r' and ending with string 't',aks(?:ariya|r(?:ea|y))t
words that start with string 'z'  containing string 'm' and string 'da' and ending with string 'ri',z(?:im(?:ayd|yda)ari|emadari)
words that start with string 'b'  containing string 'l'and ending with string 'nd',b[ou]la?nd
words that start with string 'j'and ending with string 'th'  containing one or two string 'o' in between,j(?:hoo?|oo)th
words that start with string 'jh'and ending with string 't',jh(?:oo|ut)t
"words that start with string 'sa'  containing string 'l' and ending with string 'ht', string 'th' or string 't'",sa(?:holath|h(?:oolu|ula)t|ulaht)
words that start with string 'g' must have string 'l'and ending with string 't',g(?:ala?t|lt)
words that start with string 'ghal'and ending with string 't',ghala?t
words that start with string 'h'  containing string 'k'and ending with string 'mat',h(?:(?:ak(?:oo|u)|ako)|uku)mat
words that start with string 'zar'and ending with string 'orat',zar[ro]orat
words that start with string 'zar' or string 'zr'and ending with string 'th' or string 'at',z(?:ar(?:orth|urat)|rorat)
"words that start with string 'ko'and ending with string 'e','I'",koy?[ei]
words that start with string 'm'  containing string 'z' and string 'l' followed by with least one string 'o' or string 'u'and ending with string 'm',m(?:azz?loom|zl[ou]m)
words that start with string 'd' followed by string 'u' or string 'a' and ending with string 'r' and ending with string 'st' or string 'sat',d(?:arusa?t|ur[au]st)
words that start with string 'm'  containing string 'z' and ending with string 'k' or string 'qw',m(?:(?:az)?zaq|azak|uzaq)
words that start with string 'utha'and ending with string 'y' or string 'a',utha(?:ey|[iy])a
words that start with string 'bay'and ending with string 'e' or string 'y',b(?:aych(?:ay|e)|ychy)
words that start with string 'bech'and ending with string 'e' or string 'y',bech[ae]y?
words that start with string 'p'and ending with string 'yaray',pi?yaray
words that start with string 'p' must have string 'yar'and ending with string 're' or string 'ry',p(?:iyare|eary|yare)
words that start with string 'chal'and ending with string 'in',chal[ae]in
words that start with string 'ch'and ending with string 'y' must have string 'l',ch(?:al|la)y
six letter words that start with string 'chal'and ending with string 'n',chal[ie]n
words that start with string 'ch'and ending with string 'lye',cha?lye
words that start with string 'chal'and ending with string 'ye',chal[ie]ye
words that start with string 'b'and ending with string 'k' must have string 'l',ba?l k
words that start with string 'balk',balk(?:eh?|ai)
words that start with string 'kha' must have string 'n'and ending with string 'y',kha(?:an|na)y
"words that start with string 'kha'and ending with string 'nai','ne' or string 'nye'",kha(?:an(?:ai|e)|nye)
"words that start with string 'kah'and ending with string 'y','e'",k(?:ahiay|ahi?ye|ehye)
"words that start with string 'd' followed by string 'a','e','y','I' and ending with string 'na'",d[aeyi]y?na
words that start with string 'kha'  containing  string 't'and ending with string 'I' or string 'y',khaa?t[iy]
words that start with string 'milt'and ending with string 'e' or string 'y',milt(?:a[ey]|e)
words that start with string 'r'  containing string 'hn' and ending with  string 'yi' or string 'ye',r(?:ahnom(?:aye|yi)|ehnumayi)
words that start with string 'bag' containing string 'a' or string 'e'and ending with string 'r',bag(?:h(?:ai|e)r|er)
words that start with string 'kar'and ending with string 'n',kar(?:ye?|[ae]i)n
words that start with string 'b'  containing string 'r' and string 'ha'and ending with string 'y' or string 'e',b(?:ar(?:rhaiye|hayay)|erhayae)
words that start with string 'kam' and must have string 'zor' or string 'zur' in between,kamz(?:ore?|(?:oo|u)r)
words that start with string 'sho' and must have one string 'r',ho(?:r(?:[er])?|or)
words that start with string 'gh' and ending with string 's',gh(?:uss?|oss)
words that start with string 'mar'and ending with string 'y' or string 'n',mar(?:ain|ein|a?y)
words that start with string 'b' must have string 'kt' or string 'gt'and ending with string 'y' or string 'e',b(?:hu(?:gtay|kte)|ugtay)
words that start with string 'muq' or string 'maq'and ending with string 'dar',m(?:uqadd?ar|aqadar)
words that start with  string 'q'and ending with string 'm',q(?:(?:(?:o[ao]|u)|o)m|a[uw]m)
words that start with string 'k'and ending with string 'm',k(?:a[ou]m|om)
words that start with string 'may'and ending with string 's',may(?:oo?s|uu?s)
words that start with string 'p'and ending with  string 'shani',p(?:(?:ar[ei]|ar)|er)shani
words that start with string 'p' must have string 'shan' withand ending,p(?:(?:ersha|arsh)n|r[ey]shan)
words that start with string 'gh' or string 'g' must have one string 'r' and ending with string 'b' or string 'I',g(?:ha?reeb|areeb|rabi|arib)
words that start with string 'g' must have string 't'and ending with string 'a',g(?:h(?:(?:attiya|atiy?)|utya)a|atiya)
words that start with string 'g'and ending with string 'pla',g(?:(?:h[au]|u)|h)pla
words that start with string 'g' must have two string 'r's with any number of string 'u' and string 'o' in between them,g(?:har(?:rooo|(?:oo|u))r|aroor)
words that start with string 'd' must have string 'kh'and ending with string 'wa',d[ie]khl?awa
words that start with string 'g'and ending with string 'nah',g(?:(?:unn?|on)|hun)ah
words that start with string 'sh' must have one string 'r' and ending with string 'm',sh(?:(?:(?:ara|r)|ar)|ere)m
words that start with string 'ch'and ending with string 'mcha',ch[au]mcha
words that start with  string 'b' must have string 'g'and ending with string 'rat' or string 'ret' or string 'rt',b(?:(?:egh(?:ai|e)ra|(?:eger[ae]|egra))t|ayg(?:h[ei]rat|yrat))
"words that start with string 'b' must have string 'g' ,'h', and string 'r'and ending with string 'I'",b(?:aighair|ehgira)ti
words that start with string 'zi'and ending with string 'ti' or string 'dti',zi(?:yad?ti|adti)
words that start with string 'aa' or string 'a' might have string 'ns' and ending with string 'su' or string 'soo' may followed by string 'n',a(?:ns(?:oon?|un?)|a(?:s(?:oo|u)|nsu))
words that start with string 'z'and ending with string 'da' or string 'dah',z(?:i(?:adah?|da)|(?:i[ay]a|y)da|aya?da)
words that start with string 'z' must have two string 'r's in betweenand ending with string 't',z(?:a(?:r(?:oo|u)|aro)rat|rort)
words that start with string 'z'and ending with string 'ri'must have another string 'r' in between,z(?:ar(?:oo|u)ri|r[ou]ri)
words that start with string 'd' must have string 'mag' of string 'mak' mayand ending with string 'h',d(?:imagh|ama[gk]h|imag|emag|emgh|emg)
words that start with string 'b'and ending with string 'l' must have string 'o' or string 'u' in between,b(?:(?:h(?:oo|u)|ho)|oo)l
words that start with string 'ch' or string 'sh' must have string 'ot',(?:chot(?:t?e|ay)|shotay)
words that start with string 't' must have string 'or'and ending with string 'do',t(?:or(?:r )?|hoor)do
words that start with string 'b' must have string 'sub' or string 'sab' in between,(?:aysabray|e(?:sabrai|\-subry))
words that start with string 'm' must have string 's' and ending with string 'kil' or string 'kal' or string 'kel',m(?:(?:(?:ushk[ai]|oske)|uski)|yshki)l
words that start with string 'n'and ending with string 'cha' ,n(?:e(?:cha|ech)a|icha)
words that start with string 'd' must have string 'y' or  string 'I' in betweenand ending with string 'an',d(?:h(?:ey|[iy])an|yh?an)
words that start with string 'b' must have string 'cha' in between and ending with string 'ni',b(?:aychai|(?:echai?|ychai))ni
words that start with string 'eh' or string 'ah' must have string 'sa'and ending with string 'n',[ae]hsaa?n
words that start with string 'g' must have string 's' or string 'ss' in betweenand ending with string 'a' or string 'ah',g(?:us(?:(?:sah|a)|sa)|h(?:uss?|oss)a)
words that start with string 'g' must have string 's' or string 'ss' in betweenand ending with string 'e' or string 'y',g(?:huss(?:ay|e)|usa?y)
words that start with string 'la'and ending with string 'chi',laa?lchi
words that start with string 'il' or string 'el'and ending with string 'ja' or string 'jah',(?:il(?:ltajah|taja)|eltijah)
words that start with string 'mag' must have string 'g' and two string 'r's,mag(?:hr(?:oo|u)r|rur)
words that start with string 'bad' or string 'bd' must have string 'ni' or string 'ne' or string 'ny' beforeand endinging with string 't',b(?:ad(?:-niya|(?:n(?:ee|i)| ni)y)at|dnyaat)
words that start with string 'a' or string 'o' must have string 'k'and ending with string 'at',(?:a[ou]kaat|okaa?t)
words that start with string 'g' must have string 'l' in betweenand ending with string 'ti' or string 'ty',g(?:(?:a?la|a?l)ti|h(?:alt[iy]|lati|ulti))
"words that start with string 'b' must have string 'char'and ending with string 'I', string 'e' or string 'y'",b(?:aychari|echar[eiy]|ichari)
words that start with string 'kh' must have string 'la'and ending with string 'af' ,kh(?:(?:ilaa?|ela)|alaa)f
words that start with string 'ga' must have string 'li'and ending with string 'an',ga(?:aliy?an|liy?an)
"words that start with string 'd' must have string 'rn'and ending with string 'a' ,'e' or string 'y'",d(?:h(?:arnaa?|erna)|a(?:hrna|rny))
words that start with string 'm' must have string 'jb'and ending with string 'ri',m(?:ajboo?ri|jb[ou]ri)
words that start with string 'I' or string 'e' must have string 'z'and ending with string 't',(?:(?:izaa?|izza)t|ez(?:ath|zat))
words that start with string 'adh'and ending with string 'ri',adh(?:oo?ri|uu?ri)
words that start with string 'b' must have string 'g'and ending with string 'er' or string 'ir',b(?:(?:(?:ag(?:hei|e)|aghe)|agh?ai)|eghai)r
words that start with string 'sh' must have string 't'and ending with string 'an',sh(?:aitaa?n|etan)
words that start with string 'm' must have string 'nh'and ending with string 's',m(?:(?:anhoo|(?:anhu|nhus))|unhoo)s
words that start with string 's' must have string 'fa'and ending with string 'rish',s[iea]faa?rish
words that start with string 'hat' must have string 'y'and ending with string 'ar',hath?yaa?r
words that start with string 'kh'and ending with string 'f',kh(?:(?:(?:oo|au)|o)|ua)f
words that start with string 'ka'and ending with string 'ti' must have string 'np' or string 'mp' in between,ka(?:npa?|amp)ti
words that start with string 'mart'and endingt with string 'y' or string 'I',mart(?:a[iy]|ei|y)
words that start with string 'b' must have string 'r' in betweenand ending with string 'a',b[ou]rr?a
words that start with string 'ch'  may have another string 'h' in betweenand ending with string 'e' or string 'y' or string 'a',ch(?:(?:a(?:hi?y|y)|iy)e|a(?:hie|ey)|eiye|iay|yia|hye|ia)
words that start with string 'b'and ending with string 'zat' or string 'zatt',b(?:eiz(?:att?|zat)|ayizat)
words that start with string 'b' must have string 'z' or string 's' in betweenand ending with string 'ti' or string 'tii',b(?:is(?:sti|t)i|e ?izti)
words that start with string 'zal'and ending with string 'l',zal(?:ee|i)l
words that start with string 'r' must have string 's' in betweenand ending with string 'va' or string 'wa',r(?:aswa|us[vw]a)
words that start with string 'tanq'and ending with string 'd',tanq[ie]e?d
words that start with string 'g' must have string 'si' or string 'se' in betweenand ending with string 'ta',g(?:has(?:ee|i)ta|asseta)
words that start with string 'm' must have string 'z' or string 'j' in betweenand ending with string 'k' or string 'q',m(?:a(?:z(?:a(?:aq|k)|zak)|jak)|zak)
words that start with string 'gad'and ending with string 'e' or string 'y',gadh[ae]y?
words that start and ending with string 'u' must have string 'll' in between,uu?llu
words that start with string 'kam'and ending with string 'e' or string 'y' must have string 'n' in between,kam(?:een(?:ay|e)|inay)
words that start with string 'ba' must have string 'me' in betweenand ending with string 'ez',ba(?:dtamee?z|t(?:am|me)ez)
words that start with string 'gh'and ending with string 'r'  must have string 'o' or string 'u' in between,gh(?:a[ou]r|or)
words that start with string 'maqs'and ending with string 'd',maqsadd?
words that start with string 'la' must have string 'n' in betweenand ending with string 't',la(?:ana?t|n(?:na|[au])t)
words that start with string 's' or string 'z' must have another string 'z' in betweenand ending with string 'ish' or string 'esh',[sz]az[ie]sh
words that start with string 'k' or string 'q' must have string 'as' in betweenand ending with string 'r',[kq]as(?:oo|o|u)r
words that start with string 'n' must have string 'ya' in betweenand ending with string 't',n(?:iyaa?|eeya)t
words that start with string 'pha' may have one string 'n' in betweenand ending with string 's',pha(?:ans|ss?|ns)
words that start with string 'bad' must have one string 't' in betweenand ending with string 'r',bad(?:dta|t[ae])r
words that start with string 'b' must have string 'ad' in betweenand ending with string 'bi,b(?:ayada|eada?)bi
words that start with string 'b' must have string 'wa' in betweenand ending with string 'uf' or string 'of',b(?:aywaqoo|(?:(?:ewa(?:qoo|ku)|ewaqo)|ewakoo))f
words that start with string 'm' must have string 'n' in betweenand ending with string 't',m(?:inn?at|enut)
words that start with string 'b' must have string 'kw' or string 'qw' in betweenand ending with string 'as',b(?:a(?:kwa(?:aa)?|qwa)s|kwas)
words that start with string 'za' must have another string 'a' withand ending,za(?:y|i|iy)a
words that start with string 'm' must have string 'f' in betweenand ending with string 'I',m(?:aa?|ua)fi
words that start with string 'tak' must have string 'le' in betweenand ending with string 'f',takle(?:[ae])?f
words that start with string 'im' must have one string 't' in betweenand ending with string 'an',imt(?:ehaa?|iha)n
words that start with string 'af'and ending with string 's',afs(?:(?:oo|u)|o)s
words that start with string 'b' must have string 'h' in betweenand ending with string 'd',b(?:ehadd?|ayhud)
words that start with string 'nala'and ending with string 'k' or string 'q',nala(?:ya[kq]|i[kq])
words that start with string 'ud' must have string 'as'and ending with string 'I',uda(?:sii?|asi)
words that start with string 'm' must have string 'z' in betweenand ending with string 'aj' ,m(?:izaa?j|azaj)
words that start with string 't' must have string 'b'and ending with string 'a' or string 'h',t(?:aubah?|o(?:oba|bah?))
words that start with string 'nu' must have string 'k' or string 'q'and ending with string 'an',nu[kq]saa?n
words that start with string 'aaf' must have string 't'and ending with string 'y' or string 'n',aafat(?:[ae]in|y)
words that start with string 'ki' or string 'qi' must have string 's'and ending with string 'm',(?:qisa?m|kis[ai]m)
words that start with string 'beh'and ending with string 'sh',beh(?:(?:oo|u)|o)sh
words that start with string 'bh' must have string 'k'and ending with string 'y' or string 'e',bh(?:o(?:oka|k)y|uke)
words that start with string 'be' or string 'ba' must have string 'man'and ending with string 'I',b(?:(?:ey?i|ey)|ayi)mani
words that start with string 'mag' or string 'mug' must have string 'f' and string 'r' in betweenand ending with string 't',m(?:aghfira|ughfr[ar])t
words that start with string 'p' must have string 's' and string 'n' in betweenand ending with string 'd',p(?:asa?|sa)nd
words that start with string 'kanj'and ending with string 's',kanj(?:oss?|(?:oo|u)s)
words that start with string 'zi' may have string 'd'and ending with string 'ti',zi(?:yad?|ada)ti
words that start with string 'b' must have string 'r' and string 'd'and ending with string 'shth' or string 'sht',b(?:ardashth?|urdasht|rdasht)
words that start with string 'e' or string 'a' must have string 'tj'and ending with string 'aj',[ae]htjaa?j
words that start with string 'int'and ending with string 'hai',int[ae]hai
words that start with string 'kh' must have string 't'and ending with string 'm',kh(?:ata|ta?)m
words that start with'b' must have string 'ch' and string 'g' in betweenand ending with string 'na',b(?:ech(?:ag|gh)ana|achgana)
words that start with string 'faz' or string 'fuz'and ending with string 'l',f(?:(?:az(?:oo|u)|azo)|uzu)l
words that start with string 'b'  must have string 'rb'and ending with string 'd',b(?:arbaa?d|rbad)
words that start with string 'ghis' must have string 'p'and ending with string 'ti',ghis(?:si pit|i p(?:ha|i))ti
words that start witg string 'sh'and ending with string 'k',sh[au]kk?
words that start with string 'zul'and ending with string 'm',zul(?:[au])?m
words that start with string 'zi' must have string 'd'and ending with string 'I' or string 'y',zid(?:d[iy]|[iy])
words that start with string 'bh' must have string 'r' or string 'd' in betweenand ending with string 'ka',bh(?:a[dr]|er)ka
words that start with string 'adh'and ending with string 'ra',a(?:aadhu|dh(?:oo|u))ra
words that start with string 'k' or string 'c' must have string 't'and ending with string 'putli',(?:cuth?|kath)putli
words that start with string 'ru' or string 'ro' must have string 'la'and ending with string 'y' or string 'e' ,r(?:ulan(?:ay|e)|olanay)
"words that start with string 'kam'  must have string 'n'and ending with string 'I' , string 'e' or string 'y'",kamin(?:e[ey]|i)
words that start with string 'bayg' or string 'beg' and ending with string 'na' or string 'nah',b(?:aygun|eg(?:un|o))nah
words that start with string 'ch' must have string 'r' and ending with string 'se' or string 'si',ch(?:ars(?:ee|i)|ursee)
words that start with string 'falt'and ending with string 'o' or string 'u',falto(?:oo|u)
words that start with string 't' must have string 'm'and ending with string 'z',t(?:am(?:ee|i)z|mz)
words that start with string 'bura'and ending with string 'yan',bura(?:yi|[ei])yan
words that start with string 'bek' or string 'bayk'and ending with string 'ar',b(?:aykaa|ekaa?)r
words that start with string 'ru' or string 'ro' must have string 'kaw'and ending with string 't',r(?:ua?kawat|okawat)
words that start with string 'gham' or string 'gam' must have string 'b'and ending with string 'ir' or string 'er',g(?:ambh(?:ee|i)|hambhi)r
words that start with string 'm' must have string 'zd'and ending with string 'ur' or string 'or',m(?:azd(?:oo|u)|uzdu)r
words that start with string 'g'and ending with string 'flat',gh?aflat
words that start with string 'd' must have string 'j'and ending with string 'a' or string 'n',d(?:haji(?:yan|a)|ihjia)
words that start with string 'm'and ending with string 'f',m(?:a[af]|ua)f
words that start with string 'g' must have string 'ta'and ending with string 'khi',g(?:hu|[ou])stakhi
words that start with string 'bad' must have string 's' and ending with string 'rat',bads(?:oo|u)rat
words that start with string 'taw' or string 'tav'and ending with string 'z',ta(?:v(?:(?:iz[ou]|eex)|iz)|weez)
words that start with string 'ku' must have string 't'and ending with string 'e' or string 'y',kut(?:t(?:ay|e|y)|[ey])
words that start with string 'mo' must have string 'k' or string 'q' in betweenand ending with string 'f',mo(?:qa|ki)f
words that start with string 'bera' must have string 'ghar' or string 'gar'and ending with string 'k' or string 'q',bera(?:ghar(?:ak|q)|hgarq)
words that start with string 'maf' or string 'muf' must have string 'ad' and string 'par' in betweenand ending with string 'st' or string 'sth',m(?:afaad par(?:sth|ast)|ufaad parast)
words that start with string 'khudg'and ending with string 'rz',khudg(?:hara?z|arz)
words that start with string 'nik' must have string 'mm' in betweenand ending with string 'I' or string 'y',nikamm(?:ey|[iy])
"words that start with string 'd' must have string 'sh' and string 't' followed by string 'gr' or string 'gar'and ending with string 'di','do' or string 'don'",d(?:ehs(?:h(?:at[ h]gardi|atga?rdo|t gardi)|at gardon)|a(?:hshatgardo|sht gard))
words that start with string 'g' must have string 'd'and ending with string 'r' or string 'ri',g(?:h(?:ad(?:darri|a(?:ari|r))|dar)|addar)
words that start with string 'bd' or string 'bad' must have string 'q' or string 'k' in betweenand ending with string 'mati',b(?:adki|d(?:qa|ki))smati
words that start with string 'na' must have string 'eh' or string 'ah'and ending with string 'li',n(?:na e|a(?: [ae]|e))hli
words that start with string 'darp'and ending with string 'k',darp(?:hoo|oo?)k
words that start with string 'a' must have string 'm'and ending with string 'yat' or string 'yath',(?:a(?:imiyath?|hemiyat)|a?ehmiyat)
"words that start with string 'jh' must have string 't'and ending with string 'a', string 'e' or string 'y'",jho(?:tey|ot[ae]|uta|te)
"words that start with string 'a', string 'o' or string 'u' must have string 'l'and ending with string 'ad'",(?:oulado|aulaad|ulaad|ulad|olad)
words that start with string 'm' must have string 'n' and string 'f' in betweenand ending with string 'qat',m[uao]nafaqat
words that start with string 'bim' or string 'bem'and ending with string 'r' or string 'ri',b[ei]ma(?:ar|ri)
four letter words that  start with string 'm'and ending with string 't' or string 'th',m(?:oth?|o[au]t|aut)
words that start with string 'p' must have string 'ng'and ending with string 'a' or string 'y'  ,p(?:unga?y|anga)
words that start with string 'sa' and ending with string 'I',sah?i
words that start with string 'b' and ending with string 't' containing one or many string 'a',b(?:aa)?t
"words that start with string 'k' and ending with string 'a', may cotntain string 'I' or string 'y'",k(?:i?y|i)a
words that start with string 'j' or string 'g' and mayand ending with string 'e',(?:(?:ge|j)e|g)
words that start with string 'w' and must have one string 'h' or string 'a' or both,w(?:aa?h|ha)
words that start with string 'l' and  containing string 'kh',l(?:ikh(?:ee|i)|ekhi)
words that start with string 'kh' and  containing string 'biya',kh(?:oobiyan|ubiyan?)
words that start with string 'itn' ,itn(?:ee|i)
three or two letter words that start with string 'h' and ending with string 'm',h(?:[au])?m
words that start with string 'a' and ending with string 'n'  containing one string 'm',am(?:(?:ee|i)|e)n
words that start with string 'ye' and ending with string 'h' or string 'a',ye(?:ah|h)?
words that start with string 'n' may containing one string 'y' and ending with string 'I',n(?:a(?:yi|[hi])i|y?i)
words that start with string 'k'  containing one string 'r' and ending with string 'e' or string 'y',k(?:ar(?:e?y|ay|e)|ry)
words that start with string 'I' or string 'e' and ending with string 'f' with one string 'ns' in between,[ei]nsaa?f
words that start with string 'a' or string 'e' and ending with string 'y' or string 'e'  containing one string 's' in between,a(?:esey?|is(?:ey?|ay))
words that start with string 'th' and ending with string 'k',th(?:ee?k|ik )
two or three letter words that start with string 'h' and ending with string 'I' or string 'y',h(?:ai|[ey])
words that start with string 'ko' and ending with string 'I' or string 'e' ,ko(?:y(?:ee|i)|i)
words that start with string 't' and may containing string 'o' or string 'u' ,t(?:oh?|au)
words that start with string 'y' and ending with string 'r' with as many string 'a' in between,y(?:a(?:aaa)?r|r)
words that start with string 'l' and ending with string 'g' with vowels in between,h(?:ai|[ey])
words that start with string 'b'  containing one string 'h' and ending with string 't',b(?:oh[au]t|hu?t)
words that start with string 'reht',r(?:ehta(?:aaa)?|ahta)
three or four letter words that start with string 'k' and ending with string 'a',k(?:(?:i?y|i)|ay)a
words that start with string 'kh' and ending with string 'b',kh(?:o[ou]b|ub)
words that start with string 'b'  containing string 'h' and ending with string 'I' or string 'e',b(?:ahi|ha[ei])
words that start with string 'p' and  containing string 'd' or string 'r',p(?:ar|[dr])a
three or two letter words that start with string 'h' and ending with string 'k' or string 'q',ha?[kq]
words that start with string 'a' string 'e' or string 'I' and ending with string 'k',(?:(?:a[ei]|ei|i)|[ae])k
words that start with string 'j' and  containing one string 'sa' or string 'se' in between,ja(?:is(?:ey?|ay)|sa)
words that start with string 'm' or string 'moo'and ending with string 'k',m(?:o(?:obari|bara)k|brk)
words that start with string 'mubar'and endinging with string 'k',mubar[ia]k
words that start with string 't' and  containing string 'ra' ,t(?:ai?ra|erah?)
words that start with string 'k' or string 'q' and ending with string 'r',[kq]a?r
words that start with string 'is' and ending with string 'e' or string 'y',is(?:sa[ey]|e?y|e)
words that start with string 'a' and  containing string 'dm',aa(?:dm(?:ee|i)|admi)
three or two  letter words that start with string 'm' and ending with string 'y',m(?:e(?:in|i|y)|a[iy]|y)
words that start with string 'a' or string 'o' and ending with string 'r',[ao]u?r
words that start with string 's' and  containing string 'mjha',s(?:amjhaa?|mjha)
words that start with string 'b' or string 'bh' and ending with string 'I' or string 'e',b(?:h(?:ee|i)|e)?
words that start with string 'sh'  containing string 'r' in between,sh(?:ooroo|ur(?:oo|u))
words that start with string 'd' and  containing one string 't',d(?:ait(?:ay|e)|et(?:ey?|ay))
words that start with string 'b' and  containing one string 'na',b(?:na(?:aa)?|ana)
words that start with string 'yah' ,yah(?:ee?|i[en]?)
words that start with string 'hon',hon(?:ea?|a[iy])
words that start with string 'bal' and  containing one string 'k',bal(?:k(?:(?:e?|a)y|e)| ke)
words that start with string 'r' and ending with string 'a' with with least one string 'h',ra?ha
words that start with string 'l' and  containing one string 'n' and ending with string 'e' or string 'y',l(?:ain(?:ey?|ay)|ene)
words that start with string 'l' and  containing one string 'g' and ending with string 'I' or string 'y',l(?:agii?|g[iy])
words that start with string 'kart' ,kart(?:ey?|a[iy])
words that start with string 'p' and  containing one string 'r'and ending with string 'I',p(?:arh?i|ri)
words that start with string 'wo',wo[ha]?
three or four words that start with string 'h' and ending with string 'a',h[uo]w?a
words that start with string 's' containing one string 'r' and ending with string 'f',si?ra?f
words that start with string 'j' and  containing one string 'g' and one string 'h',j(?:a(?:gah?|hga)|ga)
words that start with string 'j' and ending with string 'b' or string 'bh',j(?:bh?|[au]b)
words that start with string 'ga' and  containing string 'e' or string 'y',ga[ey]e?
words that start with string 'p' and  containing string 'hl'and endinging with string 'e' or string 'I',p(?:ehl(?:ee|i)|ahli)
words that start with string 's' followed by string 'e' string 'a' or string 'y',s[eay]y?
words that start with string 'm'  containing string 'e' string 'a' or string 'I',m(?:e(?:in|i|y)|a[iy])
words that start with string 'l'and ending with string 'rkee',la?rkee
words that start with string 'l'  containing string 'd' or string 'r' and ending with string 'ki',l(?:a[dr]ki|rki)
words that start with string 's' and ending with string 'b' may have vowels in between,s(?:[au])?b
words that start with string 'hot' followed by string 'e' or string 'a',hot(?:ey?|a[iy])
words that start with string 's' and ending with string 'th',s(?:aa?th|th)
words that start with string 'karan' followed by string 'a' or string 'e',karan[ae]y?
words that start with string 't' and ending with string 'k',t(?:[au])?k
words that start with string 'p' and  containing string 'ch'and endinging with string 'y' or string 'e',p(?:eechay|ich(?:ay|e))
words that start with string 'h' followed by string 'o' or string 'u',h(?:u?n|on|u)
words that start with string 't' followed by string 'a' string 'o' or string 'u'and endinging with string 'r',t(?:au|[ou])r
two or three letter words that start with string 'h' and ending with string 'r',h(?:[ae])?r
words that start with string 'hon' and ending with string 'e' string 'y' or string 'I',hon(?:a[iy]|e)
words that start with string 'g' and ending with string 'r',g(?:ha?r|r)
words that start with string 'gay' ,gay(?:ee?|ii)
words that start with string 'g'and ending with string 'I',g[ay]i
words that start with string 'apn',apn(?:ey?|ay)
words thatand ending with string 'lawa',[ie]lawah?
words that start with string 'd' and  containing string 'kha',d(?:eekhaye|ikha(?:ey|ye))
words that start with string 'l'and ending with string 'kin',l[ae]kin
words that start with string 'l'  containing one string 'k' and ending with string 'n',l(?:aiki|k)n
words that start with string 'm' and ending with string 'la',m(?:ey?|ai)la
words that start with string 'a' or string 'e' and ending with string 'ham',(?:a[ei]ham|eham)
words that start with string 'zar' and ending with string 'ye',zar(?:ie?|ei)ye
words that start with string 'la'and ending with string 'I',lay?i
words that start with string 'la'and ending with string 'I' or string 'e',la(?:ayii|y(?:ee|ii))
words that start with string 'dilch' and ending with string 'sp',dilch[aeu]sp
words that start with string 'na'and ending with string 'a' string 'h' or string 'w',na(?:a[hw]|a|w)?
"words that start with ""mil'and ending with string 'y'",mil[ae]y
words that start with string 'm'  containing one string 'l' and ending with string 'y' or string 'e',m(?:eelay|ile)
words that start with string 'a' and ending with string 'r',a(?:s[ae]r|xr)
words that start with string 'ais' ,ais(?:ey?|ay)
words that start with string 'qasm',qasm(?:ai?y|ey?)
words that start with string 'a' and ending with string 'p',a(?:pp?|ap)
words that start with string 'b' may containing string 'h' and ending with string 't' containing one or many string 'a',b(?:o(?:ha)?t|uha?t)
words that start with string 'p'  containing string 'kb' and ending with string 'z',p(?:a(?:akba|kb)az|kbz)
words that start with string 'ch' and ending with string 'ti',ch(?:a(?:a?h|a)ti|hti)
 two letter words that start with string 's' or string 'c',(?:s[ei]|c)
words that start with string 'p'  containing string 'r' and ending with string 'I',p(?:arr?i|rh?i)
words that start with string 'a'  containing string 'kh' and ending with string 'r',a(?:kh(?:ee|i)|akhi)r
words that start with string 'w'and ending with string 'ol' must have string 's' ,w(?:asooo?l|sool)
words that start with string 'wasu'and ending with string 'l',wasuu?l
words that start with string 'ja'  containing string 'e' or string 'I' in between,ja(?:y(?:ii|e)|en)
two or three letter words that start with string 'd' and ending with string 'e' or string 'y',d(?:ay|[ey])
words that start with string 'ka' must have string 'mi'and ending with string 'ab',ka(?:amie?ab|miab)
words that start with string 'k'  containing string 'm' and string 'ya'and ending with string 'b',ka(?:amiya|my)ab
words that start with string 'rakh'and ending with string 'e' string 'y' or string 'n',rakh(?:ien|en|ay|e)
words that start with string 'sh' must have string 'y'and ending with string 'd',sh(?:aya|ya?)d
words that start with string 'shi' and mustand ending with string 'd',shiy?ad
words that start with string 'chah'and ending with string 'e',chah(?:iey|ea)e
words that start with string 'chah' and ending with string 'ye',chah[ie]ye
words that start with string 'p'and ending with string 'yari',pa?yari
words  that start with string 'p' and  containing string 'yare',p(?:ayare|yar)ee
words that start with string 'd' and ending with string 'kh',d(?:ai|[ei])kh
words that start with string 'kh' and ending with string 'wab',kha?wab
three letter words that start with string 'k'and ending with string 'a',k[iy]a
four words that start with string 'k'and ending with string 'ya' ,k[ia]ya
three letter words that start with string 'ho'and ending with string 'I' or string 'e',ho[ie]
words that start with string 'ho' and ending with string 'ii' or string 'ee',ho(?:yii|ee)
two or three letter words that start with string 'h' and followed by string 'y' string 'a' or string 'e',h(?:ai|[ey])?
words that start with string 'shukr' and ending with string 'a',shukr(?:iy?|ey)a
words that start with string 'y' and ending with string 'ni',y(?:ea?ni|a?ni)
words that start with string 'k' must have string 'y'and ending with string 'n',k(?:yu?|uy)n
three or four letter words that start with string 'k' and  containing string 'I'and ending with string 'o',ki(?:[iy])?o
words that start with string 'm' must have one string 'r' and ending with string 'e' or string 'y',m(?:aray|ere|ry)
words that start with string 'a' or string 'e' and ending with string 'k',(?:(?:e?i|e)|ai)k
words that start with string 'dh' and ending with string 'nd' or string 'ndh',d(?:hound|oondh|undh)
words that start with string 'h' must have one string 'm' and ending with string 'a' string 'e' or string 'y',h(?:am(?:ay?|ey)|me)
two or three letter words that start with string 'm' and ending with string 'e' string 'I' or string 'y',m(?:ey?|a[iy])
words that start with string 'b' and have string 'lk'and ending with string 'l',b(?:ilku|lk)l
two or three letter words that start with string 'n' followed by string 'a' string 'e' or string 'y',n(?:e?y|a[iy]|e)
words that start with string 'l' followed by string 'I' or string 'e'and endinging with string 'y' or string 'e',l(?:e(?:ay|ye)|iye)
words that start with string 'b' and ending with string 't' ,baa*tt?|btt?
words that start with string 'po'and ending with string 'ray' or string 'rey',po(?:or[ae]|ura)y
words that start with string 'p'and ending with string 're' or string 'ray',p(?:oore|uray)
three letter words that start with string 'j'and ending with string 'e',j[ay]e
 words that start with string 'ja' and ending with string 'e' or string 'n',ja(?:e?ye|en)
four letter words that start with string 'l' followed by string 'e' or string 'I',le(?:a[ey]|ye)
words that start with string 'w' or string 'v' and  containing string 'ala',[wv]ala
words that start with string 'fa'  containing string 'd' and ending with string 'y' or string 'a',fa(?:i?yada|id[ay])
words that start with string 'h' and ending with string 'mara',h(?:[au])?mara
words  that start with string 'b'  and ending with string 'ri',ba?ri
words that start with string 'd' and ending with string 'h' string 'y' or string 'n',d(?:eh|yn|ay|[ey])
words that start with string 'n'and ending with string 'I',n(?:[ah])?i
words that start with string 'na' and ending with string 'I',na[hy]i
words that start with string 'sa'  and ending with string ' I' or string 'e',sa(?:yii|hi|[ei])
words that start with string 'ch' and ending with string 'lo',cha?lo
words that start with string 's'  containing string 'k' and ending with string 'n',s(?:ak(?:oo|u)|koo)n
three or four words that start with string 'g'and ending with string 'y' or string 'a',g(?:(?:i?y|i)|ay)a
words that start with string 'kar' followed by string 'e' or string 'a',kar(?:ay?|e[ny])
words that start with string 'a'  containing string 's' and ending with string 'e' or string 'y',a(?:is[ae]y?|se)
words that start with string 'p'  containing string 't' and string 'a',p(?:taa?|ata)
words that start with string 'h' and must have string 'I' or string 'e',h(?:ee|e|i)
three letter words that start with string 'k'and ending with string 'h',k(?:[ae])?h
words that start with string 'sh'and ending with string 'k' or string 'q',sha?[kq]
words that start with m  containing string 'sna',m(?:eesnah?|(?:ae|i)sna)
words that start with string 'sha'  containing string 'r' and ending with string 'f',sh(?:ar(?:ee|i)f|ri?f)
words that start with string 'ja'and ending with string 'o' or string 'n',ja(?:o(?:oo|n)|woo)
words that start with string 'ke' or string 'ka'  containing string 'hn',k(?:ahn(?:ay|e)|ehne)
two or three letter words that start with string 'se' or string 'sa',s(?:ay|[ey])
words that start with string 'b'  containing string 'I' string 'e' or string 'h',b(?:h(?:ee|i)|e)?
words that start with string 'ga' string 'gi' or string 'gy',g(?:(?:i?y|i)|ay)a
words that start with string 'h' and ending with string 'n' may containing one vowel in between,h(?:[ou])?n
words that start with string 'ya'and ending with string 'd',y(?:aa)?d
words that start with string 'n' must have string 'z' and ending with string 'r',n(?:aza?r|za?r)
words that start with string 'w'and ending with string 'se',w(?:ai|[ey])se
words that start with string 'g'and ending with string 'zal',g(?:ha|a?)zal
words that start with string 'a'and ending with string 'ha',a[csx]ha
words that start with string 'm'and ending with string 'ra',m(?:[ae])?ra
four or five letter words that start with string 'wad' ,wada[ah]?
words that start with string 't'  containing string 'yar',t(?:ayar[ei]|yari)
words that start with string 'sub' must have one  string 'a',sub(?:ah?|ha)
words that start with string 'j'and ending with' g',j(?:[au])?g
words that start with string 'furs'and ending with string 't',fursa?t
words that start with string 'd'and ending with string 'oka',dh?oka
words that start with string 'ma'and ending with string 'z',maa?zz?
words that start with string 'l'  containing string 'te',l(?:atey?|te)
words that start with string 'd'and ending with string 'kha',do?kha
words that start with string 's'  containing string 'are'and ending with string 'f',sh?aree?f
words that start with string 'f'  containing string 'k'and ending with string 'r',f(?:(?:(?:ika|k)|ik)|eka)r
words that start with string 'l'  containing string 'ngo',la?ngoo?r
words that start with string 'sal'and ending with string 'n',sal(?:iya?|eya)n
words that start with string 'tandr'and ending with string 'st',tandru?st
words that start with string 'm'  containing string 'hm'and ending with string 'n',m[ae]hma?n
words that start with string 'say'and ending with string 'ni',saya?ni
words that start with string 's'  containing string 'l',s(?:al(?:ai|ie)|lai)
words that start with string 's'and ending with string 'kh',s(?:(?:ee|i)|e)kh
words that start with string 'f'  containing string 'k'and ending with string 'ar',f(?:ekh?|ik)ar
words that start with string 'tab'and ending with string 'yt' or string 'yat',tab(?:iya?t|eyt)
words that start with string 'b'  containing string 'h' and ending with string 'n',b(?:eha|ha?)n
words that start with string 'k'  containing string 'b' and ending with string 'r',m(?:aa?r|r)
words that start with string 'm'and ending with string 'sni',m[ie]esni
words that start with string 'j'and ending with string 'th',j(?:oo?|uo)th
words that start with string 'b'  containing string 'sh'and ending with string 'k',b(?:esha?|sha)k
words that start with string 'and'and ending with string 'r',and(?:[ae])?r
words that start with string 'm'and ending with string 'r' with any number of  string 'a' in between,m(?:aa?r|r)
words that start with string 'h'  containing string 'm'and ending with string 'ri',h(?:ama?ri|mri)
words that start withn'n'and ending with string 'klo',n(?:[ei])?klo
words that start with string 't'  containing string 'mh'and ending with string 'ri',t(?:umha|mha?)ri
words that start with string 'm' must have string 'n'and ending with string 'y',m(?:a(?:in(?:ay|e)|ny)|ny)
words that start with string 'a' must have string 'j'and ending with string 'o',a(?:aja|j[ai])o
three or four letter words  that start with string 'h' and ending with string 'n' with string 'a' string 'o' or string 'u' in between,h(?:oo?|au)n
words that start with string 'g'and ending with string 'li',g(?:aa?li|li)
words that start with string 'm'  containing string 'rt',m(?:arty|rt[ey])
words that start with string 'l'  containing string 'g' and string 't',l(?:agat[ey]|gty)
words that start with string 'shuk'and ending with string 'r',shuk(?:[ae])?r
words that start with string 'k'  containing string 's' and ending with string 'so',k(?:han?so|anso)
words that start with string 'chah'and ending with string 't',chaha?t
words that start with string 'n'  containing string 'm'and ending with string 'k' or string 'q',n(?:ama[kq]|mak)
words that start with string 'kh' and ending with string 'sh',kh(?:oo|u)sh
words that start with string 'gh'  containing string 'rel',gh(?:arel(?:oo|u)|relu)
words thatand ending with string 'fla',[kq]aa?fla
words that start with string 'w' must have  string 'ha',w(?:ahan?|ha)
words that start with string 'r'and ending with string 'hna',r(?:[ae])?hna
words that start with string 'f' must have string 'r'and ending with string 'k' or string 'q',f(?:ar(?:a[kq]|q)|raq)
words that start with string 't' must have string 'r'and ending with string 'f',t(?:ara?|ra)f
words that start with string 'bad'and ending with string 'lo',bada?lo
words that start with string 'd'and ending with string 'an' with string 'ey' or string 'eh' in between,d(?:he[hy]an|ehan)
words that start with string 'd'and ending with string 'khao',d(?:[ei])?khao
words that start with string 'guz'and ending with string 'ro',guz(?:[ae])?ro
words that start with string 'tumh'and ending with string 'e' or string 'y',tumh(?:ye?|e)
words that start with string 'pa' or string 'pu'and ending with string 'da',p(?:odaa?|auda)
words that start with string 'a' or string 'e'  must have string 'has',[ae]hsaa?s
words that start with string 'g'and ending with string 'hra',g(?:[ae])?hra
words that start with string 'pas'and ending with string 'nd',pasa?nd
words that start with string 'k'and ending with string 'hna',k(?:[ae])?hna
words that start with string 'zar'and ending with string 'r' ,zar[ou]r
words that start with string 'sh'and ending with string 'kriya',sh[ou]kriya
words that start with string 'h'and ending with string 'so',h(?:aso|s)o
words that start with string 'apn',apn[ie]
words that start with string 'zaro'and ending with string 'r',zaroo?r
words that start with string 'k' must have string 'd'and ending with string 'r',k(?:ada|d)r
words that start with string 'k'and ending with string 'rna',ka?rna
words that start with string 'b' must have string 'h'and ending with string 't',b(?:oha|h)t
words that start with string 'b'and ending with string 'ht',bo?ht
words that start with string 'k'and ending with string 'ya',ki?ya
words that start with string 'par'and ending with string 'o' or string 'u',par(?:oo|u)
words that start with string 'm'and ending with string 'in',m[ae]in
words that start with string 'd'and ending with string 'lha',du?lha
words that start with string 'g'and ending with string 'zaro',g[ou]zaro
words that start with string 'b'and ending with string 'ht',b(?:au)?ht
words that start with string 'p'and ending with string 're',paree?
words that start with string 'ke'and ending with string 'y' or string 'e',ke[ye]
words that start with string 'ph'and ending with string 'pho',ph[ou]pho
words that start with string 'l'and ending with string 'ty',le?ty
two or three letter words that start with string 'm'and ending with string 'y',m(?:e[ey]|y)
words that start with string 'w'and ending with string 'sy',w(?:ai)?sy
words that start with string 'sh'and ending with string 'khi',sh[ou]khi
words that start with string 'm'and ending with string 'ri',me?ri
words that start with string 'h'and ending with string 'n' must have string 'o' or string 'u' or both in between,h(?:oo|u)n
words that start with string 'a'and ending with string 'na',aa?na
words that start with string 'de'and ending with string 'na',dee?na
words that start with string 'm'and ending with string 'sam',m(?:au|o)sam
words that start with string 'ankh'and ending with string 'n',ankhei?n
words that start with string 'shuk'and ending with one or two string 'r',shukrr?
words that start with string 'apn'and ending with string 'I' or string 'e',apn(?:ee|i)
words that start with  string 't'and ending with string 'ng',ta?ng
words that start with string 'r'and ending with string 'hi',ra?hi
words that start with string 'w'and ending with string 'ha',wa?ha
words that start with string 'ghat'and ending with string 'ya',ghati?ya
words that start with string 's' must have string 'h'and ending with string 'I' or string 'e',s(?:a?hi|ae)
words that start with string 'd'and ending with string 'kh',de?kh
words that start with string 'n'and ending with string 'ya',na?ya
words that start with string 'I' or string 'e' must have string 'sra',[ie]sraa?r
words that start with string 'h' must have string 'm'and ending with string 'ra',h(?:ama|ma?)ra
two or three letter words that start with string 'q'and ending with string 'o' or string 'u',q(?:uo?)?
words that start wit string 'kar'and ending with string 'hi' of string 'ai',k(?:arah?|rah)i
words that start with string 'n' must have string 'ya',n(?:yaa?|aya)
words that start with string 'z' must have string 'h'and ending with string 'r',z(?:eh[ae]r|hr)
words that start with string 'a' must have string 'ta',a(?:taa?|ata)
words that start with string 'ba' must have string 'ris',ba(?:arish?|rish)
words that start with string 'n'and ending with string 'end' or string 'ind',n(?:ee|i)nd
words that start with string 'h' mustand ending with string 'rna',h(?:aa?rna|rna)
words that start with string 'nam'and ending with string 'ona' or string 'una',nam(?:oo|u)na
words that start with string 'k'and ending with string 'ro',ka?ro
words that start with string 'as'and ending with string 'l',as(?:[ae])?l
words that start with string 'gha'and ending with string 'ty',gh(?:aa?ty|ty)
words that start with string 'kho'and ending with string 'lti' ,kh(?:oo?lti|lti)
words that start with string 'be' or string 'ba'and ending with string 'shk' or string 'shak',b(?:aysha|(?:esha|ysh))k
words that start with string 'b' must have string 'ht'and ending with string 'r',b(?:ahte|ehta)r
words that start with string 'bha'and ending with string 'r'  must have string 't' in between,bh(?:ate|t)r
words that start with'h'and ending with string 'fazat',h[iea]fazat
words that start with string 'zim'and ending with string 'dar',zim[ae]dar
words that start with string 'zim' must have string 'yd'and ending with string 'r',zim(?:ayda|yd)r
words that start with string 'bat'and ending with string 'e' or string 'n',baten?
words that start with string 'ba' must have string 't'and ending with string 'in',ba(?:ata|te)in
words that start with string 'sa'and ending with string 'e' or string 'I',sa(?:h[ei]|[ei])
words that start with string 'dar'and ending with string 'sat' or string 'st',dar(?:usa?|osa)t
words that start with string 'the'and ending with string 'k',the[ae]k
words that start with string 't'and ending with string 'k must have string 'e',t(?:heh|ea)k
words that start with string 's'and ending with string 'th',s(?:a(?:ath|th )|th)
words that start with string 'z' must have string 'r'and ending with string 'ri' ,z(?:ar(?:oo|u)ri|r[ou]ri)
words that start with string 'yak' or string 'yaq'and ending with string 'n',ya(?:k(?:ee|i)|qee)n
words that start with string 'l'and ending with string 'kha',l(?:ai|[ei])kha
words that start with string 'ko'and ending with string 'I' or string 'e',ko(?:yi|[ei])
words that start with string 'k'and ending with string 'rta',k(?:[ae])?rta
words that start with string 'z' must have string 'rd'and ending with string 'st',z(?:ab(?:urdu|rda)st|brdst)
words that start with string 'b'and ending with string 'ghair',b[ae]ghair
words that start with string 'b' must have string 'g'and ending with string 'r',b(?:aghe|gai)r
words that start with string 'sh' must have string 'rka'and ending with string 't',sh(?:[ei])?rkat
words that start with string 'z' must have string 'k'and ending with string 'r',z(?:ika?r|kr)
three or four letter words that start with string 'h'and ending with string 'wa' or string 'va or simply string 'a',h(?:(?:(?:uw|v)|u)|ov)a
words that start with string 'da' or string 'de'and ending with string 'na',d(?:a[iy]na|ena)
words that start with string 'be' or string 'ba'and ending with string 'tha',b(?:a[iy]tha|etha)
words that start with string 'de' and string 'da'and ending with string 'dia',d[ea]y?dia
words that start with string 'm'and ending with string 'dad',ma?dad
words that start with string 'il' or string 'el'and ending with string 'm',(?:ila?m|elm)
words that start with string 'r'and ending with string 'h',r(?:(?:aa|e)|a?)h
words that start with string 'ch'and ending with string 'e' or string 'y',ch(?:ayey|ea)
words that start with string 'ch'and ending with string 'ye',ch(?:ahi?|ha)ye
words that start with string 'do' or string 'du'and ending with string 'a' ,d(?:ow?a|uaa?)
words that start with string 'am' or string 'um'and ending with string 'l',(?:ama?|uma)l
words that start with string 'ki' or string 'ka' must have string 'rayo',k(?:irayou?n|arayon)
words that start with string 'sa' must have'mn' ,sa(?:mn(?:ay|e)|amny)
words that start with string 'ma'and ending with string 'eed',ma[xz]eed
words that start with string 'm' must have string 'z'and ending with string 'd',m(?:z(?:ee|i)|azi)d
words that start with string 'lo'and ending with string 'g',lo(?:[au])?g
words that start with string 'dost'and ending with string 'n' or string 'o',doston?
words that start with string 'p' must have string 'rhn'and ending with string 'y',p(?:arhnay|rhn[ey])
words that start with string 'ka' or string 'ke' must have string 'rn' ,k(?:arney|ernay|rne)
words that start with string 'b'and ending with string 'r' must have another string 'r' and string 'b' in between,b(?:araba?r|rabr)
words that start with string 'I' string 'e' or string 'a'and ending with string 'afa',[iea]zafa
words that start with string 'ja'and ending with string 'gy' or string 'ge',ja(?:engy|yege)
words that start with string 'ja'and ending with string 'gay',ja(?:ein|ye)gay
words that start with string 'g' must have string 'l'and ending with string 'I',g(?:all?i|li)
words that start with string 'ag'and ending with string 'r',ag(?:ga|(?:[ae])?)r
words that start with string 'ta' or string 'te' must have string 'r' ,t(?:er(?:ay|e)|airy)
words that start with string 'faq' or string 'fak'and ending with string 'r',fa(?:k(?:ee|i)|qee)r
words that start with string 'ta'and ending with string 'at',ta[kq]at
words that start with string 'ma' or string 'me'and ending with string 'ri',m(?:(?:ay|e)|a?)ri
words that start with string 'ma' must have string 'nz'and ending with string 'l',m(?:anz[ei]l|nzil)
words that start with string 'da' or de' must have string 'kh'and ending with string 'in',d(?:aikha|ekha?)in
words that start with string 'w' must have string 'k' or string 'q'and ending with string 't',w(?:a(?:qa?t|kt)|kt)
words that start with string 'khan'and ending with string 'e' or string 'y',khan(?:ey?|ay)
words that start with string 'ja'and ending must have string 'r'and ending with string 'I' or string 'e',ja(?:r(?:ee|i)|ari)
words that start with string 'hot' ,hot(?:ay|[ey])
words that start with string 'che'and ending with string 'z' or string 'x',ch(?:eez|[xz])
words that start with string 'a' or string 'e' and  containing string 'tba',(?:aitbaa?r|etbar)
words that start with string 'tuj'and ending with string 'e' or string 'y',tuj(?:h(?:ay|e)|ay|e)
words that start with string 'ag'and ending with string 'z',ag(?:haa?z|az)
words that start with string 'iqra'and ending with string 'r',iqraa?r
words that start with string 'ma' must have string 'ngn' ,ma(?:angnay|ngn(?:ay|e))
words that start with string 'da' or string 'do'and ending with string 'r',d(?:a[ou]|or)r
words that start with string 'm' must have string 'h' and string 'b' in betweenand ending with string 't',m(?:ohabb?at|hbt)
words that start with string 'm' must have string 'hrb'and ending with string 'ni',m(?:ahrb|hrba)ni
words that start with string 'meh'and ending with  string 'bani' ,meh(?:ar|ra)bani
words that start with string 'k' must have string 'rt'and ending with string 'y' or string 'e',k(?:art(?:ay|e)|rta?y|erte)
words that start with string 'rah'and ending with string 'e' or string 'y',rah(?:e?y|ay|e)
words that start with string 'k' or string 'q' must have string 'asr'and ending with string 't',(?:kasr[au]|qasra)t
words that start with string 'ish'and ending with string 'k' or string 'q',ish(?:aq|[kq])
words that start with string 'm' must have string 't'and ending with string 'a',m(?:itt?a|ta)
words that start with string 'logo' and ending with string 'o' or string 'n',logo(?:un|n)?
words that start with string 'muf'and ending with string 't',mufa?t
words that start with string 'kh' must have string 'ya'and ending with string 'l',kh(?:ayaa?l|yal)
words that start with string 'o' or string 'u'and ending with string 'cha',(?:uo?ncha|o[ou]ncha)
words that start with string 'a' must have string 'g'and ending with string 'y' or string 'e',a(?:age|g[ae]y)
words that start with string 'n' must have string 'h'and ending with string 'I' or string 'e',n(?:ah[ei]|h?i)
words that start with string 'apn'and ending with string 'e' or string 'y',apn(?:ay|[ey])
words that start with string 'w' must have'p'and ending with string 's',w(?:aa?pis|ps)
words that start with string 'riz'and ending with string 'k' or string 'q',riz(?:ak|[kq])
words that start with string 'be' or string 'ba' must have string 'sh'and ending with string 'k',b(?:esha?|ysh)k
words that start with string 'om' or string 'um'and ending with string 'd',[ou]m(?:ee|i)d
words that start with string 'pa' or string 'pe'and ending with string 'sh',p(?:a[iy]sh|esh )
words that start with string 'ja' containing string 'n'and ending with string 'b',ja(?:ani|n[ei])b
words that start with string 'muzah'and ending with string 're',muzah[ia]re
words that  start with string 'mu' or string 'mo' must have string 'zah' ,m(?:uzahiray|ozahare)
words that  start with string 'zind' and contain string 'g',zind(?:h(?:agi|ge)|ag[ei]|gi)
words that  start with string 'mah' and contain string 'l',mah(?:o(?:le?|ol)|aul)
words that  start with string 'tal' and contain string 'k' or string 'q',tal(?:lu[kq]|ook)
words that  start with string 'z' and contain substring 'hr' and string 'l',z(?:ehr(?:e(?:ely|le)|ilay)|ahrilay)
words that start with string 'z' contain string 'h' and end with string 'n',z(?:ahe|[ei]ha)n
words that start with string 's' and end with  substring 'hbat',s[ou]hbat
words that start with string 'kh' and end with  substring 'ish',kh(?:(?:(?:uwa|o)|ah)|wah)ish
words that start with string 'bag' or 'beg' and end with  substring 'wat',b(?:(?:agaa?|agha)wat|egh?awat)
words that start with string 'p' and end with  substring 'sa',p(?:a[iy]sa|esa)
words that start with string 'ikh' or 'akh' and end with  substring 'aq',[ai]khlaa?q
words that begin with string 'p' and end with string 'gli',p(?:[au])?gli
words that start with string 'khat' and contain substring 'rna',khat(?:arnaa?k|rnaa?k)
words that start with string 'a' or 'o' and contain substring 'rt' or 'rat',(?:aur(?:at(?:ain)?|toan)|(?:ort[ae]i|orto)n|orat)
words that start with string 'kh' and contain substring 'ch',kh(?:arch(?:ay|e)|rache)
words that start with string 'k' contain substring 'ab' and end with string 's',k(?:hab(?:ee|ia)s|abees)
words that start with string 'g' and end with substring 'lazat',g(?:h(?:[ae])?lazat|alazat)
words that start with string 'bh' and end with string 'tni',bh(?:oo|u)tni
words that start with string 'taj' and end with substring 'rba',taj(?:[au])?rba
words that start with string 'sh' and end with substring 'rafat',sh(?:[aei])?rafat
words that start with string 'g' and end with substring 'leez',g(?:ha?leez|aleez)
words that start with string 'mes' or 'mees' and end with substring 'n',me(?:s(?:sn(?:ey|i)|ny)|esni)
words that start with string 'andh' and end with substring 'ra',andh(?:ai|e)ra
words that start with string 'c' contain substring 'hala' or 'hla' and end with string 'k',c(?:halaa?k|ahlak)
words that start with string 'gun' or 'gon' and end with substring 'h',g(?:un(?:na|[ae])h|onah)
words that start with string 'h' contain substring 'm' and end with string 'sha',h(?:m(?:ai|e)|[au]me)sha
words that start with string 'f' and end with substring 't',f(?:o(?:tt?|at)|aut)
words that start with string 'z' contain substring 'h' and end with substring 'r',z(?:aher|eh[ae]r)
words that start with string 'k' contain substring 'nz' and end with substring 'r',kh(?:(?:anz(?:ee|i)|nzee)|unzee)r
words that start with string 'behaya' ,behaya(?:iy?|e)
words that start with string 'b' contain substring 'tuk' and end with string'I',b(?:ytukk?|aytuk)i
words that start with string 'l' contain substring 't' and end with string 'ra',l(?:(?:ut(?:ai|e)|utye)|oote)ra
"words that start with string 'h' contain substring 'k','m' and 'r' and end with strng 'an'",h(?:uk(?:umra|(?:ma?|[ao]m)r)an|(?:okmr|kmra)an)
words that start with string 'd' and end with string 'lat',d(?:a[ouw]lat|olat)
words that start with string 'haram' and contain substring 'kho',haram(?:kho(?:re?|ur)| khor)
words that start with string 'm' contain substring 'rda' and end with string 'ad',m(?:orda(?:h ba|b)ad|urda(?: ba|b)ad)
words that start with string 'g' and end with string 'lam',g(?:h[ou]lam|[ou]lam)
words that start with string 'zam' and end with string 'r',zam(?:ie?r|e[ei]r)
words that start withstring 'a' contain substring 'kh' and end with string 'rat',a(?:(?:akh[ei]|akh)rat|kh[ei]rat)
words that start with string 'n' contain substring 'b' and end with string 't',n(?:(?:(?:ua|o)|u)bat|a(?:boo|uba)t)
words that start with string 'm' contain substring 'sm' and end with string 'ar',m(?:ismaa?r|asmar)
words that start with string 'baha' contain substring 'd' and end with string  'r',bahad(?:urr?|ar)
words that start with string 't' contain substring 'waq' and end with string  'o',t(?:awaqq?o|waqo)
words that start with string 'h' contain substring 'ras' and end with string 'sa' or 'san',h(?:irasaan?|erasan|arasa)
words that start with string 't' contain substring 'r' and end with string 's',t(?:ara?|er)s
words that start with string 't' contain substring 'b' and end with string 'a' or 'ah',t(?:o(?:w?bah|ba)|a[ou]ba)
words that start with string 'k' contain substring 'nj' and end with string 'r',k(?:(?:anj[ae]|nj)|unja)r
words that start with string 'g' contain substring 'r' and end with string 'k' or 'q',g(?:harak|ar(?:a[kq]|[kq])|rak)
words that start with string 'i' or 'e' contain substring 'z' and end with string 't',(?:izz?at|ez[az]at)
words that start with string 'l' contain substring 'nd' and end with string 'a',l(?:oa?nda|a[ou]nda)
words that start with string 'dr' contain substring 'po' and end with string 'k' ,drpo(?:ke?|ok)
