nl_clip,regexp
words that start with  'a' and followed by 'bro' or 'abr',a.*(?:bro|abr)
words that start with  'a' and followed by 'd' and followed by  'b' end with  'bajah' or  'baja',a.*d.*(?:b|bajah|baja)
words that start with  'aad' or 'ad' and followed by 'lana',(?:aad|ad).*lana
words that start with  'a' and followed by 'g' and end with  'ah' or 'a',a.*g.*(?:a|ah)
words that start with  'ag' or 'aag' and end with  'hi' or 'he',(?:ag|aag).*(?:hi|he)
words that start with  'aag' or 'ag' and followed by 'h' and end with  'z',(?:aag|ag).*h.*z
words that start with  'ag' or 'aag' and followed by 'guft' and end with  'gu',(?:ag|aag).*guft.*gu
words that start with  'a' and followed by 'j' and end at sub 'zana',a.*j.*zana
words that start with  'aj' or 'aaj' and followed by 'zana' and 'anda',(?:aj|aaj).*zana.*anda
words that start with 'aj' or 'aaj' and end with  'zi' or 'ze',(?:aj|aaj).*(?:zi|ze)
words that start with  'aa' and end with  'a' or 'ah',aa.*(?:a|ah)
words that start with 'al' or 'aal' and followed by 'iqtid' and end with  'ar',(?:al|aal).*iqtid.*ar
words that start with 'aal' and end with  'i' or 'e' or 'y',aal.*[iey]
words that start with 'aal' and followed by 'himmat',aal.*himmat
words that start with  'aal' or 'al' and end with  'zarf',(?:aal|al).*zarf
words that start with  'aal' and end with  'm',aal.*m
words that start with  'aan' or 'an' and followed by 'fan' and end with  'n',(?:aan|an).*fan.*n
words that start with  'ap' or 'aap' and end with  's',(?:ap|aap).*s
words that start with  'ap' or 'aap' and end with sub 'dari',(?:ap|aap).*dari
words that start with  'aap' and followed by 'as' and 'k',aap.*as.*k
words that start with  'aaq' or 'aq' and end with  'l',(?:aaq|aq).*l
words that start with  'aq' or 'aaq' and followed by 'lan',(?:aq|aaq).*lan
words that start with  'ar' or 'aar' and followed by 'm s',(?:ar|aar).*m s
words that start with  'ar' or 'aar' and end with  'm',(?:ar|aar).*m
words that start with  'aar' or 'ar' and followed by 'sta',(?:aar|ar).*sta
words that start with  'aas' or 'as' and end with  'n',(?:aas|as).*n
words that start with  'a' and end with  'saish',a.*saish
words that start with  'aas' or 'as' and followed by 'ni' and end with  'say' or 'sy' or 'se',(?:aas|as).*ni.*(?:say|sy|se)
words that start with  'a' and followed by 'sh' and end with  'q',a.*sh.*q
words that start with  'a' and followed by 'sh' and 'q' and 'miz' or 'maz' and end with  'aj',a.*sh.*q.*(?:miz|maz).*aj
words that start with  'a' and followed by 'sh' and end with  'qana',a.*sh.*qana
words that start with  'a' and followed by 'sh' and end with  'qi',a.*sh.*qi
words that start with  'a' and followed by 'sh' and and 'k' end with  'r',a.*sh.*[kr]
words that start with  'a' and followed by 'sh' and and 'na' end with  'i' or 'e',a.*sh.*(?:i|e|na)
words that start with  'a' and followed by 'sma' end with  'ni',a.*(?:sma|ni)
words that start with  'a' and followed by 'sh' or 'ch' end with  'a',a.*(?:a|sh|ch)
words that start with  'ach' and followed by 'm'or 'n' and 'b' and end with  'a',ach.*[mn].*b.*a
words that start with  'ach' and end with  'i' or 'y' or 'e',ach.*[iye]
words that start with  'ach' and followed by 'i' and 'd' and end with  't',ach.*i.*d.*t
"words that start with  'ach' and followed by 'i' and 't' and 'rh' and end with  'h' ,'n' or 'a'",ach.*i.*t.*rh.*[hna]
words that start with  'a' and followed by 'd' and end with  'ab',a.*d.*ab
words that start with  'a' and followed by 'd' and end with  'l',a.*d.*l
words that start with  'ad' and followed by 'n' and end with  'a' or 'ah',ad.*n.*(?:a|ah)
words that start with  'ad' and followed by 'r' and end with  'k',ad.*r.*k
words that start with  'afa' and followed by 'k' or 'q' and end with  'a',afa.*[kq].*a
words that start with  'afr' and end with  'at',afr.*at
words that start with  'afr' and followed by 'at' and 's' and end with  'y' or 'e' ,afr.*at.*s.*[ye]
words that start with  'afr' and end with  'n',afr.*n
words that start with  'afz' and end with  'a' or 'ah',afz.*(?:a|ah)
words that start with  'afz' and end with  'l',afz.*l
words that start with  'a' or 'e' and followed by 'h' and end with  'm',[ae].*h.*m
words that start with  'a' or 'e' and followed by 'h' and 'mi' and end with  'at',[ae].*h.*mi.*at
words that start with  'a' or 'e' or 'i' and followed by 'h' and 's' and end with  'an',[aei].*h.*s.*an
words that start with  'a' or 'e' or 'i' and followed by 'sa' and 'n m' or 'nm' and end with  'd',[aei].*sa.*(?:n m|nm).*d
words that start with  'a' or 'e' or 'i' and followed by 'sa' and 'n m' or 'nm' and end with  'di',[aei].*sa.*(?:n m|nm).*di
words that start with  'a' or 'e' and followed by 'h' and 't' and end with  'yaat' or 'yat',[ae].*h.*t.*(?:yaat|yat)
words that start with  'a' or 'e' and followed by 'h' and 't' and end with  'tan',[ae].*h.*t.*tan
words that start with  'a' or 'e' or 'i' and followed by 't' and 'r' and end with  'am',[aei].*t.*r.*am
words that start with  'a' or 'e' or 'i' and followed by 't' and 'r' and end with  'man',[aei].*t.*r.*man
words that start with  'a' and followed by 'k' and end with  'a',a.*k.*a
words that start with  'a' or 'e' and followed by 's' and end with  'r',[ae].*s.*r
words that start with  'a' and end with  'sh',a.*sh
words that start with  'a' and followed by 'sh' and end with  'krna' or 'karna',a.*sh.*(?:krna|karna)
words that start with  'a' and followed by 'sh' and 'o' and 'ish' or 'esh' and end with  'rat' or 'rt,a.*sh.*o.*(?:ish|esh).*rat
words that start with  'a' or 'e' and followed by 'tb' and end with  'r',[ae].*tb.*r
words that start with  'a' or 'e' and followed by 't' and 'm' and end with  'ad',[ae].*t.*m.*ad
words that start with  'a' or 'e' and followed by 'tra' and end with  'f',[ae].*tra.*f
words that start with  'a' and followed by 'j' and end with  'b',a.*j.*b
words that start with  'a' and followed by 'j' and end with  'r',a.*j.*r
words that start with  'a' and followed by 'j' and end with  'ba',a.*j.*ba
words that start with  'ak' and end with  'th' or 'the',ak.*(?:th|the)
words that start with  'a' or 'e' and followed by 'm' and end with  'n',[ae].*m.*n
words that start with  'a' or 'e' and followed by 'li' and 'maq' and end with  'am',[ae].*li.*maq.*am
words that start with  'ama' and followed by 'd' and end with  'a' or 'ah',ama.*d.*(?:a|ah)
words that start with  'a' and followed by 'm' and end with  'n',a.*m.*n
words that start with  'a' and followed by 'mana' and end with  't',a.*mana.*t
words that start with  'am' and followed by 'n' and 'p' and 's' and 'n' and end with  'dana',am.*n.*p.*s.*n.*dana
words that start with  'am' and followed by 'n' and 'p' and end with  'sandi',am.*n.*p.*sandi
words that start with  'ankho' and followed by 'ka ta' and end with  'ra',ankho.*ka ta.*ra
words that start with  'a' or 'u' and followed by 'nm' and end with  'l',[au].*nm.*l
words that start with  'a' and followed by 'p' and end with  'na',a.*p.*na
words that start with  'ap' and followed by 'na' and 'p' and end with  'n',ap.*na.*p.*n
words that start with  'a' and followed by 'q' and end with  'l',a.*q.*l
words that start with  'aq' and followed by 'l o'  and 'd' and end with  'nish',aq.*l o.*d.*nish
words that start with  'aq' and followed by 'l m'  and 'n' and end with  'dana',aq.*l m.*n.*dana
words that start with  'a' and followed by 'q' and end with  'l',a.*q.*l
words that start with  'a' or'e' or 'i' and followed by 'qrar',[aei].*qrar
words that start with  'a' or'e' or 'i' and followed by 'qrar' and end with  'i',[aei].*qrar.*i
words that start with  'a' and followed by 'r' and end with  'm',a.*r.*m
words that start with  'a' and followed by 'r' and 'm' and end with  'deh',a.*r.*m.*deh
words that start with  'a' and followed by 'ra' and 'm p' and end with  'chana',a.*ra.*m p.*chana
words that start with  'a' or 'i' and followed by 'r' and 'f' and end with  'a' or 'ah',[ai].*r.*f.*(?:a|ah)
words that start with  'a' and followed by 'r' and 'm' and end with  'n',a.*r.*m.*n
words that start with  'ar' and followed by 'z' and end with  'u' or 'o',ar.*z.*[uo]
words that start with  'as' and end with  'r',as.*r
words that start with  'as' and followed by 'r' and 'paz' and end with  'r',as.*r.*paz.*r
words that start with  'a' or 'i' and followed by 's' and end with  'bati',[ai].*s.*bati
words that start with  'a' and followed by 'sh' and end with  'ab',a.*sh.*ab
words that start with  'a' and followed by 's' and end with  'li',a.*s.*li
words that start with  'a' or 'i' and followed by 'sm' and end with  't',[ai].*sm.*t
words that start with  'as' and followed by 'd' and end with  'ah' or 'a',as.*d.*(?:a|ah)
words that start with  'a' and followed by 't' and end with  'ya',a.*t.*ya
words that start with  'a' and followed by 't' and end with  'ya',a.*t.*ya
words that start with  'a' or 'o' or 'u' and followed by 'jag' and end with  'r',[aou].*jag.*r
words that start with  'a' and followed by 'w' and end with  'l',a.*w.*l
words that start with  'az' and followed by 'h' and 'd' and 'kh' and end with  'shi',az.*h.*d.*kh.*shi
words that start with  'a' and followed by 'z' and end with  'd',a.*z.*d
words that start with  'a' and followed by 'z' and end with  'di',a.*z.*di
words that start with  'a' and followed by 'z' and end with  'm',a.*z.*m
words that start with  'a' and followed by 'z' and 'm' and end with  'shan',a.*z.*m.*shan
words that start with  'a' and followed by 'z' and end with  'z',a.*z.*z
words that start with  'a' and followed by 'z' and end with  'z',a.*z.*z
words that start with  'a' and followed by 'z' and 'm' and end with  't',a.*z.*m.*t
words that start with  'azr' and followed by 'e' and 'nawaz' and end with  'ish',azr.*e.*nawaz.*ish
words that start with  'ba' and followed by 'd' and 'b',ba.*d.*b
words that start with  'ba' and followed by 'sa' and 'ni',ba.*sa.*ni
words that start with  'ba' and followed by 'z' and 'm' and end with  't',ba.*z.*m.*t
words that start with  'ba' and followed by 'b' and 'rk' or 'rq' and end with  't',ba.*b.*(?:rk|rq).*t
words that start with  'ba' and followed by 'kh' and end with  'laq',ba.*kh.*laq
words that start with  'ba' and followed by 'gh' and 'r',ba.*gh.*r
words that start with  'ba' and followed by 'h' and 'y' and end with  'a',ba.*h.*y.*a
words that start with  'ba' and followed by 'h' and 's' and end with  'at',ba.*h.*s.*at
words that start with  'ba' and followed by 'him' and end with  't',ba.*him.*t
words that start with  'ba' and followed by 'i' or 'e' and 'l' and end with  'm',ba.*[ie].*l.*m
words that start with  'ba' and followed by 'k' and 'm' and end with  'l',ba.*k.*m.*l
words that start with  'ba' and followed by 'k' and 's' and end with  'rat',ba.*k.*s.*rat
words that start with  'ba' and followed by 'kh' and 'b' and end with  'r',ba.*kh.*b.*r
words that start with  'ba' and followed by 'khab' and end with  'ri' or 're',ba.*khab.*(?:ri|re)
words that start with  'ba' and followed by 'kird' and end with  'r',ba.*kird.*r
words that start with  'ba' and followed by 'ma' and end with  'ni',ba.*ma.*ni
words that start with  'ba' and followed by 'm' and 'qs' and end with  'd',ba.*m.*qs.*d
words that start with  'ba' and followed by 'm' and 'r' and end with  'd',ba.*m.*r.*d
words that start with  'ba' and followed by 'nas' and end with  'b',ba.*nas.*b
words that start with  'ba' and followed by 'tart' and end with  'b',ba.*tart.*b
words that start with  'ba' and followed by 'as' and end with  'l',ba.*as.*l
words that start with  'ba' and followed by 'waq' and end with  'r',ba.*waq.*r
words that start with  'ba' and followed by 'sala' and end with  'hiyat',ba.*sala.*hiyat
words that start with  'ba' and followed by 'tr' and 'q' and 'ahs' and end with  'n',ba.*tr.*q.*ahs.*n
words that start with  'ba' and followed by 'd' and 'sab' and 'ahs' and end with  'a',ba.*d.*sab.*ahs.*a
words that start with  'ba'  and end with  'g' or 'gh',ba.*(?:g|gh)
words that start with  'ba' and followed by 'g' and 'riz' and end with  'n',ba.*g.*riz.*n
words that start with  'ba' and followed by 'ch' and end with  't',ba.*ch.*t
words that start with  'ba' and followed by 'r' or 'd' and end with  'i',ba.*[rd].*i
words that start with  'bad' and followed by 'la',bad.*la
words that start with  'bad' and followed by 'sh' and end with  'hi',bad.*sh.*hi
words that start with  'bah sah' and end with  'lat',bah sah.*lat
words that start with  'ba' and followed by 'ha' and end with  'al',ba.*ha.*al
words that start with  'ba' and followed by 'ha' and 'd' and end with  'r',ba.*ha.*d.*r
words that start with  'ba' and followed by 'ha' and 'd' and end with  'ri' or 're',ba.*ha.*d.*(?:ri|re)
words that start with  'baham' and followed by 'it'  and end with  'faq',baham.*it.*faq
words that start with  'bah' and followed by 'sh' and end with  't',bah.*sh.*t
words that start with  'ba' and followed by 'ja' and 'l' and end with  'ana',ba.*ja.*l.*ana
words that start with  'ba' and followed by 'kh' and end with  'r',ba.*kh.*r
words that start with  'bakh' and followed by 'r o' and 'kh' and end with  'bi',bakh.*r o.*kh.*bi
words that start with  'ba' and followed by 'kh' and end with  'bi',ba.*kh.*bi
words that start with  'b' and followed by 'k' and 'sh' and end with  'sh',b.*k.*sh.*sh
words that start with  'b' and followed by 'k' and 'sh' and end with  'na',b.*k.*sh.*na
words that start with  'ba' and followed by 'la' or 'd' and end with  'sti',ba.*(?:d|la).*sti
words that start with  'ba' and followed by 'la' and 't' and end with  'r',ba.*la.*t.*r
words that start with  'ba' and followed by 'l' and end with  'gh',ba.*l.*gh
words that start with  'b' and followed by 'nda' and 'pr' or 'par' and 'w' and end with  'r',b.*nda.*(?:pr|par).*w.*r
words that start with  'ba' and followed by 'k' or 'q' and end with  'da',ba.*[kq].*da
words that start with  'baqa' and followed by 'd' and end with  'gi',baqa.*d.*gi
words that start with  'b' and followed by 'r' and 'm' and 'h' and end with  'l',b.*r.*m.*h.*l
words that start with  'b' and followed by 'r w' and 'q' or 'k' and end with  't',b.*r w.*[qk].*t
words that start with  'b' and followed by 'r' and 'd' and end with  'a',b.*r.*d.*a
words that start with  'b' and followed by 'r' and 'aad' or 'ad' and end with  'mi',b.*r.*(?:aad|ad).*mi
words that start with  'b' and followed by 'r' and 'd' and end with  'l',b.*r.*d.*l
words that start with  'b' and followed by 'r' and 'k' and end with  'm',b.*r.*k.*m
words that start with  'b' and followed by 'rab' and end with  'r',b.*rab.*r
words that start with  'b' and followed by 'rab' and end with  're' or 'ri',b.*rab.*(?:re|ri)
words that start with  'b' and followed by 'r' and end with  'dr' or 'dar',b.*r.*(?:dr|dar)
words that start with  'b' and followed by 'r' and 'd' and end with  'ana',b.*r.*d.*ana
words that start with  'b' and followed by 'rah'  and 'k'  and 'r' and end with  'm',b.*rah.*k.*r.*m
words that start with  'b' and followed by 'r' and 'd' and end with  'i',b.*r.*d.*i
words that start with  'b' and followed by 'rd' or 'rad' and end with  'sht',b.*(?:rd|rad).*sht
words that start with  'b' and followed by 'r' and 'e' or 'i' and end with  'k',b.*r.*[ei].*k
words that start with  'b' and followed by 'r' and 'j' and end with  'na',b.*r.*j.*na
words that start with  'b' and followed by 'r' or 'd'  and 'ho' or 'hu'  and end with  'a',b.*[rd].*(?:ho|hu).*a
words that start with  'b' and followed by 'r' or 'd' and end with  'ana',b.*[rd].*ana
words that start with  'b' and followed by 'r' or 'd' and 'n' and 'k' and end with  'kabil' or 'qabil',b.*[rd].*n.*k.*(?:kabil|qabil)
words that start with  'b' and followed by 'rk' or 'rq' and end with  't',b.*(?:rk|rq).*t
words that start with  'b' and followed by 'rt' and end with  'r',b.*rt.*r
words that start with  'b' and followed by 'rt' and end with  'ri' or 're',b.*rt.*(?:ri|re)
words that start with  'b' and followed by 's' and end with  'rat',b.*s.*rat
words that start with  'b' and followed by 'sh' and end with  'sh',b.*sh.*sh
words that start with  'b' and followed by 'w' and end with  'fa',b.*w.*fa
words that start with  'b' and followed by 'ai' and end with  'b',b.*ai.*b
words that start with  'b' and followed by 'ai' and end with  'bi' or 'be',b.*ai.*(?:bi|be)
words that start with  'b' and followed by 'an' and end with  'daza',b.*an.*daza
words that start with  'b' and followed by 'b' and end with  'ak',b.*b.*ak
words that start with  'b' and followed by 'b' and end with  'aq',b.*b.*aq
words that start with  'b' and followed by 'd' and end with  'gh',b.*d.*gh
words that start with  'b' and followed by 'd' and end with  'r',b.*d.*r
words that start with  'b' and followed by 'g' and 'r' and end with  'z',b.*g.*r.*z
words that start with  'b' and followed by 'g' and 'n' and end with  'h',b.*g.*n.*h
words that start with  'b' and followed by 'h' and end with  'd' or 'dh',b.*h.*(?:d|dh)
words that start with  'b' and followed by 'had' and  'k' and end with  'shi',b.*had.*k.*shi
words that start with  'b' and followed by 'h' and 's' and end with  'ab',b.*h.*s.*ab
words that start with  'b' and followed by 'h' and 'd' and  'ko' and end with  'shish',b.*h.*d.*ko.*shish
words that start with  'b' and followed by 'int' and end with  'ha',b.*int.*ha
words that start with  'b' and followed by 'j' and end with  'rm' or 'ram',b.*j.*(?:rm|ram)
words that start with  'b' and followed by 'kh' and end with  'ti',b.*kh.*ti
words that start with  'b' and followed by 'kh' and end with  'ta',b.*kh.*ta
words that start with  'b' and followed by 'kh' and end with  'tar' or 'ter' or 'tr',b.*kh.*(?:tar|ter|tr)
words that start with  'b' and followed by 'kh' and end with  'f',b.*kh.*f
words that start with  'b' and followed by 'kh' and 'f' and 'o' and end with  'r',b.*kh.*f.*o.*r
words that start with  'b' and followed by 'l' and end with  'ag',b.*l.*ag
words that start with  'b' and followed by 'm' and end with  'l',b.*m.*l
words that start with  'b' and followed by 'm' and 'z' and end with  'rat' or 'rt',b.*m.*z.*(?:rat|rt)
words that start with  'b' and followed by 'n' and end with  'wa',b.*n.*wa
words that start with  'b' and followed by 'q' and end with  'aid',b.*q.*aid
words that start with  'b' and followed by 'sh' and end with  'k',b.*sh.*k
words that start with  'b' and followed by 't' and end with  'kaluf',b.*t.*kaluf
words that start with  'b' and followed by 't' and end with  'kalufi',b.*t.*kalufi
words that start with  'b' and followed by 'z' and end with  'rar',b.*z.*rar
words that start with  'b' and followed by 'd' and 'q' and end with  't',b.*d.*q.*t
words that start with  'b' and followed by 'f' and 'k' and end with  'r',b.*f.*k.*r
words that start with  'b' and followed by 'g' and 'n' and end with  'hi' or 'he',b.*g.*n.*(?:hi|he)
words that start with  'b' and followed by 'h' and end with  'd',b.*h.*d
words that start with  'b' and followed by 'mis' and end with  'al',b.*mis.*al
words that start with  'b' and followed by 'n' and end with  'zeer' or 'zir',b.*n.*(?:zeer|zir)
words that start with  'b' and followed by 'p' and end with  'rwa',b.*p.*rwa
words that start with  'b' and followed by 'qaid' and 'o' and end with  'nd',b.*qaid.*o.*nd
words that start with  'b' and followed by 'k' or 'q' and end with  'soor',b.*[kq].*soor
words that start with  'b' and followed by 'shub',b.*shub
words that start with  'b' and followed by 'd' and end with  'ar',b.*d.*ar
words that start with  'b' and followed by 'd' and end with  'ari',b.*d.*ari
words that start with  'b' and followed by 'hra' and 'm' and end with  'nd',b.*hra.*m.*nd
words that start with  'b' and followed by 'hra' and 'm' and end with  'ndi',b.*hra.*m.*ndi
words that start with  'b' and followed by 'h' and 't' and end with  'r',b.*h.*t.*r
words that start with  'b' and followed by 'h' and 't' and 'r' and end with  'nana',b.*h.*t.*r.*nana
words that start with  'b' and followed by 'h' and 't' and 'r' and end with  'ona',b.*h.*t.*r.*ona
words that start with  'b' and followed by 't' and 'r' and 'karkar' and end with  'dgi' or 'dagi',b.*t.*r.*karkar.*(?:dgi|dagi)
words that start with  'b' and followed by 't' and 'r' and 't' and 'r' and 'q',b.*t.*r.*t.*r.*q
words that start with  'b' and followed by 'h' and 't' and 'r' and end with  'n',b.*h.*t.*r.*n
words that start with  'b' and followed by 'h' and 't' and 'r' and end with  'i' or 'e',b.*h.*t.*r.*[ie]
words that start with  'besh' and followed by 'b' and 'ha',besh.*b.*ha
words that start with  'besh' and followed by 'q' and 'm' and end with  't',besh.*q.*m.*t
words that start with  'besh' and followed by 'q' and 'm' and end with  'ti',besh.*q.*m.*ti
words that start with  'bha' and followed by 'l' and end with  'a',bha.*l.*a
words that start with  'bha' and followed by 'l' and end with  'a',bha.*l.*a
words that start with  'bha' and followed by 'r' and end with  'i' or 'e' or 'y',bha.*r.*[iey]
words that start with  'bha' and followed by 'la' and end with  'i' or 'e' or 'y',bha.*la.*[iey]
words that start with  'bhar' or 'bar' and followed by 'p' and end with  'r',(?:bhar|bar).*p.*r
words that start with  'b' and followed by 'r' and 'k' and end with  'la',b.*r.*k.*la
words that start with  'bha' and followed by 'ro' and 's' and end with  'e' or 'i',bha.*ro.*s.*[ei]
words that start with  'bhar' or 'bar' and followed by 's' and end with  'a',(?:bhar|bar).*s.*a
words that start with  'bhar' and followed by 'p' and end with  'r',bhar.*p.*r
words that start with  'bh' and followed by 'o' or 'u' and end with  'la' or 'lah',bh.*[ou].*(?:la|lah)
words that start with  'bh' and followed by 'o' or 'u' and end with  'li' or 'le',bh.*[ou].*(?:li|le)
words that start with  'bho' and followed by 'bha' and end with  'la',bho.*bha.*la
words that start with  'bho' and followed by 'bha' and end with  'li' or 'le',bho.*bha.*(?:li|le)
words that start with  'bh' and followed by 'o' or 'u' and end with  'la' or 'lah',bh.*[ou].*(?:la|lah)
words that start with  'bila' and followed by 'f' and end with  'rk',bila.*f.*rk
words that start with  'bila' and followed by 'h' and 'j' and end with  't',bila.*h.*j.*t
words that start with  'bila' and followed by 'kh' and 'f' and 'khat' or 'kht',bila.*kh.*f.*(?:khat|kht)
words that start with  'bila' and followed by 'm' and 'kh' and end with  'za',bila.*m.*kh.*za
words that start with  'bila' and followed by 'n' and 'k' and end with  's',bila.*n.*k.*s
words that start with  'bila' and followed by 'sh' and 'b',bila.*sh.*b
words that start with  'bila' and followed by 't' and 'fr' and end with  'k' or 'q',bila.*t.*fr.*[kq]
words that start with  'bila' and followed by 'tar' and 'fd' and end with  'ri' or 'ry',bila.*tar.*fd.*(?:ri|ry)
words that start with  'bila' and followed by 'taw' and 'k' and end with  'f,bila.*taw.*k.*
words that start with  'b' and followed by 'l' and 'k' and end with  'l',b.*l.*k.*l
words that start with  'b' and followed by 'h' and end with  't',b.*h.*t
words that start with  'b' and followed by 'h' and 't' and 'kh' and end with  'ob or 'ub'',b.*h.*t.*kh.*(?:ob or |)
words that start with  'boh' and followed by 'z' and 'ada' and 'shan' and end with  'dar' or 'daar',boh.*z.*ada.*shan.*(?:dar|daar)
words that start with  'b' and followed by 'h' and 't' and end with  'd',b.*h.*t.*d
words that start with  'b' and followed by 'd' and end with  'ya',b.*d.*ya
words that start with  'b' and followed by 'l' and 'n' and end with  'd',b.*l.*n.*d
words that start with  'b' and followed by 'l' and 'nd' and 'hosl' and end with  'gi',b.*l.*nd.*hosl.*gi
words that start with  'b' and followed by 'l' and 'nd' and end with  'tar',b.*l.*nd.*tar
words that start with  'b' and followed by 'l' and 'nd' and end with  'shaan',b.*l.*nd.*shaan
words that start with  'b' and followed by 'l' and 'n' and end with  'di',b.*l.*n.*di
words that start with  'b' and followed by 'n' and 'ya' and end with  'di' or 'de',b.*n.*ya.*(?:di|de)
words that start with  'b' and followed by 'r' and 'b' and end with  'd',b.*r.*b.*d
words that start with  'b' and followed by 'r' and 'b' and end with  'di',b.*r.*b.*di
words that start with  'b' and followed by 'z' and 'r' and end with  'g',b.*z.*r.*g
words that start with  'b' and followed by 'z' and 'r' and end with  'gana',b.*z.*r.*gana
words that start with  'b' and followed by 'z' and 'r' and end with  'gi',b.*z.*r.*gi
words that start with  'ch' and followed by 'k o ch' or 'koch' and end with  'nd',ch.*(?:k o ch|koch).*nd
words that start with  'cha' and followed by 's' and end with  'ni',cha.*s.*ni
words that start with  'chab' and followed by 'kd' and end with  'st',chab.*kd.*st
words that start with  'ch' and followed by 'h' and end with  't',ch.*h.*t
words that start with  'ch' and followed by 'i' or 'y' and end with  'n',ch.*[iy].*n
words that start with  'ch' and followed by 'l' and end with  'k',ch.*l.*k
words that start with  'ch' and followed by 'l' and end with  'ki',ch.*l.*ki
words that start with  'ch' and followed by 'm' and end with  'k',ch.*m.*k
words that start with  'ch' and followed by 'k' and end with  'la',ch.*k.*la
words that start with  'ch' and followed by 'n' and end with  'dah' or 'da',ch.*n.*(?:dah|da)
words that start with  'ch' and followed by 'pl' and end with  'si',ch.*pl.*si
words that start with  'ch' and followed by 'r' and end with  'cha',ch.*r.*cha
words that start with  'ch' and followed by 'tk' and end with  'ra',ch.*tk.*ra
words that start with  'ch' and followed by 'k' and end with  'na',ch.*k.*na
words that start with  'ch' and followed by 'k' and end with  's',ch.*k.*s
words that start with  'da' and followed by 'w' and end with  'a' or 'i' or 'e',da.*w.*[aie]
words that start with  'd' and followed by 'n' and end with  'g',d.*n.*g
words that start with  'd' and followed by 'rkh and end with  'st',d.*.*st
words that start with  'd' and followed by 'r' and end with  'dil',d.*r.*dil
words that start with  'd' and followed by 'stg' and end with  'ir' or 'er',d.*stg.*(?:ir|er)
words that start with  'd' and followed by 'ya' and end with  'nat',d.*ya.*nat
words that start with  'd' and followed by 'da' and end with  'r',d.*da.*r
words that start with  'd' and followed by 'n' and 'd' and end with  'ar',d.*n.*d.*ar
words that start with  'd' and followed by 'rkh' and ''sh' and end with  'nda' or 'dah',d.*rkh.*.*(?:nda|dah)
words that start with  'd' and followed by 'v' or 'w' and end with  'ta',d.*[vw].*ta
words that start with  'dil' and followed by 'far' and end with  'b',dil.*far.*b
words that start with  'dil' and followed by 'far' and end with  'bi',dil.*far.*bi
words that start with  'dil' and followed by 'nash' and end with  'n',dil.*nash.*n
words that start with  'dil' and followed by 'p' and end with  'nd',dil.*p.*nd
words that start with  'd' and followed by 'l' and end with  'r',d.*l.*r
words that start with  'd' and followed by 'lch' and end with  'sp',d.*lch.*sp
words that start with  'dil' and followed by 'paz' and end with  'r',dil.*paz.*r
words that start with  'd' and followed by 'l' and end with  'ri',d.*l.*ri
words that start with  'd' and followed by 'bar' and end with  'a',d.*bar.*a
words that start with  'd' and followed by 'r' or 'and' and end with  'sh',d.*(?:r|and).*sh
words that start with  'd' and followed by 'r' or 'and' and end with  'shi',d.*(?:r|and).*shi
words that start with  'd' and followed by 'u' or 'a' or 'w' and end with  'a',d.*[uaw].*a
words that start with  'd' and followed by 'r' and end with  'st',d.*r.*st
words that start with  'd' and followed by 'r' and end with  'sti',d.*r.*sti
words that start with  'e' or 'i' or 'a' and followed by 'jaz',[eia].*jaz
words that start with  'e' or 'i' or 'a' and followed by 'jad',[eia].*jad
words that start with  'e' or 'i' or 'a' and followed by 'jadi',[eia].*jadi
words that start with  'f' and followed by 'd' and end with  'a',f.*d.*a
words that start with  'fa' and followed by 'kh' and 'r' and end with  'ya' or 'ia',fa.*kh.*r.*(?:ya|ia)
words that start with  'fa' and followed by 'kh' and end with  'r',fa.*kh.*r
words that start with  'fas' and followed by 'h',fas.*h
words that start with  'fat' and followed by 'h',fat.*h
words that start with  'fat' and followed by 'mand',fat.*mand
words that start with  'f' and followed by 'y' or 'i' and end with  'z',f.*[yi].*z
words that start with  'f' and followed by 'h' and end with  'm',f.*h.*m
words that start with  'f' and followed by 'ras' and end with  'at',f.*ras.*at
words that start with  'fo' and followed by 'r' and end with  'i',fo.*r.*i
words that start with  'fo' and followed by 'r' and end with  'n',fo.*r.*n
words that start with  'f' and followed by 'tu' or 'to' and end with  'at',f.*(?:tu|to).*at
words that start with  'g' and followed by 'r' and 'm' and end with  'joshi',g.*r.*m.*joshi
words that start with  'g' and followed by 'r' and 'm' and end with  'joshi',g.*r.*m.*joshi
words that start with  'g' and followed by 'rw' and end with  'da' or 'dah',g.*rw.*(?:da|dah)
words that start with  'g' and followed by 'v' and end with  'ra' or 'rah',g.*v.*(?:ra|rah)
words that start with  'g' and followed by 'hr' and end with  'a',g.*hr.*a
words that start with  'g' and followed by 'hr' and end with  'i',g.*hr.*i
words that start with  'g' and followed by 'hra' and end with  'i' or 'e',g.*hra.*[ie]
words that start with  'g' and followed by 'hra' and end with  'dost',g.*hra.*dost
words that start with  'g' and followed by 'hri' and end with  'dost'i,g.*hri.*dost
words that start with  'gh' and followed by 'r mash' and end with  't',gh.*r mash.*t
words that start with  'gha' and followed by 'm' and end with  'dood' or 'dud',gha.*m.*(?:dood|dud)
words that start with  'g' and followed by 'muta' and end with  'sib',g.*muta.*sib
words that start with  'gham' and followed by 'kh' and end with  'ri',gham.*kh.*ri
words that start with  'g' and followed by 'n' and end with  'i',g.*n.*i
words that start with  'g' and followed by 'z' and end with  'i',g.*z.*i
words that start with  'ghay' and end with  'r',ghay.*r
words that start with  'gh' and followed by 'o' or 'u' and end with  'r',gh.*[ou].*r
words that start with  'g' and followed by 'r' and 'fik' end with  'r',g.*r.*(?:r|fik)
words that start with  'g' and followed by 'n' and end with  'j' or 'jh',g.*n.*(?:j|jh)
words that start with  'g' and followed by 'n' and 'j' and end with  'dar',g.*n.*j.*dar
words that start with  'gul' and followed by 'u' and end with  'l',gul.*u.*l
words that start with  'gul' and followed by 'r' and end with  'ng',gul.*r.*ng
words that start with  'gul' and followed by 'r' and end with  'z',gul.*r.*z
words that start with  'gu' and followed by 'lf' and end with  'am',gu.*lf.*am
words that start with  'gu' and followed by 'm' and end with  'n',gu.*m.*n
words that start with  'ha' and followed by 's' and end with  'l',ha.*s.*l
words that start with  'h' and followed by 'z' and end with  'r',h.*z.*r
words that start with  'ha' and followed by 'z' and 'r dim' or 'r dm' or 'r dam' and end with  'g' or 'gh',ha.*z.*(?:r dim|r dm|r dam).*(?:g|gh)
words that start with  'ha' and followed by 'z' and 'r dim' or 'r dm' or 'r dam' and end with  'ghi' or 'gi',ha.*z.*(?:r dim|r dm|r dam).*(?:ghi|gi)
words that start with  'ha' and followed by 'z' and 'r jaw' or 'r jw' and end with  'ab',ha.*z.*(?:r jaw|r jw).*ab
words that start with  'ha' and followed by 'z' and 'r jaw' or 'r jw' and end with  'abi',ha.*z.*(?:r jaw|r jw).*abi
words that start with  'hak' and followed by 'bak' ,hak.*bak
words that start with  'ha' and followed by 'lat e' and 's' and end with  'kun' or 'koon' ,ha.*lat e.*s.*(?:kun|koon)
words that start with  'ham' and followed by 'ya' and end with  'ti' ,ham.*ya.*ti
words that start with  'h' and followed by 'm' and end with  'd' ,h.*m.*d
words that start with  'ham' or 'hm' or 'hum' and followed by 'd o s' and end with  'na' ,(?:ham|hm|hum).*d o s.*na
words that start with  'h' and followed by 'md' and end with  'rd' ,h.*md.*rd
words that start with  'h' and followed by 'm' and 'v' or 'w' and end with  'r' ,h.*m.*[vw].*r
words that start with  'h' and followed by 's' and 'n' and end with  'a' ,h.*s.*n.*a
words that start with  'ha' and followed by 'sa' and 'n' and end with  'a' ,ha.*sa.*n.*a
words that start with  'han' and followed by 's'  and end with  'i' ,han.*s.*i
words that start with  'h' and end with  'k' or 'q' ,h.*[kq]
words that start with  'h' and end with  'k' or 'q'  and end with  'go' or 'gu',h.*[kq].*(?:go|gu)
words that start with  'h' and end with  'k' or 'q'  and 'par' and end with  'st',h.*[kq].*par.*st
words that start with  'h' and end with  'k' or 'q'  and 'par' and end with  'sti',h.*[kq].*par.*sti
words that start with  'h' and end with  'k' or 'q'  and 'par m' or 'per m' and end with  'bni',h.*[kq].*(?:par m|per m).*bni
words that start with  'h' and end with  'k' or 'q'  and 'yaf' and end with  'ta',h.*[kq].*yaf.*ta
words that start with  'h' and end with   'q'  and 'iq' or 'eq' and end with  't',h.*q.*(?:iq|eq).*t
words that start with  'h' and end with   'q'  and 'iq' or 'eq' and end with  'i',h.*q.*(?:iq|eq).*i
words that start with  'har' and end with   'dil'  and 'az' and end with  'z',har.*dil.*az.*z
words that start with  'hasb' and followed by ' e ' and end with  'hish',hasb.* e .*hish
words that start with  'has' and followed by 'e' and end with  'n',has.*e.*n
words that start with  'h' and followed by 'ash' and 'b' and end with  'ash',h.*ash.*b.*ash
words that start with  'h' and followed by and end with  's',h.*.*s
words that start with  'h' and followed by 'sl' and end with  'wala',h.*sl.*wala
words that start with  'haya' and followed by 't e n' and end with  'u' or 'o',haya.*t e n.*[uo]
words that start with  'he' and followed by 'r' and end with  'a',he.*r.*a
words that start with  'h' and followed by 'ra' and end with  'n',h.*ra.*n
words that start with  'h' and followed by 'rat ang' and end with  'z',h.*rat ang.*z
words that start with  'h' and followed by 'rat za' and end with  'da' or 'dah',h.*rat za.*(?:da|dah)
words that start with  'h' and followed by 'day' and end with  'at',h.*day.*at
words that start with  'h' and followed by 'faz' and end with  't',h.*faz.*t
words that start with  'h' and end with  'jab' or 'jaab',h.*(?:jab|jaab)
words that start with  'h' and followed by 'la' and 'm' and end with  'la',h.*la.*m.*la
words that start with  'h' and followed by 'maya' and end with  't',h.*maya.*t
words that start with  'h' and followed by 'm' and end with  'yati',h.*m.*yati
words that start with  'h' and followed by 'm' and end with  't',h.*m.*t
words that start with  'him' and followed by 'at' and 'wala',him.*at.*wala
words that start with  'h' and followed by 'ba' and end with  'ho' or 'hu',h.*ba.*(?:ho|hu)
words that start with  'h' and followed by 'naha' and end with  'r',h.*naha.*r
words that start with  'ho' or 'hu' and followed by 'sh' and end with  'ar',(?:ho|hu).*sh.*ar
words that start with  'h' and followed by 'sh' and end with  'ari',h.*sh.*ari
words that start with  'h' and followed by 's' and end with  'la',h.*s.*la
words that start with  'h' and followed by 'km' and end with  'i',h.*km.*i
words that start with  'huk' and followed by 'm' and end with  'ena',huk.*m.*ena
words that start with  'hum' and followed by 'ahan' and end with  'g',hum.*ahan.*g
words that start with  'hum' and followed by 'ahan' and end with  'gi',hum.*ahan.*gi
words that start with  'h' and followed by 'md' or 'm d' and end with  'rd',h.*(?:md|m d).*rd
words that start with  'h' and followed by 'mr' and end with  'z',h.*mr.*z
words that start with  'h' and followed by 'n' and end with  'r',h.*n.*r
words that start with  'h' and followed by 'nr' and end with  'mand',h.*nr.*mand
words that start with  'h' and followed by 'nr m' or 'nrm' and end with  'ndana',h.*(?:nr m|nrm).*ndana
words that start with  'h' and followed by 'rm' and end with  't',h.*rm.*t
words that start with  'husn' or 'husan' and followed by 'khidm' and end with  't',(?:husn|husan).*khidm.*t
words that start with  'h' and followed by 's' and end with  'n',h.*s.*n
words that start with  'h' and followed by 's' and end with  'l',h.*s.*l
words that start with  'h' and followed by 'l e m' and end with  'qsad',h.*l e m.*qsad
words that start with  'h' and followed by 'z' and end with  'r',h.*z.*r
words that start with  'h' and followed by 'r w' and end with  'ala',h.*r w.*ala
words that start with  'i' or 'e' and followed by 'bt' and end with  'da',[ie].*bt.*da
words that start with  'i' or 'a' or 'e' and followed by 'dr' and end with  'ak',[iae].*dr.*ak
words that start with  'i' or 'e' and followed by 'j' and end with  'd',[ie].*j.*d
words that start with  'i' or 'a' and followed by 'khlaq' and end with  'i',[ia].*khlaq.*i
words that start with  'i' or 'a' and followed by 'khlaq' and end with  'at',[ia].*khlaq.*at
words that start with  'in' or 'an' or 'en' and end with  'at',(?:in|an|en).*at
words that start with  'ink' and followed by 'sa' and end with  're' or 'ri',ink.*sa.*(?:re|ri)
words that start with  'ink' and followed by 'sh' and end with  'f',ink.*sh.*f
words that start with  'inq' and followed by 'lab' and end with  'i' or 'e',inq.*lab.*[ie]
words that start with  'insa' and followed by 'niy' and end with  't',insa.*niy.*t
words that start with  'int' and followed by 'ha' and end with  'e' or 'i',int.*ha.*[ei]
words that start with  'iqti' and followed by 'dar' and end with  'ala',iqti.*dar.*ala
words that start with  'i' and followed by 'sla' and end with  'h',i.*sla.*h
words that start with  'i' and followed by 'sla' and 'k' and end with  'rna',i.*sla.*k.*rna
words that start with  'i' and followed by 'sla' and end with  'hi' or 'he',i.*sla.*(?:hi|he)
words that start with  'ist' and followed by 'qb' and end with  'l',ist.*qb.*l
words that start with  'i' or 'a' or 'e' and followed by 'ta' and end with  't',[iae].*ta.*t
words that start with  'it' and followed by 'h' and end with  'd',it.*h.*d
words that start with  'itm' and followed by 'n' and end with  'an',itm.*n.*an
words that start with  'it' and followed by 'f' and end with  'q',it.*f.*q
words that start with  'i' or 'a' and followed by 'z' and end with  'fa',[ia].*z.*fa
words that start with  'i' and followed by 'z' and end with  't',i.*z.*t
words that start with  'iz' and followed by 't afz' and end with  'i' or 'e',iz.*t afz.*[ie]
words that start with  'ja' and followed by 'n f' and end with  'shani',ja.*n f.*shani
words that start with  'ja' and followed by 'zib' and 'naz' or 'nz' and 'nand end with  'r',ja.*zib.*(?:naz|nz).*nand end with  
words that start with  'j' and followed by 'i' or 'y' and end with  'z',j.*[iy].*z
words that start with  'jal' and followed by 'al' and 'qad' and end with  'r',jal.*al.*qad.*r
words that start with  'j' and followed by 'n' and 'b' and end with  'ala',j.*n.*b.*ala
words that start with  'j' and followed by 'nash' and end with  'n',j.*nash.*n
words that start with  'j' and followed by 'sh' and end with  'n',j.*sh.*n
words that start with  'j' and followed by 'y' or 'i' and end with  'la',j.*[yi].*la
words that start with  'jaz' and followed by 'b n' or 'bn' and end with  'r',jaz.*(?:b n|bn).*r
words that start with  'j' and followed by 'h' and end with  'r',j.*h.*r
words that start with  'j' and followed by 'no' or 'nu' and end with  'n',j.*(?:no|nu).*n
words that start with  'j' and followed by 'z' and end with  'a',j.*z.*a
words that start with 'kh' and followed by 'bs' and end with  'rat',kh.*bs.*rat
words that start with  'kam' and followed by 'i' or 'y' and end with  'b',kam.*[iy].*b
words that start with  'kam' and followed by 'i' or 'y' and end with  'bi',kam.*[iy].*bi
words that start with  'kh' and followed by 'l' and end with  's',kh.*l.*s
words that start with  'kh' and end with  'sh',kh.*sh
words that start with  'khu' and followed by 'sh',khu.*sh
words that start with  'kh' and end with  'ish',kh.*ish
words that start with  'm' and contain substrig 'hf' and end with  'z',m.*hf.*z
words that start with  'malk' and followed by 't' and end with  'i',malk.*t.*i
words that start with  'mam' and followed by 'o' or 'u' and end with  'n',mam.*[ou].*n
words that start with  'mam' and followed by 'o' or 'u' and end with  'r' or 're',mam.*[ou].*(?:r|re)
words that start with  'm' and end with  'l',m.*l
words that start with  'm' and followed by 'jm' and end with  'a',m.*jm.*a
words that start with  'ma' and followed by 'nz' and end with  'ri',ma.*nz.*ri
words that start with  'ma' and followed by 'r' and end with  'f',ma.*r.*f
words that start with  'ma' and followed by 's' and end with  'd',ma.*s.*d
words that start with  'ma' and followed by 's' and end with  'm',ma.*s.*m
words that start with  'ma' and followed by 'sr' and end with  'r',ma.*sr.*r
words that start with  'm' and followed by 'z' and end with  'k' or 'q',m.*z.*[kq]
words that start with  'm' and followed by 'z' and end with  'e' or 'y',m.*z.*[ey]
words that start with  'm' and followed by 'h' and 'r' and end with  'ban',m.*h.*r.*ban
words that start with  'm' and followed by 'hb' and end with  'ob or 'ub',m.*hb.*ob or 
words that start with  'm' and followed by 'hn' and end with  't',m.*hn.*t
words that start with  'm' and followed by 'la' and end with  'n',m.*la.*n
words that start with  'm' and followed by 'ya' and end with  'r',m.*ya.*r
words that start with  'm' and followed by 'sal' and end with  'i',m.*sal.*i
words that start with  'm' and followed by 's' and end with  'l',m.*s.*l
words that start with  'm' and followed by 'th' and end with  'a',m.*th.*a
words that start with  'm' and followed by 'z' and end with  'j',m.*z.*j
words that start with  'mo' and followed by 'tab' and end with  'r',mo.*tab.*r
words that start with  'mo' and followed by 'h' and end with  'r',mo.*h.*r
words that start with  'm' and followed by 'j' and 'z' and end with  'a',m.*j.*z.*a
words that start with  'mo' and followed by 'z' and end with  'u' or 'o',mo.*z.*[uo]
words that start with  'mo' and followed by 'z' and end with  'n' or 'u',mo.*z.*[nu]
words that start with  'm' and followed by 'v' or 'w' and end with  'in',m.*[vw].*in
words that start with  'm' and followed by 'wz' or 'z' and end with  'a',m.*(?:z|wz).*a
words that start with  'mo' or 'mu' and followed by 'z' and end with  'z',(?:mo|mu).*z.*z
words that start with  'm' and followed by 'bar' and end with  'k',m.*bar.*k
words that start with  'm' and followed by 'f' and end with  'd',m.*f.*d
words that start with  'm' and followed by 'haf' and end with  'z',m.*haf.*z
words that start with  'm' and followed by 'h' and end with  't',m.*h.*t
words that start with  'm' and followed by 'hk' and end with  'm',m.*hk.*m
words that start with  'm' and followed by 'kaf' and end with  'at',m.*kaf.*at
words that start with  'm' and followed by 'mt' and end with  'z',m.*mt.*z
words that start with  'm' and followed by 'q' and end with  'dar',m.*q.*dar
words that start with  'm' and followed by 'ra' and end with  'd',m.*ra.*d
words that start with  'm' and followed by 'sb' and end with  't',m.*sb.*t
words that start with  'm' and followed by 'tab' and end with  'iq' or 'ik',m.*tab.*(?:iq|ik)
words that start with  'mat' or 'mut' and followed by 'waz' and end with  'n',(?:mat|mut).*waz.*n
words that start with  'm' and followed by 'zaf' and end with  'r',m.*zaf.*r
words that start with  'n' and followed by 'z' and end with  'k',n.*z.*k
words that start with  'n' and followed by 'f' and end with  'a',n.*f.*a
words that start with  'n' and followed by 'a' or 'e' and end with  'k',n.*[ae].*k
words that start with  'n' and followed by 'm' and 'da' and end with  'r',n.*m.*da.*r
words that start with  'n' and followed by 'm' and end with  'na',n.*m.*na
words that start with  'n' and followed by 'ti' or 'te' and end with  'ja',n.*(?:ti|te).*ja
words that start with  'n' and followed by 'k' and end with  'i',n.*k.*i
words that start with  'n' and followed by 'ha' and end with  'yat',n.*ha.*yat
words that start with  'o' or 'u' and followed by 'n' and end with  'cha',[ou].*n.*cha
words that start with  'p' and followed by 'a' and end with  's',p.*a.*s
words that start with  'pa' and followed by 'id' or 'ed' and end with  'ar',pa.*(?:id|ed).*ar
words that start with  'p' and end with  'sh',p.*sh
words that start with  'p' and followed by 'a' and end with  'k',p.*a.*k
words that start with  'pak' and followed by 'i' or 'e' and end with  'za',pak.*[ie].*za
words that start with  'par' and followed by 's' and end with  'tar',par.*s.*tar
words that start with  'p' and followed by 's' and end with  'nd',p.*s.*nd
words that start with  'pz' and followed by 'z' and end with  'r',pz.*z.*r
words that start with  'p' and end with  'r',p.*r
words that start with  'p' and followed by 'h' and 'l' and end with  'a',p.*h.*l.*a
words that start with  'p' and followed by 'n' and end with  'pna',p.*n.*pna
words that start with  'p' and followed by 'o' or 'u' and end with  'ra',p.*[ou].*ra
words that start with  'pur' and followed by 's' and 'k' and end with  'n',pur.*s.*k.*n
words that start with  'p' and followed by 'y' and end with  'r',p.*y.*r
words that start with  'p' and followed by 'y' and end with  'ra',p.*y.*ra
words that start with  'q' or 'k' and followed by 'b' and end with  'l',[qk].*b.*l
words that start with  'q' or 'k' and followed by 'bli' and end with  'at',[qk].*bli.*at
words that start with  'q' and followed by 'nu' or 'no' and end with  'ni',q.*(?:nu|no).*ni
words that start with  'q' or 'k' and followed by 'ra' and end with  'r',[qk].*ra.*r
words that start with  'q' or 'k' and followed by 'm' and end with  't',[qk].*m.*t
words that start with  'q' or 'k'and followed by 'y' and end with  'm',[qky].*m
words that start with  'q' and followed by 'au' or 'ou' and end with  'l',q.*(?:au|ou).*l
words that start with  'r' and end with  'zi',r.*zi
words that start with  'rab' and end with  'ta',rab.*ta
words that start with  'r' and followed by 'ng' and end with  'een',r.*ng.*een
words that start with  'rash' and end with  'k',rash.*k
words that start with  'r' and followed by 'h' and end with  'm',r.*h.*m
words that start with  'r' and followed by 'hm' and end with  't',r.*hm.*t
words that start with  'r' and followed by 'n' and end with  'k' or 'q',r.*n.*[kq]
words that start with  's' and followed by 'a' and end with  'th' or 't',s.*a.*(?:t|th)
words that start with  's' and followed by 'b' and end with  'r',s.*b.*r
words that start with  's' and followed by 'u' or 'a' and end with  'ch',s.*[ua].*ch
words that start with  's' and followed by 'u' or 'a' and 'm' and end with  'ch',s.*[ua].*m.*ch
words that start with  's' and followed by 'a' and end with  'i' or 'e' or 'h',s.*a.*[ieh]
words that start with  'sah' and followed by 'o' r 'u' and end with  'lat',sah.*[ou].*lat
words that start with  's' and followed by 'rf' and end with  'rosh',s.*rf.*rosh
words that start with  's' and followed by 'h' and end with  'r',s.*h.*r
words that start with  'sh' and followed by 'f' and end with  'q',sh.*f.*q
words that start with  'sh' and followed by 'g' and end with  'fay',sh.*g.*fay
words that start with  'sh' and followed by 'r' and end with  'dil',sh.*r.*dil
words that start with  'sh' and followed by 'r' and end with  'm',sh.*r.*m
words that start with  'sh' and followed by 'r' and end with  'f',sh.*r.*f
words that start with  'sh' and followed by 'r' and end with  'fana',sh.*r.*fana
words that start with  'sh' and followed by 'r' and end with  'f',sh.*r.*f
words that start with  'sh' and followed by 'r' and end with  'n',sh.*r.*n
words that start with  'sh' and followed by 'f' and end with  'a',sh.*f.*a
words that start with  'sh' and followed by 'u' or 'o' and end with  'k' or 'q',sh.*[uo].*[kq]
words that start with  'sh' and followed by 'k' or 'q' and end with  'een',sh.*[kq].*een
words that start with  'sh' and followed by 'ug' and end with  'l',sh.*ug.*l
words that start with  's' and followed by 'fari' and end with  'sh',s.*fari.*sh
words that start with  's' and followed by 'l' and end with  'ah' or 'a',s.*l.*(?:a|ah)
words that start with  's' and followed by 'r' and end with  'mah' or 'ma',s.*r.*(?:mah|ma)
words that start with  's' and end with  'hana',s.*hana
words that start with  's' and followed by 'ko' or 'ku' and end with  'n',s.*(?:ko|ku).*n
words that start with  's' and followed by 'nd' and end with  'r',s.*nd.*r
words that start with  's' and followed by 'neh' and end with  'ra',s.*neh.*ra
words that start with  's' and followed by 'nehr' and end with  'i' or 'y',s.*nehr.*[iy]
words that start with  's' and followed by 'r' and end with  'ur' or 'or',s.*r.*(?:ur|or)
words that start with  't' and followed by 'q' and end with  't',t.*q.*t
words that start with  't' and end with  'z' or 'x',t.*[zx]
words that start with  't' and followed by 'z' and end with  'i',t.*z.*i
words that start with  'tala' and end with  'fi',tala.*fi
words that start with  'tal' and followed by 'u' and end with  'k' or 'q',tal.*u.*[kq]
words that start with  'ta' and followed by 'me' and end with  'ri',ta.*me.*ri
words that start with  'tand' and followed by 'r' end with  'st',tand.*(?:r|st)
words that start with  'taqd' and end with  'r',taqd.*r
words that start with  'tar' and end with  'qi' or 'ki',tar.*(?:qi|ki)
words that start with  'ta' and followed by 'r' and end with  'f',ta.*r.*f
words that start with  'tar' and followed by 'j' and end with  'j',tar.*j.*j
words that start with  't' and followed by 'sal' and end with  'i',t.*sal.*i
words that start with  'task' and end with  'n',task.*n
words that start with  'tasl' and end with  'm',tasl.*m
words that start with  'tawa' and followed by 'j' and end with  'h' or 'o' or 'u',tawa.*j.*[hou]
words that start with  't' and followed by 'y' and end with  'ar',t.*y.*ar
words that start with  'taz' and end with  'm',taz.*m
words that start with  'tehs' and end with  'n',tehs.*n
words that start with  'th' and end with  'nda',th.*nda
words that start with  'th' and end with  'k',th.*k
words that start with  't' and followed by 'oh' or 'uh' and end with  'eed',t.*(?:oh|uh).*eed
words that start with  'a' or 'u' and followed by 'b' and end with  'r',[au].*b.*r
words that start with  'o' or 'u' and followed by 'md' and end with  'a',[ou].*md.*a
words that start with  'o' or 'u' and followed by 'mee' and 'afz' and end with  'a',[ou].*mee.*afz.*a
words that start with  'a' or 'u' and followed by 'r' and end with  'j',[au].*r.*j
words that start with  'a' or 'u' and followed by 's' and end with  'l',[au].*s.*l
words that start with  'us' and followed by 't' and end with  'd',us.*t.*d
words that start with  'u' or 'a' and followed by 'stw' and end with  'ar',[ua].*stw.*ar
words that start with  'wa' and followed by 'k' or 'q' and end with  'f',wa.*[kq].*f
words that start with  'was' and followed by 'o' or 'u' and end with  'li',was.*[ou].*li
words that start with  'waz' and end with  'h' or 'y',waz.*[hy]
words that start with  'waz' and end with  'fa',waz.*fa
words that start with  'ya' and followed by 'd' and 'g' and end with  'r',ya.*d.*g.*r
words that start with  'ya' and followed by 'r' and end with  'i',ya.*r.*i
words that start with  'ya' and followed by 'k' or 'q' and end with  'een',ya.*[kq].*een
words that start with  'ya' and followed by 'k' or 'q' and followed by 'n' and end with  'n',ya.*[kq].*n.*n
words that start with  'ya' and followed by 'k' or 'q' and end with  'eeni',ya.*[kq].*eeni
"words that start with  'z' and followed by 'b' , 'r' , 'd' and 's' and end with  't' or 'th'",z.*[brd].*s.*(?:t|th)
words that start with  'zah' and followed by 'o' or 'u' and end with  'r',zah.*[ou].*r
words that start with  'z' and end with  'qa' or 'ka',z.*(?:qa|ka)
words that start with  'z' or 'x' and followed by 'r' end with  'k',[zx].*[rk]
words that start with  'zam' and end with  'n',zam.*n
words that start with  'zar' and end with  'n',zar.*n
words that start with  'zarkh' and end with  'zi',zarkh.*zi
words that start with  'z' and followed by 'r' end with  'ri',z.*(?:r|ri)
words that start with  'z' and end with  'ti',z.*ti
words that start with  'zim' and followed by 'd' and end with  'ar',zim.*d.*ar
words that start with  'zim' and followed by 'd' and end with  'ari',zim.*d.*ari
words that start with  'z' and end with  'k' or 'q',z.*[kq]
words that start with  'z' and followed by 'y' or 'i' or 'e' and end with  'da',z.*[yie].*da
words that start with  'int' and end with  'zar',int.*zar
words that start with  'ash' and end with  'b',ash.*b
words that start with  'anho' and end with  'ni',anho.*ni
words that start with  'a' or 'u' and followed by 'ndek' end with  'a',[au].*(?:a|ndek)
words that start with  'as' and followed by 'o' or u' and end with  'l',as.*o.*l
words that start with  'aqw' and end with  'l',aqw.*l
words that start with  'a' and followed by 's'' and end with  'a',a.*s.*a
words that start with  'tar' or ''tr' and followed by 'q' or 'k' and end with  'e' or 'y',(?:tar|).*[qk].*[ey]
words that start with  'm' and followed by 'naf' and end with  'k' or 'q',m.*naf.*[kq]
words that start with  'a' and followed by 'm' and end with  'n',a.*m.*n
words that start with  'p' and followed by 'kh' and 't' and end with  'a' or 'h',p.*kh.*t.*[ah]
words that start with  'ihk' or 'ahk' or 'ehk' and end with  'm',(?:ihk|ahk|ehk).*m
words that start with  'aj' or 'ij' and followed by 'tama' and end with  'i' or 'e',(?:aj|ij).*tama.*[ie]
words that start with  'inf' and followed by 'rad' and end with  'i',inf.*rad.*i
words that start with  'ikht' or 'akht' and followed by 'y' and end with  'r',(?:ikht|akht).*y.*r
words that start with  'iq' or 'aq' and followed by 'd' and end with  'r',(?:iq|aq).*d.*r
words that start with  'a' and followed by 'l' and end with  'g',a.*l.*g
words that start with  'kir' or 'kr' and followed by 'd' end with  'r',(?:kir|kr).*[dr]
words that start with  'bar' or 'ber' or 'br' and followed by 'sht'',(?:bar|ber|br).*sht
words that start with  'zar' and end with  'ia' or 'ya',zar.*(?:ia|ya)
words that start with  'ud' and followed by 's' and end with  'i',ud.*s.*i
words that start with  'adh' and followed by 'o' or 'u' and end with  'ra',adh.*[ou].*ra
words that start with  'and' and end with  'r',and.*r
words that start with  'am' and followed by 'e' or 'i' end with  'r',am.*[eir]
words that start with  'itt' and followed by 'f' and end with  'q',itt.*f.*q
words that start with  'au' or 'ou' and followed by 'z' and end with  'r',(?:au|ou).*z.*r
words that start with  'u' or 'o' and followed by 'nch' and end with  'a',[uo].*nch.*a
words that start with  'ist' and followed by 'm' and end with  'l',ist.*m.*l
words that start with  'int' and followed by 'h' and end with  'a',int.*h.*a
words that start with  'im' or 'em' and followed by 'ndar' and end with  'i',(?:im|em).*ndar.*i
words that start with  'ish' and followed by 'k' or 'q' and end with  'a',ish.*[kq].*a
words that start with  'm' and followed by 'haf' and end with  'z',m.*haf.*z
words that start with  'inq' and followed by 'l' and end with  'ab',inq.*l.*ab
words that start with  'ib' or 'eb' and followed by 'r' and end with  't'',(?:ib|eb).*r.*t
words that start with  'ib' or 'eb'  or 'ab' and followed by 'd' and end with  'at',(?:ib|eb|ab).*d.*at
words that start with  'n' and followed by 'm' and end with  'z',n.*m.*z
words that start with  'w' and followed by 'f' and end with  'a',w.*f.*a
words that start with  'kh' and followed by 'b' and end with  'r',kh.*b.*r
words that start with  'p' and followed by 'y' and end with  'r',p.*y.*r
words that start with  'taf' and followed by 's' and end with  'l',taf.*s.*l
words that start with  'ta' and followed by 'l' and end with  'a' or 'h',ta.*l.*[ah]
words that start with  'aj' and end with  'r',aj.*r
words that start with  'a' and followed by 'kh' and end with  'r',a.*kh.*r
words that start with  'ag' and followed by 'w' or 'v' end with  'a' or 'h',ag.*[wvah]
words that start with  'aq' or 'ak' and end with  'li',(?:aq|ak).*li
words that start with  'a' and followed by 'h' and end with  'ng',a.*h.*ng
words that start with  'a' and end with  'yash',a.*yash
words that start with  'adr' and end with  'k',adr.*k
words that start with  'as' and end with  'l',as.*l
words that start with  'at' or 'it' and end with  'r',(?:at|it).*r
words that start with  'ata' and followed by 'lw' and end with  'e' or 'y' or 'i',ata.*lw.*[eyi]
words that start with  'a' and followed by 'r' and end with  'zi',a.*r.*zi
words that start with  'ab' and end with  'r',ab.*r
words that start with  'a' and followed by 'ngr' and end with  'i',a.*ngr.*i
words that start with  'f' and followed by 'l' and end with  'd',f.*l.*d
words that start with  'feh' and end with  'm',feh.*m
words that start with  'f' and followed by 'r' and end with  'n',f.*r.*n
words that start with  'f' and followed by 's' and end with  'de' or 'di',f.*s.*(?:de|di)
words that start with  'fo' or 'fu' and followed by 'z' end with  'la',(?:fo|fu).*(?:z|la)
words that start with  'fo' or 'fa' or 'fu' and followed by 'l' end with  'd',(?:fo|fa|fu).*[ld]
words that start with  'f' and followed by 't' and end with  'h',f.*t.*h
words that start with  'fo' or 'fa' and followed by 'j' or 'g' and end with  'e' or 'i',(?:fo|fa).*[jg].*[ei]
words that start with  'fo' or 'fa' and end with  'g' or 'j',(?:fo|fa).*[gj]
words that start with  'f' and followed by 's' and end with  'l',f.*s.*l
words that start with sring 'f' and followed by 's' and end with  'k' or 'q',f.*s.*[kq]
words that start with  'fakh' and end with  'r',fakh.*r
words that start with  'f' and followed by 'r' and end with  'sh',f.*r.*sh
words that start with  'f' or 'f' and end with  'rka' or 'rqa,[ff].*rka
words that start with  'far' or 'fur' and followed by 'l' and end with  'ng',(?:far|fur).*l.*ng
words that start with  'far' and end with  'r',far.*r
words that start with  'f' and followed by 'k' and end with  'r',f.*k.*r
words that start with  'fa' and end with  'teh',fa.*teh
words that start with  'f' and end with  'da',f.*da
words that start with  'faz' or 'faaz' or 'fuz' and end with  'la' or 'lah',(?:faz|faaz|fuz).*(?:la|lah)
words that start with  'fa' and followed by 't' end with  'mi' or 'me' or 'my',fa.*(?:t|mi|me|my)
words that start with  'fr' and end with  'd',fr.*d
words that start with  'far' or 'faar' and followed by 'g',(?:far|faar).*g
words that start with  'fa' or 'fi' and end with  'yaz',(?:fa|fi).*yaz
words that start with  'fa' and end with  'l',fa.*l
words that start with  'fahm' or 'fehm' and end with  'da',(?:fahm|fehm).*da
words that start with  'f'' and followed by 'r' and end with  'k' or 'q',f.*r.*[kq]
words that start with  'fr' or 'far' and end with  'zi' or 'ze',(?:fr|far).*(?:zi|ze)
words that start with  'far' and contain substraing 'b' end with  'e' or 'i',far.*[bei]
words that start with  'fal' or 'faal' and contain substraing 't' and end with  'o' or 'u',(?:fal|faal).*t.*[ou]
words that start with  'faz' or 'faaz' and end with  'l',(?:faz|faaz).*l
words that start with  'faris' and end with  'a',faris.*a
words that start with  'a' and followed by 'br' and 'r' and end with  'z' or 'x',a.*br.*r.*[zx]
words that start with  'aap' and followed by 's' or 'bah' and end with  'r',aap.*(?:s|bah).*r
words that start with  'a' and followed by 'f' and end with  't',a.*f.*t
words that start with  'a' and followed by 'fat' and 'anga' and end with  'z',a.*fat.*anga.*z
words that start with  'a' and followed by 'fat' and 'za' and end with  'da' or 'dah',a.*fat.*za.*(?:da|dah)
words that start with  'a' and followed by 'g' or 'bag' and end with sub 'ola',a.*(?:g|bag).*ola
words that start with  'a' and followed by 'g' or 'laga' and end with sub 'na',a.*(?:g|laga).*na
words that start with  'a' and end with  'g' or 'gh',a.*(?:g|gh)
words that start with  'a' and followed by 'ghaz' or 'e' and end with  'jung',a.*(?:e|ghaz).*jung
words that start with  'aah' and followed by 'o' or 'za' and end with  'ri',aah.*(?:o|za).*ri
words that start with  'aah' and followed by 'o' or 'za' and end with  'ri',aah.*(?:o|za).*ri
words that start with  'a' and followed by 'lo' or 'loo' or 'lu' and end with  'da',a.*(?:lo|loo|lu).*da
words that start with  'a' and end with  'm',a.*m
words that start with  'a' and followed by 'nk' or 'nka' and end with  'ra',a.*(?:nk|nka).*ra
words that start with  'aap' and followed by 's' or 'bah' and end with  'r',aap.*(?:s|bah).*r
words that start with  'a' and followed by 'a' or 'r' and end with  'r',a.*[ar].*r
words that start with  'aar' and end with  'a' or 'h',aar.*[ah]
words that start with  'a' and followed by 'r' and end with  'i' or 'ee' or 'y',a.*r.*(?:i|y|ee)
words that start with  'a' and followed by 'sabi' and 'p' and end with  'reshani',a.*sabi.*p.*reshani
words that start with  'a' and followed by 's' and end with  'i' or 'y' or 'ee' or 'ey',a.*s.*(?:i|y|ee|ey)
words that start with  'aat' or 'at' and followed by 'sh' and 'af' and end with  'roz',(?:aat|at).*sh.*af.*roz
words that start with  'aat' or 'at' and followed by 'sh' and 'd' and end with  'n',(?:aat|at).*sh.*d.*n
words that start with  'a' and followed by 'w' and end with  'ara',a.*w.*ara
words that start with  'a' and end with  'z' or 'zh' or 's',a.*(?:z|s|zh)
words that start with  'a' and followed by 'z' and end with  'ar',a.*z.*ar
words that start with  'a' and followed by 'z' and 'rda' and end with  'dil',a.*z.*rda.*dil
words that start with  'a' and followed by 'bhag' and end with  'i' or 'hi' or 'ee' or 'y',a.*bhag.*(?:i|y|hi|ee)
words that start with  'abla' and followed by 'ang' and end with  'z',abla.*ang.*z
words that start with  'a' or 'i' and followed by 'blees' and end with  'ana',[ai].*blees.*ana
words that start with  'a' and followed by 'br' and 'al' and end with  'od',a.*br.*al.*od
words that start with  'a' and followed by 'bta' and 'r' and end with  'i' or 'ee' or 'ey',a.*bta.*r.*(?:i|ee|ey)
words that start with  'a' and followed by 'ch' and 'an' and end with  'k',a.*ch.*an.*k
words that start with  'adam' and followed by 'ehs' and end with  's',adam.*ehs.*s
words that start with  'adam' and followed by 'tas' and 'l' and end with  'sal',adam.*tas.*l.*sal
words that start with  'adam' and followed by 'taw' and 'z' and end with  'n',adam.*taw.*z.*n
words that start with  'a' and followed by 'da' and 'wa' or 'va' and end with  't' or 'h',a.*da.*(?:wa|va).*[th]
words that start with  'a' and followed by 'dh' and end with  'ra',a.*dh.*ra
words that start with  'adh' and followed by 'ra' and end with  'pan',adh.*ra.*pan
words that start with  'a' and followed by 'dn' and end with  'a' or 'ah',a.*dn.*(?:a|ah)
words that start with  'a' and followed by 'e' or 'i' and end with  'za',a.*[ei].*za
words that start with  'a' or 'i' and followed by 'fr' and 'a' and end with  't',[ai].*fr.*a.*t
words that start with  'a' and followed by 'fso' and 'sn' and end with  'ak',a.*fso.*sn.*ak
words that start with  'a' and followed by 'fs' and 'o' or 'u' and end with  's',a.*fs.*[ou].*s
words that start with  'a' and followed by 'fs' and 'r' and end with  'da' or 'dah',a.*fs.*r.*(?:da|dah)
words that start with  'a' or 'i' and followed by 'g' and 'w' and end with  'a',[ai].*g.*w.*a
words that start with  'a' and followed by 'it' and 'r' and end with  'az',a.*it.*r.*az
words that start with  'a' and followed by 'j' and end with  'l',a.*j.*l
words that start with  'a' and followed by 'j' and 'i' or 'e' and end with  'b',a.*j.*[ie].*b
words that start with  'a' and followed by 'kh' and end with  'r',a.*kh.*r
words that start with  'a' and followed by 'l' and 'hd' and end with  'a' or 'ah',a.*l.*hd.*(?:a|ah)
words that start with  'a' and followed by 'l' and 'd' and end with  'a' or 'h',a.*l.*d.*[ah]
words that start with  'a' and followed by 'l' and 'd' and end with  'gi',a.*l.*d.*gi
words that start with  'a' and followed by 'na' and end with  'ri',a.*na.*ri
words that start with  'a' and followed by 'ndh' and end with  'r',a.*ndh.*r
words that start with  'a' and followed by 'ndh' and end with  'ra',a.*ndh.*ra
words that start with  'a' or 'u' and followed by 'nj' and end with  'an',[au].*nj.*an
words that start with  'ant' or 'int' and followed by 'p' and 's' and 'n' and edn with  'do' or 'don',(?:ant|int).*p.*s.*n.*(?:do|don)
words that start with  'a' and followed by 's' and 'e' or 'ai' and end with  'b',a.*s.*(?:e|ai).*b
words that start with  'a' and followed by 't' and end with  'l',a.*t.*l
words that start with  'a' and followed by 'y' and end with  'ar',a.*y.*ar
words that start with  'a' and followed by 'y' and end with  'ri',a.*y.*ri
words that start with  'a' and followed by 'ya' and end with  'sh',a.*ya.*sh
words that start with  'a' and followed by 'za' and end with  'b',a.*za.*b
words that start with  'a' or 'i' and followed by 'z' and 'y' and end with  'at',[ai].*z.*y.*at
words that start with  'b' and followed by 'a' and 'g' and end with  'i',b.*a.*g.*i
words that start with  'b' and followed by 'a' and 't' and end with  'l',b.*a.*t.*l
words that start with  'b' and followed by 'chn' and end with  'a',b.*chn.*a
words that start with  'bad' or 'bd' and followed by 'kh' and 'l' and end with  'qi',(?:bad|bd).*kh.*l.*qi
words that start with  'b' or 'at' and followed by 'd l' or 'dl' and 'ha' and end with  'z',(?:b|at).*(?:d l|dl).*ha.*z
words that start with  'b' and followed by 'd' and 'u' and end with  'a',b.*d.*u.*a
words that start with  'b' and followed by 'adg' and 'm' and end with  'n',b.*adg.*m.*n
words that start with  'b' and followed by 'adg' and 'm' and end with  'ni',b.*adg.*m.*ni
words that start with  'b' and followed by 'dh' or 'rh' or 'rr' and end with  'e' or 'ay' or 'ey',b.*(?:dh|rh|rr).*(?:e|ay|ey)
words that start with  'b' and followed by 'dn' and 's' and end with  'b',b.*dn.*s.*b
words that start with  'b' and followed by 'dr' and 'o' or 'u' and end with  'h',b.*dr.*[ou].*h
words that start with  'b' and followed by 'ds' and 'r' and end with  'at',b.*ds.*r.*at
words that start with  'b' and followed by 'ds' and 'r' and end with  'ti',b.*ds.*r.*ti
words that start with  'b' and followed by 'd' or 't' and 'm' and end with  'zi' or 'xi',b.*[dt].*m.*(?:zi|xi)
words that start with  'b' and followed by 'g' and 'awa' and end with  't',b.*g.*awa.*t
words that start with  'b' and followed by 'g' and 'a' or e and end with  'r',b.*g.*a.*r
words that start with  'b' and followed by 'e' or 'a' and 'k' and end with  'ar',b.*[ea].*k.*ar
words that start with  'b' and followed by 'r' and end with  'ni',b.*r.*ni
words that start with  'b' and followed by 'k' and end with  'na',b.*k.*na
words that start with  'b' and followed by 'kwa' and end with  's',b.*kwa.*s
words that start with  'b' and followed by 'kwa' and end with  'si',b.*kwa.*si
words that start with  'ba' and end with  'l',ba.*l
words that start with  'b' and followed by 'l' and end with  'a' or 'h',b.*l.*[ah]
words that start with  'b' and followed by 'n' and end with  'd' or 'dd',b.*n.*(?:d|dd)
words that start with  'b' and followed by 'n' and end with  'di',b.*n.*di
words that start with  'b' and followed by 'nj' and end with  'r',b.*nj.*r
words that start with  'b' and followed by 'an' and end with  'j' or 'h',b.*an.*[jh]
words that start with  'b' and followed by 'rh' and end with  'm',b.*rh.*m
words that start with  'b' and followed by 'rh' and end with  'mi',b.*rh.*mi
words that start with  'b' and followed by 'a' or 'o' and 'w' or 'u' and end with  'la',b.*[ao].*[wu].*la
words that start with  'b' and followed by 'y' or 'e' and 'r' and end with  'am',b.*[ye].*r.*am
words that start with  'b' and followed by 'y' or 'e' and 'a' and end with  's',b.*[ye].*a.*s
words that start with  'b' and followed by 'y' or 'e' and 'im' or 'am' and end with  'n',b.*[ye].*(?:im|am).*n
words that start with  'b' and followed by 'b' and 'a' or 'u' and end with  's',b.*b.*[au].*s
words that start with  'b' and followed by 'y' or 'e' and 'ch' and end with  'n',b.*[ye].*ch.*n
words that start with  'b' and followed by 'y' or 'e' and 'ch' and end with  'ni',b.*[ye].*ch.*ni
words that start with  'b' and followed by 'y' or 'e' and 'h' and end with  'da',b.*[ye].*h.*da
words that start with  'b' and followed by 'y' or 'e' and 'ho' and end with  'sh',b.*[ye].*ho.*sh
words that start with  'b' and followed by 'y' or 'e' and 'ho' and end with  'shi',b.*[ye].*ho.*shi
words that start with  'b' and followed by 'y' or 'e' and 'ch' and end with  'n',b.*[ye].*ch.*n
words that start with  'b' and followed by 'iz' or 'ez' and end with  'at',b.*(?:iz|ez).*at
words that start with  'b' and followed by 'y' or 'e' and end with  'ja' or 'jah',b.*[ye].*(?:ja|jah)
words that start with  'b' and followed by 'j' and end with  'an',b.*j.*an
words that start with  'b' and followed by 'kh' and 'b' and end with  'r',b.*kh.*b.*r
words that start with  'b' and followed by 'l' or 'g' and end with  'am',b.*[lg].*am
words that start with  'b' and followed by 'l' or 'o' or 'u' and end with  's',b.*[lou].*s
words that start with  'b' and followed by 'mo' or 'mau' and end with  'ka' or 'qa',b.*(?:mo|mau).*(?:ka|qa)
words that start with  'b' and followed by 'p' and end with  'rwa' or 'rwah',b.*p.*(?:rwa|rwah)
words that start with  'b' and followed by 'r' and 'b' and end with  'at',b.*r.*b.*at
words that start with  'b' and followed by 'r' and 'b' and end with  'ati',b.*r.*b.*ati
words that start with  'b' and followed by 'r' and 'hm' and end with  'i',b.*r.*hm.*i
words that start with  'b' and followed by 's' and 'b' and end with  'r',b.*s.*b.*r
words that start with  'b' and followed by 'sh' and 'r' and end with  'm',b.*sh.*r.*m
words that start with  'bay' and followed by 's' and 'o' or 'u' and end with  'l',bay.*s.*[ou].*l
words that start with  'b' and followed by 'yak' or 'yaq' and end with  'n',b.*(?:yak|yaq).*n
words that start with  'bay' and followed by 'z' and 'u' and end with  'k' or 'q',bay.*z.*u.*[kq]
words that start with  'b' and followed by 'g' and end with  'rz',b.*g.*rz
words that start with  'b' and followed by 'ka' and end with  'r',b.*ka.*r
words that start with  'b' and followed by 'ch' and end with  'rgi',b.*ch.*rgi
words that start with  'be' or 'bay' and followed by 'h' and end with  'al',(?:be|bay).*h.*al
words that start with  'be' and followed by 'h' and end with  'd',be.*h.*d
words that start with  'be' and followed by 'h' and 'ya' and end with  'i' or 'e',be.*h.*ya.*[ie]
words that start with  'be' and followed by 'hu' or 'ho' and end with  'dgi' or 'dagi',be.*(?:hu|ho).*(?:dgi|dagi)
words that start with  'be' and followed by 'j' and end with  'a',be.*j.*a
words that start with  'be' or 'bay' and followed by 'k' and end with  'si',(?:be|bay).*k.*si
words that start with  'b' and followed by 'ho' or 'hu' and end with  'da',b.*(?:ho|hu).*da
words that start with  'b' and followed by 'ho' or 'hu' and end with  'dgi',b.*(?:ho|hu).*dgi
words that start with  'ba' or 'be' and followed by 'ho' and end with  'sh',(?:ba|be).*ho.*sh
words that start with  'ba' or 'be' and followed by 'ho' and end with  'shi',(?:ba|be).*ho.*shi
words that start with  'ba' or 'be' and end with  'ja',(?:ba|be).*ja
words that start with  'b' and followed by 'ka' and end with  'ri',b.*ka.*ri
words that start with  'b' and followed by 'ma' and end with  'r',b.*ma.*r
words that start with  'b' and followed by 'ma' and end with  'ri',b.*ma.*ri
words that start with  'ba' or 'be' and end with  'r',(?:ba|be).*r
words that start with  'b' and followed by 'wa' and end with  'fa',b.*wa.*fa
words that start with  'b' and followed by 'w' and 'k' or 'q' and end with  'of',b.*w.*[kq].*of
words that start with  'b' and followed by 'za' and end with  'r',b.*za.*r
words that start with  'b' and followed by 'za' and end with  'ri',b.*za.*ri
words that start with  'b' and followed by 'ya' and end with  'nak',b.*ya.*nak
"words that start with  'b' and end with  'hi', 'he', 'hy', 'e'",b.*(?:e|hi|he|hy)
words that start with  'b' and followed by 'k' and end with  'ari',b.*k.*ari
words that start with  'b' and followed by 'o' or 'u' and 'k' and end with  'a',b.*[ou].*k.*a
words that start with  'bh' and followed by 'o' or 'u' and end with  'l',bh.*[ou].*l
words that start with  'bh' and followed by 'l' and end with  'na',bh.*l.*na
words that start with  'b' and followed by 'h' and end with  't',b.*h.*t
words that start with  'b' and followed by 'k' and h and end with  'ar',b.*k.*.*ar
words that start with  'b' and followed by 'd' and end with  'at',b.*d.*at
words that start with  'b' and followed by 'g' and end with  'ar',b.*g.*ar
words that start with  'b' and followed by 'y' and 'b' and end with  'an',b.*y.*b.*an
words that start with  'b' and end with  'jh' or 'je',b.*(?:jh|je)
words that start with  'b' and followed by 'o' and 'u' and end with  'jh',b.*o.*u.*jh
words that start with  'bos' and end with  'dah' or 'da',bos.*(?:dah|da)
words that start with  'b' and followed by 'y' and 'c' or 'k' and end with  't',b.*y.*[ck].*t
words that start with  'b' and followed by 'p' and end with  'ta',b.*p.*ta
words that start with  'b' and end with  'd',b.*d
words that start with  'b' and followed by 'dka' and end with  'r',b.*dka.*r
words that start with  'b' and followed by 'dm' and end with  'zaj',b.*dm.*zaj
words that start with  'bud' or 'bad' or 'bd' and followed by 's' and 'l' and end with  'ki',(?:bud|bad|bd).*s.*l.*ki
words that start with  'b' and followed by 'dz' and 'ba' and end with  'n',b.*dz.*ba.*n
words that start with  'bud' or 'bad' or 'bd' and end with  'a',(?:bud|bad|bd).*a
words that start with  'bud' or 'bad' or 'bd' and followed by 'kir' and 'd' and end with  'ri',(?:bud|bad|bd).*kir.*d.*ri
words that start with  'bud' or 'bad' or 'bd' and followed by 'za' and end with  't',(?:bud|bad|bd).*za.*t
words that start with  'bud' or 'bd' and followed by 'h' and end with  'u' or 'oo',(?:bud|bd).*h.*(?:u|oo)
words that start with  'bu' and followed by 'g' and end with  'z',bu.*g.*z
words that start with  'b' and end with  'k',b.*k
words that start with  'b' and followed by 'l' and end with  'a',b.*l.*a
words that start with  'b' and followed by 'r' and end with  'a',b.*r.*a
words that start with  'b' and followed by 'ra' or 'ray' and end with  'i' or 'e',b.*(?:ra|ray).*[ie]
words that start with  'b' and followed by 'r' and end with  'e' or 'y',b.*r.*[ey]
words that start with  'b' and followed by 'r' and end with  'i',b.*r.*i
words that start with  'ch' and followed by 'k' and end with  'r',ch.*k.*r
words that start with  'ch' and followed by 'k' and end with  'u' or 'o',ch.*k.*[uo]
words that start with  'ch' and followed by 'l' and end with  'a' or 'h',ch.*l.*[ah]
words that start with  'c' and followed by 'hapl' and end with  'si',c.*hapl.*si
words that start with  'c' and followed by 'h' and 'th' and end with  'ra',c.*h.*th.*ra
words that start with  'c' and followed by 'h' and 'e' or 'a' and end with  'd',c.*h.*[ea].*d
words that start with  'c' and followed by 'ha' and end with  'p',c.*ha.*p
words that start with  'c' and followed by 'h' and end with  'o' or 'u',c.*h.*[ou]
words that start with  'c' and followed by 'ho' or 'hu' and end with  'ra',c.*(?:ho|hu).*ra
words that start with  'c' and followed by 'ho' or 'hu' and end with  't' or 'th',c.*(?:ho|hu).*(?:t|th)
words that start with  'c' and followed by 'ho' and end with  'r',c.*ho.*r
words that start with  'c' and followed by 'hu' and end with  'ra',c.*hu.*ra
words that start with  'c' and followed by 'h' and end with  'k' or 'ke',c.*h.*(?:k|ke)
words that start with  'c' and followed by 'h' and 'k' and end with  'r',c.*h.*k.*r
words that start with  'c' and followed by 'h' and 'o' or 'ou' and end with  't',c.*h.*(?:o|ou).*t
words that start with  'c' and followed by 'h' and 'o' or 'ow' and end with  'k',c.*h.*(?:o|ow).*k
words that start with  'c' and followed by 'h' and 'g' and end with  'li',c.*h.*g.*li
words that start with  'c' and followed by 'hu' and 'r' and end with  'e' or 'i',c.*hu.*r.*[ei]
words that start with  'd' and followed by 'a' and end with  'g' or 'h',d.*a.*[gh]
,
words that start with  'd' and followed by 'an' and end with  't',d.*an.*t
words that start with  'd' and followed by 'b' and end with  'a',d.*b.*a
words that start with  'd' and followed by 'ba' and end with  'na',d.*ba.*na
words that start with  'd' and followed by 'b' and end with  'ao',d.*b.*ao
words that start with  'd' and followed by 'b' and end with  'na',d.*b.*na
words that start with  'd' and followed by 'fa' and end with  'tan',d.*fa.*tan
words that start with  'd' and followed by 'gha' or 'ga' and 'b' and end with  'z',d.*(?:gha|ga).*b.*z
words that start with  'd' and followed by 'gha' or 'ga' and 'b' and end with  'zi',d.*(?:gha|ga).*b.*zi
words that start with  'd' and followed by 'g' or 'gh' and end with  'a',d.*(?:g|gh).*a
words that start with  'd' and followed by 'kh' and end with  'l',d.*kh.*l
words that start with  'd' and followed by 'nda' and end with  'y',d.*nda.*y
words that start with  'd' and followed by 'n' and end with  'ga',d.*n.*ga
words that start with  'd' and followed by 'nt' and end with  'na',d.*nt.*na
words that start with  'd' and followed by 'w' or 'ga' and 'n' and end with  'dol',d.*(?:w|ga).*n.*dol
words that start with  'd' and followed by 'k' or 'q' and 'yan' and end with  'si',d.*[kq].*yan.*si
words that start with  'd' and end with  'r',d.*r
words that start with  'd' and end with  'ra',d.*ra
words that start with  'd' and followed by 'ara' and end with  'z',d.*ara.*z
words that start with  'd' and followed by 'ra' and end with  'na',d.*ra.*na
words that start with  'd' and followed by 'rao' and end with  'na',d.*rao.*na
words that start with  'd' and followed by 'ra' and end with  'wa',d.*ra.*wa
words that start with  'd' and followed by 'r' and end with  'd',d.*r.*d
words that start with  'd' and followed by 'r' or 'd e ' and 's' and end with  'r',d.*(?:r|d e ).*s.*r
words that start with  'd' and followed by 'are' and end with  'g' or 'kh' or 'gh',d.*are.*(?:g|kh|gh)
words that start with  'd' and followed by 'rp' and 'o' and end with  'k' or 'e',d.*rp.*o.*[ke]
words that start with  'd' and end with  'rz',d.*rz
words that start with  'd' and followed by 'e' or 'i' and end with  'wana',d.*[ei].*wana
words that start with  'd' and followed by 'e' or 'i' and end with  'wanagi',d.*[ei].*wanagi
words that start with  'd' and followed by 'hsha' and end with  't' or 'th',d.*hsha.*(?:t|th)
words that start with  'd' and followed by 'r' and 'r' and end with  's',d.*r.*r.*s
words that start with  'd' and followed by 'wali' and end with  'a',d.*wali.*a
words that start with  'd' or 'dh' and followed by 'b' and end with  'a',(?:d|dh).*b.*a
words that start with  'd' or 'dh' and followed by 'k' and end with  'a',(?:d|dh).*k.*a
words that start with  'd' or 'dh' and followed by 'm' and end with  'ki',(?:d|dh).*m.*ki
words that start with  'd' and followed by 'h' and 't' and end with  'i',d.*h.*t.*i
words that start with  'd' or 'dh' and followed by 'e' or 'i' and end with  'la',(?:d|dh).*[ei].*la
words that start with  'd' and followed by 'h' and 'e' or 'i' and end with  'mi',d.*h.*[ei].*mi
words that start with  'd' and followed by 'ok' and end with  'ka',d.*ok.*ka
words that start with  'd' and followed by 'ok' and end with  'ay' or 'e',d.*ok.*(?:e|ay)
words that start with  'd' or 'dh' and end with  'ng',(?:d|dh).*ng
words that start with  'di' and followed by 'l' and 'to' and end with  'r' or 'd',di.*l.*to.*[rd]
words that start with  'd' and end with  'qat',d.*qat
words that start with  'd' and followed by 'o' or 'u' and 'b' and end with  'na',d.*[ou].*b.*na
words that start with  'd' and followed by 'oo' or 'u' and end with  'r',d.*(?:u|oo).*r
words that start with  'd' and followed by 'oo' or 'u' and end with  'ri',d.*(?:u|oo).*ri
words that start with  'd' and followed by 'ro' and end with  'na',d.*ro.*na
words that start with  'd' and followed by 'r' oand 'sh' and end with  'ti',d.*(?:r|sh).*ti
words that start with  'd' and followed by 'sh' and end with  'man',d.*sh.*man
words that start with  'd' and followed by 'ush' and end with  'mano',d.*ush.*mano
words that start with  'f' and followed by 'alt' and end with  'u' or 'o',f.*alt.*[uo]
words that start with  'f' and followed by 'h' and end with  'sh',f.*h.*sh
words that start with  'f' and followed by 'aq' and end with  'r',f.*aq.*r
words that start with  'f' and followed by 'ar' and end with  'b',f.*ar.*b
words that start with  'f' and followed by 'ar' and end with  'q' or 'k',f.*ar.*[qk]
words that start with  'f' and followed by 'r' and 'k' or 'q' and end with  'wala',f.*r.*[kq].*wala
words that start with  'f' and followed by 'r' and end with  'xi' or 'zi',f.*r.*(?:xi|zi)
words that start with  'f' and followed by 'z' or 'x' and end with  'ul' or 'ol',f.*[zx].*(?:ul|ol)
words that start with  'f' and followed by 'z' and 'l' and 'kh' and end with  'rch' or 'rach,f.*z.*l.*kh.*rch
words that start with  'f' and followed by 'h' and end with  'sh',f.*h.*sh
words that start with  'f' and followed by 'ik' and end with  'r',f.*ik.*r
words that start with  'f' and end with  'ri',f.*ri
words that start with  'f' and end with  't' or 'th',f.*(?:t|th)
words that start with  'f' and followed by 'r' and end with  'b',f.*r.*b
words that start with  'f' and followed by 'ra' and end with  'd',f.*ra.*d
words that start with  'f' and followed by 'qd' and end with  'an',f.*qd.*an
words that start with  'f' and followed by 'z' and end with  'ul' or 'ol',f.*z.*(?:ul|ol)
words that start with  'g' and end with  'nj',g.*nj
words that start with  'g' and followed by 'r' and end with  'm',g.*r.*m
words that start with  'g' and followed by 'aza' and end with  'b',g.*aza.*b
words that start with  'g' and followed by 'ab' and end with  'raya',g.*ab.*raya
words that start with  'g' and followed by 'ad' and end with  'ar',g.*ad.*ar
words that start with  'g' and followed by 'ad' and end with  'ari',g.*ad.*ari
words that start with  'g' and followed by 'af' and end with  'lat',g.*af.*lat
words that start with  'gh' and end with  'bi',gh.*bi
words that start with  'gh' and followed by 'a' or 'e' and end with  'r',gh.*[ae].*r
words that start with  'g' and followed by 'a' or 'e' and end with  'rat',g.*[ae].*rat
words that start with  'g' and followed by 'a' or 'e' and 'r' and end with  'na',g.*[ae].*r.*na
words that start with  'g' and followed by 'l' and 'a' and end with  't',g.*l.*a.*t
words that start with  'g' and followed by 'l' and 'a' and end with  'ti',g.*l.*a.*ti
words that start with  'g' and followed by 'h' and end with  'm',g.*h.*m
words that start with  'g' and followed by 'h' and 'm' and end with  'and',g.*h.*m.*and
words that start with  'g' and followed by 'h' and 'm' and end with  'geen',g.*h.*m.*geen
words that start with  'g' and followed by 'h' and 'm' and end with  'geeni',g.*h.*m.*geeni
words that start with  'g' and followed by 'a' and 'r' and end with  'b',g.*a.*r.*b
words that start with  'g' and followed by 'a' and 'r' and end with  'k' or 'q',g.*a.*r.*[kq]
words that start with  'g' and followed by 'h' and 't' and end with  'ya' or 'a',g.*h.*t.*(?:a|ya)
words that start with  'g' and followed by 'h' and end with  't',g.*h.*t
words that start with  'g' and followed by 'z' and 'a' and end with  'b',g.*z.*a.*b
words that start with  'g' and followed by 'h' and end with  'ra',g.*h.*ra
words that start with  'g' and followed by 'h' and end with  'rao',g.*h.*rao
words that start with  'gh' and followed by 'o' or 'u' and 'r' and end with  'na',gh.*[ou].*r.*na
words that start with  'g' and followed by 'u' or 'o' and end with  'baar',g.*[uo].*baar
words that start with  'g' and followed by 'u' or 'o' and end with  'lam',g.*[uo].*lam
words that start with  'g' and followed by 'u' or 'o' and end with  'lami',g.*[uo].*lami
words that start with  'g' and followed by 'mra' and end with  'h',g.*mra.*h
words that start with  'g' and end with  'roor',g.*roor
words that start with  'g' and followed by 'o' or 'u' and end with  'sna',g.*[ou].*sna
words that start with  'g' and followed by 'o' or 'u' and end with  'sa',g.*[ou].*sa
words that start with  'g' and followed by 'o' or 'u' and end with  'nga',g.*[ou].*nga
words that start with  'g' and followed by 'dm' and end with  'd',g.*dm.*d
words that start with  'g' and followed by 'h' and end with  'r',g.*h.*r
words that start with  'g' and followed by 'n' and end with  'ah',g.*n.*ah
words that start with  'g' and followed by 'n' and 'h' and end with  'gar',g.*n.*h.*gar
words that start with  'g' and followed by 'o' or 'u' and end with  'sa',g.*[ou].*sa
words that start with  'g' and followed by 'st' and end with  'kh' or 'k',g.*st.*(?:k|kh)
words that start with  'g' and followed by 'st' and end with  'khi' or 'ki',g.*st.*(?:khi|ki)
words that start with  'h' and followed by 'b' and end with  's',h.*b.*s
words that start with  'h' and followed by 'lch' and end with  'l',h.*lch.*l
words that start with  'h' and end with  'lka',h.*lka
words that start with  'h' and end with  'mla',h.*mla
words that start with  'h' and followed by 'q' and end with  'er',h.*q.*er
words that start with  'h' and followed by 's' and end with  'd',h.*s.*d
words that start with  'h' and followed by 't' and end with  'k',h.*t.*k
words that start with  'h' and followed by 'l' and 'n' and end with  'nak',h.*l.*n.*nak
words that start with  'h' and followed by 'y' and end with  'l',h.*y.*l
words that start with  'h' and followed by 'r' and end with  'an',h.*r.*an
words that start with  'h' and followed by 'w' or 'v' and end with  'an',h.*[wv].*an
words that start with  'h' and followed by 'w' or 'v' and end with  'ani',h.*[wv].*ani
words that start with  'h' and followed by 'ma' and end with  'qat',h.*ma.*qat
words that start with  'h' and followed by 'q' or 'k' and end with  'arat',h.*[qk].*arat
words that start with  'h' and followed by 'ir' and end with  's',h.*ir.*s
words that start with  'h' and followed by 'l' and end with  'nak',h.*l.*nak
words that start with  'h' and followed by 'l' and end with  'naki',h.*l.*naki
words that start with  'h' and followed by 'u' or 'o' and 'k' and end with  'm',h.*[uo].*k.*m
words that start with  'h' and followed by 'nga' and end with  'ma',h.*nga.*ma
"words that start with  'i' or 'a',and followed by 'b' and 'l' and end with  's'",[iab].*l.*s
words that start with  'ikh' and followed by 'l' and end with  'laaf',ikh.*l.*laaf
words that start with  'i' or 'a'. and followed by 'l' and 'z' and end with  'am',[ia].*l.*z.*am
words that start with  'a' and followed by 'n' and 'b' and end with  'n',a.*n.*b.*n
words that start with  'i' 'a' or 'u' and followed by 'n ' and 'p' and end with  'rh',[iau].*n .*p.*rh
words that start with  'in' and followed by 'k' and end with  'ar',in.*k.*ar
words that start with  'in' or 'an' and followed by 'q' or 'k' and 't' and end with  'a',(?:in|an).*[qk].*t.*a
words that start with  'in' and followed by 't' and 'sh' and end with  'ar',in.*t.*sh.*ar
words that start with  'in' and followed by 't' and 'q' and end with  'al',in.*t.*q.*al
words that start with  'ish' and followed by 'r' and end with  'ra' or 'rah',ish.*r.*(?:ra|rah)
words that start with  'j' and followed by 'h' and end with  'l',j.*h.*l
words that start with  'j' and followed by 'a' and end with  'l',j.*a.*l
words that start with  'j' and followed by 'a' and end with  'li',j.*a.*li
words that start with  'ja' and followed by 'b' and end with  'r',ja.*b.*r
words that start with  'ja' and followed by 'ab' and end with  'r',ja.*ab.*r
words that start with  'ja' and followed by 'b' and end with  'rana',ja.*b.*rana
words that start with  'j' and followed by 'ad' and end with  'o' or 'u',j.*ad.*[ou]
words that start with  'ja' and followed by 'han' and end with  'm',ja.*han.*m
words that start with  'ja' and followed by 'han' and end with  'mi',ja.*han.*mi
words that start with  'ja' and followed by 'h' and end with  'l',ja.*h.*l
words that start with  'j' and end with  'la',j.*la
words that start with  'jald' and followed by 'd' and 'b' and end with  'zi',jald.*d.*b.*zi
words that start with  'ja' and followed by 's' and end with  'os' or 'us',ja.*s.*(?:os|us)
words that start with  'j' and followed by 'lsa and end with  'zi',j.*.*zi
words that start with  'j' and end with  'lsa',j.*lsa
words that start with  'j' and followed by 'o' or 'u' and end with  't' or 'th',j.*[ou].*(?:t|th)
words that start with  'j' and followed by 'oo' or 'u' and 't' and 'm' and end with  't' or 'th',j.*(?:u|oo).*t.*m.*(?:t|th)
words that start with  'j' and followed by 'o' or 'u' and 't' and end with  'ta',j.*[ou].*t.*ta
words that start with  'j' and followed by 'o' or 'u' and 't' and end with  'ti',j.*[ou].*t.*ti
words that start with  'j' and followed by 'a' or 'u' and 'n' and end with  'g',j.*[au].*n.*g
words that start with  'j' and followed by 'a' or 'u' and 'ng' and end with  'li' or 'lee',j.*[au].*ng.*(?:li|lee)
words that start with  'j' and followed by 'n' and 'o' or 'u' and end with  'ni',j.*n.*[ou].*ni
words that start with  'ju' and followed by 'r' and end with  'm',ju.*r.*m
words that start with  'k' and followed by 'ch' and end with  'mar',k.*ch.*mar
words that start with  'k' or 'q' and followed by 'a' and end with  'fir',[kq].*a.*fir
words that start with  'ka' or 'q' and followed by 'fir' and end with  'rana',(?:q|ka).*fir.*rana
words that start with  'k' and followed by 'a' and end with  'm',k.*a.*m
words that start with  'k' and followed by 'm' and 'h' and 'm' and end with  'yat',k.*m.*h.*m.*yat
words that start with  'ka' and followed by 'm' and end with  'na',ka.*m.*na
words that start with  'ka' and followed by 'mz' and end with  'r' or 're',ka.*mz.*(?:r|re)
words that start with  'k' or 'q' and followed by 'ar' and 'w' or 'v' and end with  'a',[kq].*ar.*[wv].*a
words that start with  'k' and followed by 'sh' and end with  'fi',k.*sh.*fi
words that start with  'k' or 'c' and followed by 't' and 'p' and 't' and end with  'li',[kc].*t.*p.*t.*li
words that start with  'k' or 'q' and followed by 'e' and end with  'na',[kq].*e.*na
words that start with  'k' and followed by 'ha' and end with  'li' or 'le',k.*ha.*(?:li|le)
words that start with  'kh' and followed by 'le' or 'li' and end with  'pan',kh.*(?:le|li).*pan
words that start with  'k' and followed by 'ha' and end with  'm',k.*ha.*m
words that start with  'k' and followed by 'ha' and end with  'mi',k.*ha.*mi
words that start with  'k' and followed by 'ha' and end with  'ti',k.*ha.*ti
words that start with  'kh' and followed by 'b' and 'r' and 'd' and end with  'ar',kh.*b.*r.*d.*ar
words that start with  'k' and followed by 'h' and 'b' and end with  't',k.*h.*b.*t
words that start with  'k' and followed by 'h' and 'b' and end with  'ti',k.*h.*b.*ti
words that start with  'k' and followed by 'h' and end with  'fa',k.*h.*fa
words that start with  'kh' and followed by 'a' and end with  'f',kh.*a.*f
words that start with  'kh' and followed by 'a' or 'e' and end with  'nch',kh.*[ae].*nch
words that start with  'k' and followed by 'nz' and end with  'r',k.*nz.*r
words that start with  'kh' and followed by 'rab' and 'i' or 'y' and end with  'n',kh.*rab.*[iy].*n
words that start with  'kh' and followed by 't' and 'r' and end with  'nak',kh.*t.*r.*nak
words that start with  'kh' and followed by 'a' or 'o' and end with  'f',kh.*[ao].*f
words that start with  'kh' and followed by 'a' or 'i' and 'l' and end with  'af',kh.*[ai].*l.*af
words that start with  'kh' and end with  'chao',kh.*chao
words that start with  'kh' and followed by 'uf' and 'i' or 'y' and end with  'a',kh.*uf.*[iy].*a
words that start with  'k' and followed by 'n' and end with  'ara',k.*n.*ara
words that start with  'k' and followed by 'of' and end with  't',k.*of.*t
words that start with  'k' and end with  'ra',k.*ra
words that start with  'ku' and followed by 'f' and end with  'r',ku.*f.*r
words that start with  'k' and followed by 'f' and 'r' and end with  'ia',k.*f.*r.*ia
words that start with  'ku' and followed by 't' and 'i' or 'y' and end with  'a',ku.*t.*[iy].*a
words that start with  'la' and followed by 'p' and 'rw' and end with  'hi',la.*p.*rw.*hi
words that start with  'la' and followed by 'p' and 'rw' and end with  'hi',la.*p.*rw.*hi
words that start with  'la' and followed by 'l' and end with  'chi',la.*l.*chi
words that start with  'la' and followed by 'n' and 'a' or 'u' and end with  't',la.*n.*[au].*t
words that start with  'la' and followed by 'n' and end with  'ti',la.*n.*ti
words that start with  'la' and followed by 'l' and 'a' or 'i' and end with  'ch',la.*l.*[ai].*ch
words that start with  'la' and followed by 'd' or 'r' and end with  'ai',la.*[dr].*ai
words that start with  'la' and followed by 'd' or 'r' and end with  'aka',la.*[dr].*aka
words that start with  'l' and followed by 'r' or 'd' and end with  'na',l.*[rd].*na
words that start with  'l' and end with  'nda',l.*nda
words that start with  'l' and followed by 'o' or 'u' and end with  't',l.*[ou].*t
words that start with  'm' and followed by 'ar' and end with  'e' or 'y',m.*ar.*[ey]
words that start with  'ma' and followed by 'bh' and end with  't',ma.*bh.*t
words that start with  'm' and followed by 'hr' and 'o' or 'u' and end with  'm',m.*hr.*[ou].*m
words that start with  'm' and followed by 'aj' and 'o' or 'u' and end with  'r',m.*aj.*[ou].*r
words that start with  'm' and followed by 'aj' and 'o' or 'u' and end with  'ri',m.*aj.*[ou].*ri
words that start with  'ma' and followed by 'khm' and 'o' or 'u' and end with  'r' or 're',ma.*khm.*[ou].*(?:r|re)
words that start with  'm' and followed by 'mn' and end with  'u' or 'o',m.*mn.*[uo]
words that start with  'ma' and followed by 'm' and end with  'li',ma.*m.*li
words that start with  'm' and followed by 'naz' and end with  'ra',m.*naz.*ra
words that start with  'ma' and followed by 'nh' and end with  's',ma.*nh.*s
words that start with  'm' and followed by 'ns' and 'o' or 'u' and end with  'kh',m.*ns.*[ou].*kh
words that start with  'm' and followed by 'ar' and 'i' or 'e' and end with  'z' or 'x',m.*ar.*[ie].*[zx]
words that start with  'm' and end with  'rg',m.*rg
words that start with  'm' and followed by 'rh' and 'o' or 'u' and end with  'm',m.*rh.*[ou].*m
words that start with  'm' and followed by 'r' and end with  'na',m.*r.*na
words that start with  'm' and followed by 'sm' and end with  'arr',m.*sm.*arr
words that start with  'm' and followed by 's' and end with  't',m.*s.*t
words that start with  'm' and followed by 'a' or 'i' and end with  'ti',m.*[ai].*ti
words that start with  'm' and followed by 'f' and end with  'q',m.*f.*q
words that start with  'm' and followed by 'ay' and 'o' or 'u' and end with  'b',m.*ay.*[ou].*b
words that start with  'm' and followed by 'ay' and 'o' or 'u' and end with  's',m.*ay.*[ou].*s
words that start with  'm' and followed by 'y' and 'o' or 'u' and end with  'si',m.*y.*[ou].*si
words that start with  'm' and followed by 'zah' and 'm' and end with  't',m.*zah.*m.*t
words that start with  'm' and followed by 'az' and 'o' or 'u' and end with  'r',m.*az.*[ou].*r
words that start with  'm' and followed by 'h' and 'n' and end with  'ga',m.*h.*n.*ga
words that start with  'm' and followed by 'hr' and 'o' or 'u' and end with  'mi',m.*hr.*[ou].*mi
words that start with  'm' and followed by 'a' or 'e' and end with  'la',m.*[ae].*la
words that start with  'mo' and followed by 'h' and 'e' or 'i' and end with  'b',mo.*h.*[ei].*b
words that start with  'm' and followed by 'u' or 'o' and 'ph' and end with  't',m.*[uo].*ph.*t
words that start with  'm' and followed by 'u' or 'o' and end with  't',m.*[uo].*t
words that start with  'm' and followed by 'o' or 'u' and end with  'sar',m.*[ou].*sar
words that start with  'm' and followed by 'd' and 'kh' and end with  'lat',m.*d.*kh.*lat
words that start with  'm' and followed by 'g' and 'lt' and end with  'a',m.*g.*lt.*a
words that start with  'm' and followed by 'h' and 'm' and end with  'l',m.*h.*m.*l
words that start with  'm' and followed by 'kh' and 'l' and end with  'f',m.*kh.*l.*f
words that start with  'm' and followed by 'l' and 't' and end with  'wi',m.*l.*t.*wi
words that start with  'm' and followed by 'na' and end with  'fiq',m.*na.*fiq
words that start with  'm' and followed by 'n' and 'f' and end with  'qat',m.*n.*f.*qat
words that start with  'm' and followed by 'nha' and end with  'raf',m.*nha.*raf
words that start with  'm' and followed by 'n' and 'q' or 'k' and end with  'ta',m.*n.*[qk].*ta
words that start with  'm' and followed by 'n' and 't' and 'sh' and end with  'r',m.*n.*t.*sh.*r
words that start with  'm' and followed by 'r' and 'd' and end with  'a' or 'ah',m.*r.*d.*(?:a|ah)
words that start with  'm' and followed by 'r' and 'd' and end with  'dil',m.*r.*d.*dil
words that start with  'm' and followed by 'r' and 'd' and end with  'dili' or 'dilli',m.*r.*d.*(?:dili|dilli)
words that start with  'm' and followed by 'r' and 'd' and end with  'dili' or 'dilli',m.*r.*d.*(?:dili|dilli)
words that start with  'm' and followed by 'r' and 'j' and end with  'na',m.*r.*j.*na
words that start with  'm' and followed by 'r' and 'j' and end with  'ya',m.*r.*j.*ya
words that start with  'm' and followed by 'si' or 'se' and end with  'bat',m.*(?:si|se).*bat
words that start with  'm' and followed by 'shk' and end with  'l',m.*shk.*l
words that start with  'm' and followed by 'shk' and 'l' and end with  'at',m.*shk.*l.*at
words that start with  'mu' and followed by 'sh' and 'r' and end with  'k' or 'q',mu.*sh.*r.*[kq]
words that start with  'm' and followed by 't' and 'z' and end with  'ad',m.*t.*z.*ad
words that start with  'm' and followed by 'tn' and 'ff' and end with  'r',m.*tn.*ff.*r
words that start with  'm' and followed by 'z' and 'h' and end with  'm',m.*z.*h.*m
words that start with  'm' and followed by 'z' and 'h' and end with  'mat',m.*z.*h.*mat
words that start with  'mo' or 'mu' and followed by 'z' and end with  'r',(?:mo|mu).*z.*r
words that start with  'm' and followed by 'zta' and 'r' and end with  'b',m.*zta.*r.*b
words that start with  'm' and followed by 'z' and 'm' and end with  't',m.*z.*m.*t
words that start with  'na' and followed by 'e' or 'a' and end with  'l',na.*[ea].*l
words that start with  'na' and followed by 'ch' and end with  'ki',na.*ch.*ki
words that start with  'na' and followed by 'f' and 'r' and end with  'mani',na.*f.*r.*mani
words that start with  'na' and followed by 'g' and 'z' and end with  'r',na.*g.*z.*r
words that start with  'na' and followed by 'n' and 's' and end with  'fi',na.*n.*s.*fi
words that start with  'na' and followed by 'man' and 'z' and end with  'r',na.*man.*z.*r
words that start with  'na' and followed by 'm' and 'jo' and end with  'd',na.*m.*jo.*d
words that start with  'na' and followed by 'm' and 'n' and end with  'sib',na.*m.*n.*sib
words that start with  'na' and followed by 'p' and 'e' or 'i' and end with  'dar',na.*p.*[ei].*dar
words that start with  'na' and followed by 'p' and 's' and end with  'nd',na.*p.*s.*nd
words that start with  'na' and followed by 'q' or 'k' and end with  'bil',na.*[qk].*bil
words that start with  'nag' and followed by 'h' and end with  'ni',nag.*h.*ni
words that start with  'na' and followed by 'm' and 'z' and end with  'd',na.*m.*z.*d
words that start with  'na' and followed by 'z' and end with  'k',na.*z.*k
words that start with  'na' and followed by 'd' and 'r' and end with  'sat' or 'st',na.*d.*r.*(?:sat|st)
words that start with  'n' and followed by 'f' and end with  'rat',n.*f.*rat
words that start with  'nag' and followed by 'w' and end with  'r',nag.*w.*r
words that start with  'nag' and followed by 'h' and end with  'ni',nag.*h.*ni
words that start with  'n' and followed by 'go' and end with  'ra' or 'da',n.*go.*(?:ra|da)
words that start with  'na' and followed by 'g' and 'w' and end with  'r',na.*g.*w.*r
words that start with  'na' and followed by 'g' and 'w' and end with  'ri',na.*g.*w.*ri
words that start with  'na' and followed by 'h' and 's' and end with  'a',na.*h.*s.*a
words that start with  'na' and followed by 'h' and 's' and end with  't',na.*h.*s.*t
words that start with  'na' and followed by 'j' and end with  'z',na.*j.*z
words that start with  'nakh' and followed by 'r' and 'b' and end with  'z',nakh.*r.*b.*z
words that start with  'nam' and followed by 'r' and end with  'di',nam.*r.*di
words that start with  'n' and followed by 'r' and end with  'z' or 'x',n.*r.*[zx]
words that start with  'n' and followed by 'w' and 'k' or 'q' and end with  'f',n.*w.*[kq].*f
words that start with  'n' and followed by 'd' and end with  'al',n.*d.*al
words that start with  'n' and followed by 'o' and 'u' and end with  'an',n.*o.*u.*an
words that start with  'n' and followed by 'k' and 'ch' and end with  'ra' or 'rha',n.*k.*ch.*(?:ra|rha)
words that start with  'n' and followed by 'q' and end with  's',n.*q.*s
words that start with  'n' and followed by 'q' and 's' and end with  'an',n.*q.*s.*an
words that start with  'p' and followed by 'g' and end with  'l',p.*g.*l
words that start with  'p' and followed by 'b' and 'n' and 'd' and end with  'i',p.*b.*n.*d.*i
words that start with  'p' and followed by 'aga' and end with  'l',p.*aga.*l
words that start with  'p' and followed by 'g' and 'l' and end with  'pan',p.*g.*l.*pan
words that start with  'p' and followed by 'g' and end with  'la',p.*g.*la
words that start with  'p' and followed by 'a' or 'e' and end with  'ch',p.*[ae].*ch
words that start with  'p' and followed by 'ch' and 'd' and end with  'a',p.*ch.*d.*a
words that start with  'p' and followed by 'ch' and 'd' and end with  'gi',p.*ch.*d.*gi
words that start with  'p' and followed by 'sh' and 'go' and end with  'i' or 'e',p.*sh.*go.*[ie]
words that start with  'p' and followed by 'r' and 'fr' or 'far' and end with  'b',p.*r.*(?:fr|far).*b
words that start with  'p' and followed by 'r' and 'sh' and end with  'n',p.*r.*sh.*n
words that start with  'p' and followed by 'r' and 'sh' and end with  'ni',p.*r.*sh.*ni
words that start with  'p' and followed by 'r' and 'sh' and end with  'n kun',p.*r.*sh.*n kun
words that start with  'p' and followed by 'rl' and end with  'a' or 'y',p.*rl.*[ay]
words that start with  'p' and followed by 'ta' and end with  'ai' or 'yi',p.*ta.*(?:ai|yi)
words that start with  'p' and followed by 'ch' and end with  'e' or 'y',p.*ch.*[ey]
words that start with  'p' and followed by 's' and end with  'na',p.*s.*na
words that start with  'p' and followed by 'rw' and end with  'a' or 'h',p.*rw.*[ah]
words that start with  'p' or 'f' and followed by 'as' and end with  'di',[pf].*as.*di
words that start with  'ph' and followed by 't' and end with  'na',ph.*t.*na
words that start with  'pho' and followed by 't' and end with  'na',pho.*t.*na
words that start with  'p' and followed by 'sh' and end with  'ab' or 'ap',p.*sh.*(?:ab|ap)
words that start with  'p' and followed by 'sh' and 'd' and end with  'a',p.*sh.*d.*a
words that start with  'p' and followed by 'r' and 'jo' and end with  'sh',p.*r.*jo.*sh
words that start with  'p' and followed by 'ra' and end with  'na',p.*ra.*na
words that start with  'qa' or 'ka' and followed by 'si' and end with  'r',(?:qa|ka).*si.*r
words that start with  'qa' and followed by 'ti' and end with  'l',qa.*ti.*l
words that start with  'q' and followed by 'be' or 'bi' and end with  'h',q.*(?:be|bi).*h
words that start with  'q' or 'k' and followed by 'a' and end with  'd',[qk].*a.*d
words that start with  'q' and followed by 's' and end with  'ai' or 'ayi',q.*s.*(?:ai|ayi)
words that start with  'q' and 'k' and followed by 's' and end with  'r',q.*k.*s.*r
words that start with  'qas' or 'kas' and followed by 'r' and 'wa' and end with  'r',(?:qas|kas).*r.*wa.*r
words that start with  'q' or 'k' and followed by 't' and end with  'l',[qk].*t.*l
words that start with  'q' or 'k' and followed by 'z' and end with  'a',[qk].*z.*a
words that start with  'q' and followed by 'h' and end with  'r',q.*h.*r
words that start with  'q' and followed by 'h' and 'r al' and end with  'ud' or 'od',q.*h.*r al.*(?:ud|od)
words that start with  'q' and followed by 'l' and end with  't',q.*l.*t
words that start with  'q' and followed by 'am' and end with  'at',q.*am.*at
words that start with  'raf' and followed by 'ch' and end with  'kar',raf.*ch.*kar
words that start with  'r' and followed by 'n' and end with  'di',r.*n.*di
words that start with  'r' and followed by 'n' and end with  'j',r.*n.*j
words that start with  'r' and followed by 'o' or 'u' and end with  'la',r.*[ou].*la
words that start with  'ri' or 're' and followed by 'ak' or 'a k' and end with  'ri',(?:ri|re).*(?:ak|a k).*ri
words that start with  'r' and followed by 'hl' and end with  'at',r.*hl.*at
words that start with  'ri' and followed by 'ak' or 'a k' and end with  'ar',ri.*(?:ak|a k).*ar
words that start with  'r' and followed by 'khn' and end with  'y',r.*khn.*y
words that start with  'r' and followed by 's' and end with  'wa' or 'va',r.*s.*(?:wa|va)
words that start with  'sa' and followed by 'da' and 'lo',sa.*da.*lo
words that start with  's' and may followed by 'n' or 'm' and end with  'p',s.*[nm].*p
words that start with  'sa' and followed by 'z' and end with  'sh',sa.*z.*sh
words that start with  'sa' and followed by 'kh' and end with  't',sa.*kh.*t
words that start with  'sakh' and end with  'ti',sakh.*ti
words that start with  's' and followed by 'n' and end with  'g',s.*n.*g
words that start with  's' and followed by 'ng' and 'd' and end with  'l',s.*ng.*d.*l
words that start with  's' and followed by 'r' and 'kash' and end with  'i',s.*r.*kash.*i
words that start with  's' and followed by 'r' and 's' and end with  'am',s.*r.*s.*am
words that start with  'sa' and followed by 'z' and end with  'sh',sa.*z.*sh
words that start with  'sa' and followed by 'z' and end with  'shi',sa.*z.*shi
words that start with  'sh' end with  'k' or 'q',(?:k|q|sh)
words that start with  'sh' and end with  'ki' or 'qi',sh.*(?:ki|qi)
words that start with  'sh' and end with  'k' or 'q',sh.*[kq]
words that start with  'sh' and followed by 'd' and end with  'd',sh.*d.*d
words that start with  'sh' and end with  'k' or 'q',sh.*[kq]
words that start with  'sh' and end with  'k' or 'q',sh.*[kq]
words that start with  'sh' and followed by 'r' and end with  'm',sh.*r.*m
words that start with  'sh' and followed by 'rm' and 'n' and end with  'da',sh.*rm.*n.*da
words that start with  'sh' and followed by 't' and end with  'ani',sh.*t.*ani
words that start with  'sh' and followed by 'khi' and 'b' and end with  'az',sh.*khi.*b.*az
words that start with  'sh' and followed by 't' and end with  'an',sh.*t.*an
words that start with  'sh' and followed by 'ka' and end with  'yat',sh.*ka.*yat
words that start with  'sh' and followed by 'k' or 'q' and end with  'wa' or 'va',sh.*[kq].*(?:wa|va)
words that start with  'sh' and followed by 'k' or 'q' and 'wa' or 'va' and end with  'sanj' or 'sanjh',sh.*[kq].*(?:wa|va).*(?:sanj|sanjh)
words that start with  'sh' and followed by 'o' or 'u' and end with  kh',sh.*[ou].*
words that start with  'sh' and followed by 'o' or 'u' and end with  khi',sh.*[ou].*
words that start with  'sh' and followed by 'l' and end with  'y',sh.*l.*y
words that start with  'sh' and followed by 'o' and end with  r',sh.*o.*
words that start with  'sho' and followed by 'r' and end with  'sh',sho.*r.*sh
words that start with  's' and followed by 'fak' and end with  'kana',s.*fak.*kana
words that start with  's' and followed by 'ya' and end with  'h',s.*ya.*h
words that start with  's' and followed by 'ya' and end with  'hi',s.*ya.*hi
words that start with  'so' or 'sau' and followed by 'd' and end with  'a',(?:so|sau).*d.*a
words that start with  'so' or 'sau' and followed by 'd' and end with  'i',(?:so|sau).*d.*i
words that start with  's' and followed by 'kh' and end with  'na',s.*kh.*na
words that start with  's' and followed by 'u' or 'o' and end with  'ka' or 'kha',s.*[uo].*(?:ka|kha)
words that start with  's' and followed by 'u' or 'o' and end with  'r',s.*[uo].*r
words that start with  's' and followed by 'ra' and end with  'kh',s.*ra.*kh
words that start with  's' and followed by 'k' or 'q' and end with  'ut' or 'ot',s.*[kq].*(?:ut|ot)
words that start with  's' and followed by 'n' or 's' and end with  'n',s.*[ns].*n
words that start with  's' and followed by 's' and end with  't',s.*s.*t
words that start with  's' and followed by 's' and end with  'ti',s.*s.*ti
words that start with  'ta' and followed by 'l' and 'ma' and 't' and end with  'ole' or 'ol',ta.*l.*ma.*t.*(?:ole|ol)
words that start with  'ta' and followed by 'n' and end with  'e' or 'y',ta.*n.*[ey]
words that start with  't' and followed by 'r' and another 't' and end with  'r',t.*r.*t.*r
words that start with  't' and followed by 'b' and end with  'a' or 'ah',t.*b.*(?:a|ah)
words that start with  't' and followed by 'ba' and 'k' and end with  'n',t.*ba.*k.*n
words that start with  't' and followed by 'ba' and 'h' and end with  'i' or 'e',t.*ba.*h.*[ie]
words that start with  't' and followed by 'b' or 's' and end with  'ra' or 'rah',t.*[bs].*(?:ra|rah)
words that start with  't' and followed by 'fr' and end with  'k' or 'q',t.*fr.*[kq]
words that start with  't' and followed by 'hl' and end with  'l',t.*hl.*l
words that start with  'ta' or 'te' and end with  'sh',(?:ta|te).*sh
words that start with  't' and end with  'z' or 'x',t.*[zx]
words that start with  't' and followed by 'z' or 'x' and end with  'i',t.*[zx].*i
words that start with  't' and followed by 'jaw' and end with  'z',t.*jaw.*z
words that start with  't' and followed by 'kab' and end with  'r',t.*kab.*r
words that start with  't' and followed by 'ka' and end with  'n',t.*ka.*n
words that start with  'ta' and followed by 'k' and end with  'd',ta.*k.*d
words that start with  'ta' and followed by 'kh' and end with  'r',ta.*kh.*r
words that start with  't' and followed by 'khf' and end with  'f',t.*khf.*f
words that start with  't' and followed by 'kk' and end with  'r',t.*kk.*r
words that start with  't' and followed by 'kl' and end with  'f',t.*kl.*f
words that start with  't' and followed by 'kl' and 'f' and end with  'da' or 'dah',t.*kl.*f.*(?:da|dah)
words that start with  't' and followed by 'kl' and 'f' and end with  'dehi' or 'dahi',t.*kl.*f.*(?:dehi|dahi)
words that start with  't' and followed by 'kl' and 'f' and end with  'deh' or 'dah',t.*kl.*f.*(?:deh|dah)
words that start with  't' and followed by 'kl' and 'f' and end with  'dena' or 'dana',t.*kl.*f.*(?:dena|dana)
words that start with  't' and followed by 'kr' and end with  'na',t.*kr.*na
words that start with  't' and followed by 'l' and end with  'kh',t.*l.*kh
words that start with  't' and followed by 'l' and end with  'khi',t.*l.*khi
words that start with  't' and followed by 'lm' and end with  'lana',t.*lm.*lana
words that start with  't' and followed by 'm' and 'skh' and end with  'r',t.*m.*skh.*r
words that start with  'tam' and followed by 'k' and end with  'nat',tam.*k.*nat
words that start with  't' and followed by 'n' and 'z' and end with  'a',t.*n.*z.*a
words that start with  't' and followed by 'nb' and end with  'i' or 'e' or 'h',t.*nb.*[ieh]
words that start with  't' and followed by 'n' and end with  'g',t.*n.*g
words that start with  't' and followed by 'ng' and end with  'i',t.*ng.*i
words that start with  'tan' or 'ten' and followed by 'ha' and end with  'i' or 'e',(?:tan|ten).*ha.*[ie]
words that start with  't' and followed by 'nq' or 'nk' and end with  'd',t.*(?:nq|nk).*d
words that start with  't' and followed by 'n' and end with  'z',t.*n.*z
words that start with  't' and followed by 'nz' and end with  'ia' or 'ya',t.*nz.*(?:ia|ya)
words that start with  't' and followed by 'p' and 'ka' and end with  'na',t.*p.*ka.*na
words that start with  't' and followed by 'p' and 'k' and end with  'na',t.*p.*k.*na
words that start with  't' and followed by 'ks' and 'qs' and end with  'm',t.*ks.*qs.*m
words that start with  't' and followed by 'r' or 'd' and 'p' and end with  na',t.*[rd].*p.*
words that start with  'ta' and followed by 'r' and end with  'ek' or 'ik',ta.*r.*(?:ek|ik)
words that start with  't' and followed by 'r' and end with  'z',t.*r.*z
words that start with  't' and followed by 're' or 'ri' and end with  'q' or 'k',t.*(?:re|ri).*[qk]
words that start with  't' and followed by 'r' and end with  'q' or 'k',t.*r.*[qk]
words that start with  'tasa' and followed by 'd' and end with  'm',tasa.*d.*m
words that start with  't' and followed by 'sh' and 'd' and end with  'd',t.*sh.*d.*d
words that start with  't' and followed by 'sh' and another 'h' and end with  'r',t.*sh.*h.*r
words that start with  't' and followed by 'sh' and 'w' or 'v' and end with  'sh',t.*sh.*[wv].*sh
words that start with  't' and followed by 'he' or 'hi' and end with  'n',t.*(?:he|hi).*n
words that start with  'ta' and followed by 'va' or 'wa' and end with  'n',ta.*(?:va|wa).*n
words that start with  't' and end with  'sh',t.*sh
words that start with  't' and followed by 'za' and end with  'd',t.*za.*d
words that start with  't' and followed by 'z' and 'h' and end with  'k',t.*z.*h.*k
words that start with  't' and followed by 'h' and 'q' and end with  'r',t.*h.*q.*r
words that start with  't' and followed by 'h' ad 'r' and end with  'k',t.*[hr].*k
words that start with  'te' and followed by 'o' or 'w' or 'v' and end with  'ri',te.*[owv].*ri
words that start with  'te' and followed by 'r' or 'd' and end with  'a',te.*[rd].*a
words that start with  't' and followed by 'za' and end with  'b',t.*za.*b
words that start with  'th' and followed by 'k' and end with  'n',th.*k.*n
words that start with  'th' and followed by 'r' and 'k' and end with  'i' or 'y',th.*r.*k.*[iy]
words that start with  'th' and followed by 'k' and end with  'r',th.*k.*r
words that start with  'th' and followed by 'k' and end with  'na',th.*k.*na
words that start with  'th' and followed by 'ns' and end with  'na',th.*ns.*na
words that start with  'th' and followed by 'd' and 'r' and end with  'a',th.*d.*r.*a
words that start with  'th' and followed by 't' or 'th' and end with  'a',th.*(?:t|th).*a
words that start with  't' and followed by 'h' or 'm' and end with  't',t.*[hm].*t
words that start with  't' and followed by 'f' and end with  'an',t.*f.*an
words that start with  't' and followed by 'o' or 'u' and end with  't',t.*[ou].*t
words that start with  't' and followed by 'ta' and 'h' and end with  'wa',t.*ta.*h.*wa
words that start with  't' and followed by 'ta' and 'ph' and end with  'ta' or 'tha',t.*ta.*ph.*(?:ta|tha)
words that start with  't' and followed by 't' or 'n' and end with  'a',t.*[tn].*a
words that start with  't' and followed by 'r' or 'd' and end with  'a',t.*[rd].*a
words that start with  't' and followed by 'r' or 'd' and end with  'na',t.*[rd].*na
words that start with  'to' or 'tau' and followed by 's' or 'q' and end with  'shuda',(?:to|tau).*[sq].*shuda
words that start with  't' and followed by 'k' and end with  'da' or 'ra',t.*k.*(?:da|ra)
words that start with  't' and followed by 'n' and 'z' and end with  'l',t.*n.*z.*l
words that start with  't' and followed by 'r' and end with  'sh',t.*r.*sh
words that start with  'u' or 'o' and followed by 'd' and end with  's',[uo].*d.*s
words that start with  'u' or 'o' and followed by 'd' and end with  'si',[uo].*d.*si
words that start with  'u' or 'o' and followed by 'd' and end with  'r',[uo].*d.*r
words that start with  'u' or 'o' and followed by 'd' and end with  'm',[uo].*d.*m
words that start with  'u' or 'o' and followed by 'j' and end with  'r',[uo].*j.*r
words that start with  'u' or 'o' and followed by 'j' and end with  'ra',[uo].*j.*ra
words that start with  'u' or 'o' and followed by 'ks' and end with  'na',[uo].*ks.*na
words that start with  'u' or 'o' and followed by 'ks' and end with  'ya',[uo].*ks.*ya
words that start with  'u' or 'o' and followed by 'kt' and end with  'ya',[uo].*kt.*ya
words that start with  'u' and followed by 'lat' and 'p' and end with  'at',u.*lat.*p.*at
words that start with  'u' or 'o' and followed by 'lj' and end with  'n',[uo].*lj.*n
words that start with  'u' or 'o' and followed by 'lj' and end with  'a',[uo].*lj.*a
words that start with  'u' or 'o' and followed by 'lj' and end with  'na',[uo].*lj.*na
words that start with  'u' or 'o' and followed by 'lj' and end with  'o' or 'w',[uo].*lj.*[ow]
words that start with  'u' or 'o' and followed by 'l' and end with  'u' or 'o',[uo].*l.*[uo]
words that start with  'u' or 'o' and followed by 'lt' and end with  'a' or 'h',[uo].*lt.*[ah]
words that start with  'u' and followed by 'd' or 'r' and end with  'ta',u.*[dr].*ta
words that start with  'u' or 'o' and followed by 'ta' and end with  'r',[uo].*ta.*r
words that start with  'u' or 'o' and followed by 'ta' and 'r' and end with  'na',[uo].*ta.*r.*na
words that start with  'w' and followed by 'h' and 'm' and end with  'y' or 'i',w.*h.*m.*[yi]
words that start with  'wa' and followed by 'rd' and end with  't',wa.*rd.*t
words that start with  'w' and followed by 'ba' and 'm' and end with  'l',w.*ba.*m.*l
words that start with  'w' and followed by 'f' and 'a' and end with  't',w.*f.*a.*t
words that start with  'w' or 'v' and followed by 'rg' and 'la' and end with  'na',[wv].*rg.*la.*na
words that start with  'w' and followed by 'sw' and 's' and end with  'y' or 'i',w.*sw.*s.*[yi]
words that start with  'w' or 'v' and followed by 'ra' and end with  'ni',[wv].*ra.*ni
words that start with  'w' or 'v' and followed by 'h' and end with  'm',[wv].*h.*m
words that start with  'w' or 'v' and followed by 'h' and end with  'mi',[wv].*h.*mi
words that start with  'w' and followed by 'sh' and end with  'i',w.*sh.*i
words that start with  'w' or 'v' and followed by 'ra' and end with  'n',[wv].*ra.*n
words that start with  'w' or 'v' and followed by 'ra' and end with  'ni',[wv].*ra.*ni
words that start with  'yar' and followed by 'g' and 'm' and end with  'l',yar.*g.*m.*l
words that start with  'z' and followed by 'b' and 'rd' and end with  'sti',z.*b.*rd.*sti
words that start with  'z' and followed by 'b' and end with  'o' or 'u' or 'n',z.*b.*[oun]
words that start with  'z' and followed by 'h' and 'm' and end with  't',z.*h.*m.*t
words that start with  'z' and followed by 'r' and 'aa' and end with  'b',z.*r.*aa.*b
words that start with  'z' and followed by 'kh' and end with  'm',z.*kh.*m
words that start with  'za' and followed by 'l' and 'm' and end with  'l',za.*l.*m.*l
words that start with  'z' and followed by 'l' and end with  'm',z.*l.*m
words that start with  'z' and followed by 'h' and 'm' and end with  't',z.*h.*m.*t
words that start with  'z' and followed by 'r' and 'm' and end with  'r',z.*r.*m.*r
words that start with  'z' and followed by 'r' and another 'r' and 's' and end with  'ai',z.*r.*r.*s.*ai
words that start with  'z' and contain two sub  s 'r' and one sub 'ras' and end with  'an',z.*r.*ras.*an
words that start with  'z' and followed by 'lza' and end with  'la',z.*lza.*la
words that start with  'z' and followed by 'w' and end with  'l',z.*w.*l
words that start with  'z' and followed by 'y' or 'd' and end with  'ti',z.*[yd].*ti
words that start with  'z' and followed by 'h' and 'm' and end with  't',z.*h.*m.*t
words that start with  'z' and followed by 'i' and end with  'd',z.*i.*d
words that start with  'z' and followed by 'i' and end with  'di',z.*i.*di
words that start with  'z' and followed by 'l' and end with  't',z.*l.*t
words that start with  'zil' and followed by 't' and 'am' and and end with  'z',zil.*t.*am.*z
words that start with  'z' and followed by 'a' and end with  'a',z.*a.*a
words that start with  'z' and followed by 'n' and 'k' and end with  'r',z.*n.*k.*r
words that start with  'z' and followed by 'n' and 'k' and end with  'ri',z.*n.*k.*ri
words that start with  'zo' or 'zu' and followed by 'ma' and end with  'ni',(?:zo|zu).*ma.*ni
words that start with  'zor' and followed by 'r' and 'w' or 'v' and end with  'ar',zor.*r.*[wv].*ar
words that start with  'z' and followed by 'rd' and end with  'r',z.*rd.*r
words that start with  'z' and followed by 'l' and end with  'm',z.*l.*m
words that start with 'r'  and  followed by 'kh' ,r.*kh
words that start with 'sh'  and  followed by 'ru' or 'ro' ,sh.*(?:ru|ro)
words that start with 'a' and followed by 'g' and  end with' r' ,a.*g.* r
words that start with 'k' and followed by one 'r'  and  end with 'n' ,k.*r.*n
words that start with 'k'  and followed by one 'r' in between,k.*r
words that start with 'li' or 'ly' and  end with 'e' or 'a',(?:li|ly).*[ea]
words that start with 'le' or 'li' and  end with 'y' or 'h',(?:le|li).*[yh]
words that start with 'd' optionally followed by another character  and  end with 'n' ,d.*n
words that start with 't' and followed by 'r'  and  end with 'h' or 'a' ,t.*r.*[ha]
words that start with 'tar'  and  end with 'n'  followed by 'ha',tar.*(?:n|ha)
words that start with 'k'  and followed by 'rt' in between ,k.*rt
words that start with 'chah' and  end with 'y' 'a' 'e' or 'n',chah.*[yaen]
words that start with 'ch'  and followed by another 'h' or 'y' and  end with 'e' or 'y',ch.*[hy].*[ey]
"words that start with 'd',  followed by 'u'  and  'o' in between,  followed by 'sr'",[du].*(?:o|sr)
"words that start with 'ba','bh'  and  end with 'a','e','I'",(?:ba|bh).*[aeI]
"words that start with 'ba','bh'  and  end with 'I' or 'a'  followed by 'y' or 'yy'",(?:ba|bh).*(?:I|a|y|yy)
"words that start with 'm'  and  end with 't',  followed by one 'a' in between",m.*[ta]
"words that start with 'p'  and  end with 'x','z','g',  contain one or more 'l'",p.*[xzgl]
"words that start with 'b',  followed by one 'h'  and  end with 't'",[bh].*t
words that start with  'b'  and  end with 't',b.*t
words that start with 'bh'  and  end with 't',bh.*t
words that start with 'b' and followed by one or two 'h' ,b.*h
words that start with 'ba'  and  end with 't',ba.*t
words that start with 'b' and followed by one 'h' in between  and  end with 't',b.*h.*t
words that start with 'boha' and  and  end with 't',boha.*.*t
words that start with 'bo'  and  end with 't',bo.*t
words that start with 'farm' or 'frm' and  end with  'y',(?:farm|frm).*y
"words that start with 'farm' or 'frm' and  end with 'a','e' ,'I'",(?:farm|frm).*[aeI]
"words that start with 'fram', 'ferm' or 'farm' and  end with 'n'",(?:fram|ferm|farm).*n
words that start with 'f' or 'p'  and followed by 'may' in between,[fp].*may
words that start with 'in'  and followed by one 's'  and  one 'b',in.*s.*b
"words that start with 'sh'  and  end with 'm',  followed by one 'r'",sh.*[mr]
"words that start with 'h'  and  end with 'y' or 'I',  followed by 'm' in between",h.*[yIm]
"words that start with 'k',  followed by one 'r'  and  end with 'u' or 'o'",[kr].*[uo]
words that start with 'kh'  followed by one 'l'  and  end with 'n',(?:l|kh).*n
"words that start with 'p'  and  end with 'a',  followed by one 'd'",p.*[ad]
"words that start with 'kh'  and  end with 'sh',  followed by 'o' or 'a' in between",kh.*(?:o|a|sh)
"words that start with 's'  and followed by one 'h', and  end  ing with 'e' or 'I', not more than  four letters in total",s.*h.*[eI]
words that start with 'k'  and  end with 'r' and followed by vowel in between,k.*r.*
"words that start with 'k'  and followed by one 's', and  end  ing with 'y' or 'e'",k.*s.*[ye]
"words that start with 'm',  followed by one 'r'  and  end with 'I'",[mr].*I
"words that start with 'nah'  and  end with 'I','e' or 'n'",nah.*[Ien]
words that start with 'nh'  and  end with 'n',nh.*n
words that start with 'th' or 't'  and  end with 'y' or 'I',(?:t|th).*[yI]
"words that start with 'r'  and  end with 'y' , followed by one 'h'",r.*[yh]
"words that start with 'l'  and  end with 'I' or 'y' or 'h', followed by 'a' or 'e' in between",l.*[Iyhae]
words that start with 's'  followed by one 'k'  and  end with 'y' or 'I',[sk].*[yI]
words that start with 'hu'  and  end with 'a',hu.*a
words that start with 'h'  and  end with 'va' or 'wa',h.*(?:va|wa)
words that start with 'de'  followed by  'kh' or 'k' and  end with 'na',(?:k|de|kh).*na
words that start with 'da'  followed by  'kh' and  end with 'na',(?:da|kh).*na
words that start with 'd' and  end with 'khna',d.*khna
words that start with 'n'  followed by 'k' and  end  ing with 'I',[nk].*I
words that start with 'aa' or 'ay' and  end with 'n' or 'a',(?:aa|ay).*[na]
words that start with 'a' and  end with 'I' or 'y',a.*[Iy]
words that start with 'a' or 'aa' and  end with 'e',(?:a|aa).*e
words that start with 'm'  followed by 'hrb' or 'rb' in between,(?:m|hrb|rb)
words that start with 'ko'  and  followed by 'sh' or 's' inbetween and  end  ing with 's' or 'sh',ko.*(?:s|sh).*(?:s|sh)
words that start with 'j'  and followed by one 'g' and  end with 'a',j.*g.*a
words that start with 'jag' and  end with 'a' or 'h',jag.*[ah]
words that start with 'rah' and  end with 'y',rah.*y
"words that start with 'r' or 'rah' and  end with 'I','e' or 'y'",(?:r|rah).*[Iey]
"words that start with 'k'  and followed by 'k', 'n'  and  'r' in between",k.*[kn].*r
words that start with 'mj' and  end with 'a' or 'y',mj.*[ay]
words that start with 'muj' and  end with 'I' or 'h',muj.*[Ih]
words that start with 'muj' and  end with 'e' or 'y',muj.*[ey]
"words that start with 'l'  followed by 'a','e', or 'I'  and end with 'n'",[laeI].*n
three or four letter words that start with 'do' or 'du' and  end with 'a',(?:do|du).*a
words that start with 'do' or 'du'  and  end with 'ein',(?:do|du).*ein
words that start with 'dua' and  end with 'en' or 'in' ,dua.*(?:en|in)
"words that start with 'd'  and  end with 'ya',  followed by one 'n'",d.*(?:n|ya)
words that start with 'chaht' ,chaht
words that start with 't'  followed by 'y'  and  end with 'ar',[ty].*ar
words that start with 'w'  followed by 'es' or 'as' ,(?:w|es|as)
words that start with 'w' and  end with 'sa',w.*sa
words thagt start with 'we' and  end with 'a',we.*a
"words that start with 'h'  and  end with 'r',  followed by 'e' ,'u' ,'a' in between",h.*[reua]
words that start with 'la' and  end with 'ty' or 'ay',la.*(?:ty|ay)
words that start with 'lyt' and  end with 'I' or 'y',lyt.*[Iy]
words that start with 'l' and  end with 'te',l.*te
words that start with 'zab' and  end with 'dast',zab.*dast
words that start with 'zab'  followed by 'berd' or 'bard' and  end with 'st' or 'sth',(?:zab|berd|bard).*(?:st|sth)
words that start with 'zab'  and  one 'r'  followed by digit with and  end  ,zab.*r.*
words that start with 'z' and  end with  'brdst',z.*brdst
words that start with 'bta' and  end with 'n',bta.*n
words that start with 'bat' and  end with  'e' or 'n'  followed by  one 'I',bat.*[enI]
"words that start with 'k'  and  end with 'c','s' or 'x',  followed by 'I' ",k.*[csxI]
words that start with 'me' or 'ma' and  end with 'e'  followed by  one 'r',(?:me|ma).*[er]
"words that start with 'mer' and  end with 'y','I' or 'e'",mer.*[yIe]
words that start with 'm'  followed by  one 'r' and  end with 'y' or 'e',[mr].*[ye]
words that start with 'kami'  and  end with 'ab',kami.*ab
words that start with 'mehn' and  end with 't',mehn.*t
words that start with 'm'  followed by  'hn' and  end with 't',(?:m|hn).*t
words that start with 'm'  followed by 'nat'  and  end with 'a' or 'y',(?:m|nat).*[ay]
"words that start with 'ga' or 'ge' and  end with 'e','a' or 'I'",(?:ga|ge).*[eaI]
"words that start with 'gy' and  end with 'a','y' or 'I'",gy.*[ayI]
words that start with 'b'  followed by  'nan' and  end with 'y' or 'I',(?:b|nan).*[yI]
"words that start with 'banan' and  end with 'e','y'  ",banan.*[ey]
words that start with 'b' and  end with 'da',b.*da
words that start with 'b' and  end with 'ra',b.*ra
words that start with 'her'  and  end with 'an',her.*an
words that start with 'h' and  end with 'ran',h.*ran
words that start with 'k' or 'q' and  end with 'o'  followed by 'I',[kq].*[oI]
words that start with 'ky' and  end with 'n',ky.*n
words that start with 'ki' and  end with 'un',ki.*un
words that start with 'b'  and  end with 'rosa',b.*rosa
words that start with 'b'  followed by 'd' or 'r'  and  end with 'ao',[bdr].*ao
words that start with 'p'  and  end with 'ra',p.*ra
"words that start with 'p'  followed by 'r'  and  with 'e', 'a' or 'y'",[pr].*[eay]
words that start with 'h' muct followed by 'm'  and  end with 'sha',[hm].*sha
words that start with 'la'  followed by 'd' and  end with 'e' or 'y',(?:d|la).*[ey]
words that start with 'l'  followed by  'r'  and  end with 'y' or 'I',[lr].*[yI]
words that start with 'a'  followed by  'sh' or 'ch' and  end with 'a' or 'w',(?:a|sh|ch).*[aw]
words that start with 'a'  followed by  one 'h' and  end  ing with 'a' or 'e',[ah].*[ae]
words that start with 'hoja' and  end with 'y',hoja.*y
"words that start with 'hoja' and  end  ing with 'I','e' or 'n'",hoja.*[Ien]
words that start with 'de' and  end with 'kha',de.*kha
words that start with 'da' and  end with 'kha',da.*kha
words that start with 'd' and  end with 'kha',d.*kha
words that start with 'kh'  and  end with 'hish',kh.*hish
"words that start with 'k'  followed by 'ht'  and  end with 'a' ,'e' or 'y'",(?:k|ht).*[aey]
"words that start with 'a'  followed by 'ja'  and  end with 'e','I' or 'y'",(?:a|ja).*[eIy]
words that start wit 'm' followed by 'sib'  and  end with 't',(?:m|sib).*t
words that start with 'h'  and  end with 'mat' with any number of 'm'  and  'a',h.*(?:m|mat).*a
words that start with 'v' or 'w'  and  end with 'sta',[vw].*sta
words that start with 'peh' and  end with 'e' or 'y',peh.*[ey]
words that start with 'ph' and  end  ing with 'y' or 'a',ph.*[ya]
words that start with 'e' or 'a'  and  end with 'tmad',[ea].*tmad
words that start with 'b'  and followed by 'ta' and  end  ing with 'u' or 'o',b.*ta.*[uo]
words that start  and  end with any number of 'a'  and  'o' respectively  followed by a 'y' or 'w',.*a.*[oyw]
"words that start with 'b'  followed by 'th'  and  end with 'I','y' or 'n'",(?:b|th).*[Iyn]
words that start with 'd'  followed by another 'd' in between  and  end with 'y' or 'n',[dd].*[yn]
words that start with 'kh'  followed by 'lt' and  end  ing with 'y' or 'e',(?:kh|lt).*[ye]
words that start with 'in' or 'an'  followed by  a 'll' and  end with 'h',(?:in|an|ll).*h
words that start with 'a' or 'I'  followed by 'sh'  and  'll' and  end with 'h',(?:a|I|sh).*ll.*h
words that start with 'z' and  end with 'yada',z.*yada
words that start with 'z' and  end with 'da',z.*da
words that start with 'x' or 'z'  and  end with 'da',[xz].*da
words that start with 't' and  end with 'y'  followed by  one 'r',t.*[yr]
words that start with 'ter'  and  end  ing with 'e' or 'y',ter.*[ey]
words that start with 'bh'  and  followed by 'la' in between,bh.*la
words that start with 'ko' and  end with 'm',ko.*m
words that start  'qo' or 'qa'  and  end with 'm',(?:qo|qa).*m
words that start with ' and '  and  end with 'r',.*.*r
words that start with 'mel' and  end with 'e' or 'y',mel.*[ey]
words that start with 'mil' and  end with 'y' or 'e',mil.*[ye]
words that start with 'ist'  followed by one 'm'  and  end with 'l',(?:m|ist).*l
words that start with 'su' or 'so'  followed by  'k' and  'r' and  end with 'ia' or 'ya',(?:k|su|so).*r.*(?:ia|ya)
words that start with 'shokr' and  end with 'ya',shokr.*ya
words that start with 'shkr' and  end with 'ia' or 'ya',shkr.*(?:ia|ya)
words that start with 'shuk' and  end with 'ria',shuk.*ria
words that start with 'shukr' and  end with 'ya',shukr.*ya
words that start with 'shuk' and  end with 'a' or 'h',shuk.*[ah]
words that start with 'ch' and  end with 'x',ch.*x
words that start with 'che' and  end with 'z' or 'e',che.*[ze]
words that start with 'b'  followed by 'fi' and followed by 'k' or 'q'  and  end with 'r',(?:b|fi).*[kq].*r
words that start with 'b'  followed by one 'z'  and  end with 'rg',[bz].*rg
words that start with 'm'  followed by 'h'  and  'b'  and  end with 't',[mh].*b.*t
words that start 'jay',jay
words that start with 'ja' and  end with 'e' or 'I',ja.*[eI]
words that start with 'ta'  followed by one 'r'  and  end with 'f',(?:r|ta).*f
words that start with 'kh'  and  end with 'b',kh.*b
words that start with 'Is'  followed by 'me',(?:Is|me)
words that start wit 'is'  followed by 'may',(?:is|may)
words that start with 'is' and  end with 'n' or 'in' ,is.*(?:n|in)
words that start with 'm'  and  end with 'dad',m.*dad
words that start with 'da' and  end with 'khtay',da.*khtay
words that start with 'd' and  end with 'khte',d.*khte
words that start with 'de'  followed by  'kht'  and  end with 'y',(?:de|kht).*y
four letter words that start wit 'sh' and  end with 'r',sh.*r
words that start with 'sh' and  end with 'r'  followed by  'e' or 'a' in between,sh.*[rea]
words that start with 'sha' and  end with 'r' or 'e',sha.*[re]
words that start with 'tar' and  end with 'qi',tar.*qi
words that start with 'tarak' and  end with 'I',tarak.*I
words that start with 't' and  end with 'raqqi',t.*raqqi
words that start with 'ach' and  end with 'e',ach.*e
words that start with 'a' and  end with 'e' or 'I'  followed by  digit in between,a.*[eI]
words that start with 'ach' and  end with 'y' or 'e',ach.*[ye]
words that start with 'ach' and  end with 'y',ach.*y
words that start with 'h'  followed by 'g'  and  end with 'e' or 'I',[hg].*[eI]
words that start with 'd'  and  end with 'ti',d.*ti
words that start with 'bh' and  end with 'ye' or 'ay',bh.*(?:ye|ay)
"words that start with 'bho' and  end with 'ye' or 'ay' , 'u'",bho.*(?:u|ye|ay)
words that start with 'fa' or 'fy'  and  end with 'da',(?:fa|fy).*da
words that start with 'r'  followed by 'wa'  and  end with 'ya' or 'ye',(?:r|wa).*(?:ya|ye)
words that start with 'tare' and  end with 'ka',tare.*ka
words that start with 'tareek' and  end with 'y' or 'e',tareek.*[ye]
words that start with 'tariq' and  end with 'y',tariq.*y
words that start with 'tare' and  end with 'e' or 'y' mjst followed by  'eq',tare.*(?:e|y|eq)
words that start with 't' and  end with 'qa'  followed by  'ri' or 're',t.*(?:qa|ri|re)
words that start with 'p' or 'f'  followed by 'lan'  and  end with 'y',(?:p|f|lan).*y
"words that start with 'kh'  followed by 'sh'  and  end with 'I', 'y' or 'e'",(?:kh|sh).*[Iye]
words that start wih 'es' and  end with 'e' or 'y',es.*[ey]
words that start with 'a' or 'I' and  end with 'y'  followed by  one 's',[aI].*[ys]
words that start  and  end with 'a'  followed by  one 'la',.*(?:a|la)
words that start with 'a' and  end with 'a' or 'w'  followed by  one 'l' in between,a.*[awl]
words that start with 'k'  and  end with 'y' or 'e',k.*[ye]
words that start with 'm' or 'M'  followed by  'sha'  and  'allah',(?:m|M|sha).*allah
words that start with 'ma'  followed by  'sa' or 'sha' and  end with 'lah' or 'lh',(?:ma|sa|sha).*(?:lah|lh)
words that start with 'dyt' and  end with 'y' or 'I',dyt.*[yI]
words that start with 'da' or 'de' and  end with 'tay',(?:da|de).*tay
"words that start with 'l'  followed by  'ki' ,'ke' or 'ka' and  end with 'n'",(?:l|ki|ke|ka).*n
words that start with 'la' and  end with 'en' or 'in'  followed by  'k',la.*(?:k|en|in)
words that start with 'alh'  followed by 'md'  and  end with 'lillah',(?:alh|md).*lillah
words that start with 'm' must conain 'f'  and  end with 'd',[mf].*d
words that start with 'h'  followed by 'as' many as  and  end with 'a',(?:h|as).*a
words that start with 'j'  followed by 'og'  and  end with 'y',(?:j|og).*y
words that start with 'walikum'  and  followed by  'as' afterwards,walikum.*as
words that start with 'wa'  followed by  'kum'  and  'ass' in between,(?:wa|kum).*ass
words that start with 'w' and  end with 'salam',w.*salam
words that start with 'walekum' or 'Walekum' and  end with 'lam' or 'lm',(?:walekum|Walekum).*(?:lam|lm)
words that start with 'walaikum' and  end with 'lam' or 'laam',walaikum.*(?:lam|laam)
words that start with 'Wa'  followed by  'alikUm' ,(?:Wa|alikUm)
words that start with 'walikum' and  end with 'lam',walikum.*lam
words that start with 'p'  followed by 'h'  and  end with 'l',[ph].*l
words that start with 'As'  followed by  'lam'  and  end with 'kum' or 'kam',(?:As|lam).*(?:kum|kam)
words that start with 'ass'  followed by  'lam' and  end with 'kum' or 'km',(?:ass|lam).*(?:kum|km)
words that start with 's' or 'ss'  followed by  'lam' or 'lm' and  end with 'ikum',(?:s|ss|lam|lm).*ikum
words that start with 'assalam' and  end with 'kum',assalam.*kum
words that start with 'as'  followed by  'lam' and  end with 'ikum',(?:as|lam).*ikum
words that start with 'um' and  end with 'ed' or 'id',um.*(?:ed|id)
words that start with 'o'  followed by  one 'm' and  end with 'id' or 'ed',[om].*(?:id|ed)
words that start with 'kh'  followed by 'l'  and  end with 's',(?:l|kh).*s
words that start with 'mubar' and  end with 'k',mubar.*k
words that start with 'mub' or 'mb' and  end with 'k'  followed by  'br',(?:mub|mb).*(?:k|br)
four letter words that start with 't' and  end with 'k',t.*k
words that start with 'the' and  end with 'k',the.*k
words that start with 's'  followed by 'd' and followed by 'k' or 'q',[sd].*[kq]
words that start with 'b'  followed by 'n' and followed by 'I' or 'a'  and  end with 'a',[bn].*[Ia].*a
words that start with 'n'  followed by 'm'  and  't' and  end  ing with 'n',[nm].*t.*n
words that start with 'hu'  followed by  'w' and  end with 'e' or 'y',(?:w|hu).*[ey]
words that start with 'h'  followed by  'v' and  end with 'ay',[hv].*ay
words that start with 'mehs'  and  end with 's',mehs.*s
words that start with 'tauf' and  end with 'q',tauf.*q
words that start with 'tof' and  end with 'k' or 'q',tof.*[kq]
words that start with 'sum' or 'sm'  followed by  'jhay' and  end with 'e' or 'a',(?:sum|sm|jhay).*[ea]
words that start with 'samjha' and  end with 'I' or 'y',samjha.*[Iy]
words that start with 'm'  followed by 'z' or 'x'  and  end with 'd',[mzx].*d
words that start with 'b' and  end with 'shumar',b.*shumar
words that start with 'u' or 'o'  followed by 'mda',(?:u|o|mda)
words that start with 'p'  and  end with 'sh',p.*sh
words that start with 's'  followed by 'k'  and  'n' and  end with 'y',[sk].*n.*y
words that start with 'int'  followed by 'za'  and  end with 'r',(?:int|za).*r
words that start with 'p'  followed by 'rh'  and  end with 'I' or 'e',(?:p|rh).*[Ie]
words that start with 'b'  followed by 'n'  and  'ee' or 'aa',[bn].*(?:ee|aa)
words that start with 'beht'  followed by 'r'  and  end with 'n',(?:r|beht).*n
words that start with 'j'  and  end with 'sa',j.*sa
words that start with 'a' must cintain 'nkh'  and  end with 'I' or 'n',(?:a|nkh).*[In]
words that start with 'l' and followed by 'o'  and  end with 'g',l.*o.*g
words that start with 'p'  and  end with 'r' with total three or four letters,p.*r
words that start with 'm'  followed by 'g'  and  end with 'r',[mg].*r
words that start with 'b'  followed by 'dl'  and  edn with 'I' or 'y',(?:b|dl).*[Iy]
four letter words that start with 'd'  and followed by one 'n',d.*n
words that start with 'it'  followed by 'fa'  and  end with 'q',(?:it|fa).*q
four letter words that start with 'mo' ,mo
four letter words that start with 'mu',mu
"words that start with 'k'  followed by 'rw'  and  one 'y' and  end with 'e','y', 'n'",(?:k|rw).*y.*[eyn]
words that start with 'mang' and  end with 'e' or 'y',mang.*[ey]
words that start with 'z'  followed by 'r'  and  end with 'y' or 'e',[zr].*[ye]
words that start with 'p'  followed by 'rh'  and  end with 'n',(?:p|rh).*n
words that start with 's'  followed by 'u' or 'w'  and  end with 'k' or 'q',[suw].*[kq]
words that start with 'smust' and followed by 'yas'  and  end with 't',smust.*yas.*t
words that start with 'rah' and  end with 'y' or 'e'  followed by  'hi',rah.*(?:y|e|hi)
words thet start with 'r' and  end with 'yeh' or 'yei',r.*(?:yeh|yei)
words that start with 'p'  followed by  'y' and  end with 'ar',[py].*ar
four letter words that start with 'p' and  end with 'r',p.*r
words that start with 'y'  followed by 'k' or 'q'  and  end with 'een',[ykq].*een
words that start with 'sh'  followed by 'r'  and  end with 'f',(?:r|sh).*f
words that start with 'g'  followed by 're'  and  'bo',(?:g|re).*bo
words that start with 'd'  and  end with 'lat',d.*lat
words that start with 's'  and  followed by 'l' with and  end with 'k',s.*l.*k
words that start with 'mz' or 'maz' and  end with 'dar',(?:mz|maz).*dar
words that start with 'mazed' and  end with 'r',mazed.*r
words that start with 'dij' and  end with 'y',dij.*y
words that start with 'dej' or 'dij' and  end with 'ye' or 'ee',(?:dej|dij).*(?:ye|ee)
words that start with 'dej' and  end with 'yy' or 'e',dej.*(?:e|yy)
words that start with 'maz' and  end with 'ey' or 'iy',maz.*(?:ey|iy)
words that start with 'maz' and  end with 'e',maz.*e
words that start with 'm' and  end with 'y'  followed by  'z' in between,m.*[yz]
words that start with 'h' and  end with 'dayat',h.*dayat
words that start with 'mo' and  end with 'af' followed by  'k' or  'q' in between,mo.*(?:k|q|af)
words that start with 'm' and  end with 'qif' or 'qaf',m.*(?:qif|qaf)
words that start with 'tm' and  end with 'ry' or 'rai',tm.*(?:ry|rai)
words that start with 'tum' and  end with 'ea' or 'ay',tum.*(?:ea|ay)
"words that start with 'k'  followed by 'j'  and  end with 'e','y','a'",[kj].*[eya]
"words that start with 'g' and followed by 'h','a','y'  and  end with 'b'",g.*[hay].*b
"words that start with 'I' or 'e'  and followed by 'rad' and  end with 'e','a','y'",[Ie].*rad.*[eay]
words that start with 'w'  followed by 'g' and  end with 'ra',[wg].*ra
words that start with 'naz'  followed by 'ri' or 're' and  end with 'a' or 'h',(?:naz|ri|re).*[ah]
words that start with 'j'  followed by with least one 'w' and  end with 'b',[jw].*b
"words that start with 'pak'  followed by 'rn' and  end with 'e','a','y'",(?:pak|rn).*[eay]
words that start with 'ba' or 'bh'  followed by 'rhao',(?:ba|bh|rhao)
words that start with 'inho'  followed by another 'n' in between,(?:n|inho)
words that start with 'b'  followed by 'r'  and  end with 'hay',[br].*hay
words that start with 'aks'  followed by 'r'  and  end with 't',(?:r|aks).*t
words that start with 'z'  followed by 'm'  and  'da'  and  end with 'ri',[zm].*da.*ri
words that start with 'b'  followed by 'l' and  end with 'nd',[bl].*nd
words that start with 'j' and  end with 'th'  followed by one or two 'o' in between,j.*(?:o|th)
words that start with 'jh' and  end with 't',jh.*t
"words that start with 'sa'  followed by 'l'  and  end with 'ht', 'th' or 't'",(?:l|sa).*(?:t|ht|th)
words that start with 'g'  followed by  'l' and  end with 't',[gl].*t
words that start with 'ghal' and  end with 't',ghal.*t
words that start with 'h'  followed by 'k' and  end with 'mat',[hk].*mat
words that start with 'zar' and  end with 'orat',zar.*orat
words that start with 'zar' or 'zr' and  end with 'th' or 'at',(?:zar|zr).*(?:th|at)
"words that start with 'ko' and  end with 'e','I'",ko.*[eI]
words that start with 'm'  followed by 'z'  and  'l' and followed by with least one 'o' or 'u' and  end with 'm',[mz].*l.*[ou].*m
words that start with 'd' and followed by 'u' or 'a'  and  end with 'r'  and  end with 'st' or 'sat',d.*[ua].*r.*(?:st|sat)
words that start with 'm'  followed by 'z'  and  end with 'k' or 'qw',[mz].*(?:k|qw)
words that start with 'utha' and  end with 'y' or 'a',utha.*[ya]
words that start with 'bay' and  end with 'e' or 'y',bay.*[ey]
words that start with 'bech' and  end with 'e' or 'y',bech.*[ey]
words that start with 'p' and  end with 'yaray',p.*yaray
words that start with 'p'  followed by  'yar' and  end with 're' or 'ry',(?:p|yar).*(?:re|ry)
words that start with 'chal' and  end with 'in',chal.*in
words that start with 'ch' and  end with 'y'  followed by  'l',ch.*[yl]
six letter words that start with 'chal' and  end with 'n',chal.*n
words that start with 'ch' and  end with 'lye',ch.*lye
words that start with 'chal' and  end with 'ye',chal.*ye
words that start with 'b' and  end with 'k'  followed by  'l',b.*[kl]
words that start with 'balk',balk
words that start with 'kha'  followed by  'n' and  end with 'y',(?:n|kha).*y
"words that start with 'kha' and  end with 'nai','ne' or 'nye'",kha.*(?:nai|ne|nye)
"words that start with 'kah' and  end with 'y','e'",kah.*[ye]
"words that start with 'd' and followed by 'a','e','y','I'  and  end with 'na'",d.*[aeyI].*na
words that start with 'kha'  followed by  't' and  end with 'I' or 'y',(?:t|kha).*[Iy]
words that start with 'milt' and  end with 'e' or 'y',milt.*[ey]
words that start with 'r'  followed by 'hn'  and  end with  'yi' or 'ye',(?:r|hn).*(?:yi|ye)
words that start with 'bag' and followed by 'a' or 'e' and  end with 'r',bag.*[ae].*r
words that start with 'kar' and  end with 'n',kar.*n
words that start with 'b'  followed by 'r'  and  'ha' and  end with 'y' or 'e',[br].*ha.*[ye]
words that start with 'kam'  and followed by  'zor' or 'zur' in between,kam.*(?:zor|zur)
words that start with 'sho'  and followed by  one 'r',sho.*r
words that start with 'gh'  and  end with 's',gh.*s
words that start with 'mar' and  end with 'y' or 'n',mar.*[yn]
words that start with 'b'  followed by  'kt' or 'gt' and  end with 'y' or 'e',(?:b|kt|gt).*[ye]
words that start with 'muq' or 'maq' and  end with 'dar',(?:muq|maq).*dar
words that start with  'q' and  end with 'm',q.*m
words that start with 'k' and  end with 'm',k.*m
words that start with 'may' and  end with 's',may.*s
words that start with 'p' and  end with  'shani',p.*shani
words that start with 'p'  followed by  'shan' with and  end  ,(?:p|shan).*
words that start with 'gh' or 'g'  followed by  one 'r'  and  end with 'b' or 'I',(?:g|r|gh).*[bI]
words that start with 'g'  followed by  't' and  end with 'a',[gt].*a
words that start with 'g' and  end with 'pla',g.*pla
words that start with 'g'  followed by  two 'r's with any number of 'u'  and  'o' in between them,[gru].*o
words that start with 'd'  followed by  'kh' and  end with 'wa',(?:d|kh).*wa
words that start with 'g' and  end with 'nah',g.*nah
words that start with 'sh'  followed by  one 'r'  and  end with 'm',(?:r|sh).*m
words that start with 'ch' and  end with 'mcha',ch.*mcha
words that start with  'b'  followed by  'g' and  end with 'rat' or 'ret' or 'rt',[bg].*(?:rat|ret|rt)
"words that start with 'b'  followed by  'g' ,'h',  and  'r' and  end with 'I'",[bgh].*r.*I
words that start with 'zi' and  end with 'ti' or 'dti',zi.*(?:ti|dti)
words that start with 'aa' or 'a' might followed by  'ns'  and  end with 'su' or 'soo' may followed by 'n',(?:a|aa|ns).*(?:n|su|soo)
words that start with 'z' and  end with 'da' or 'dah',z.*(?:da|dah)
words that start with 'z'  followed by  two 'r's in between and  end with 't',[zr].*t
words that start with 'z' and  end with 'ri' and followed by  another 'r' in between,z.*ri.*r
words that start with 'd'  followed by  'mag' of 'mak' may and  end with 'h',(?:d|mag|mak).*h
words that start with 'b' and  end with 'l'  followed by  'o' or 'u' in between,b.*[lou]
words that start with 'ch' or 'sh'  followed by  'ot',(?:ch|sh|ot)
words that start with 't'  followed by  'or' and  end with 'do',(?:t|or).*do
words that start with 'b'  followed by  'sub' or 'sab' in between,(?:b|sub|sab)
words that start with 'm'  followed by  's'  and  end with 'kil' or 'kal' or 'kel',[ms].*(?:kil|kal|kel)
words that start with 'n' and  end with 'cha' ,n.*cha
words that start with 'd'  followed by  'y' or  'I' in between and  end with 'an',[dyI].*an
words that start with 'b'  followed by  'cha' in between  and  end with 'ni',(?:b|cha).*ni
words that start with 'eh' or 'ah'  followed by  'sa' and  end with 'n',(?:eh|ah|sa).*n
words that start with 'g'  followed by  's' or 'ss' in between and  end with 'a' or 'ah',(?:g|s|ss).*(?:a|ah)
words that start with 'g'  followed by  's' or 'ss' in between and  end with 'e' or 'y',(?:g|s|ss).*[ey]
words that start with 'la' and  end with 'chi',la.*chi
words that start with 'il' or 'el' and  end with 'ja' or 'jah',(?:il|el).*(?:ja|jah)
words that start with 'mag'  followed by  'g'  and  two 'r's,(?:g|mag).*r
words that start with 'bad' or 'bd'  followed by  'ni' or 'ne' or 'ny' before and  end  ing with 't',(?:bad|bd|ni|ne|ny).*t
words that start with 'a' or 'o'  followed by  'k' and  end with 'at',[aok].*at
words that start with 'g'  followed by  'l' in between and  end with 'ti' or 'ty',[gl].*(?:ti|ty)
"words that start with 'b'  followed by  'char' and  end with 'I', 'e' or 'y'",(?:b|char).*[Iey]
words that start with 'kh'  followed by  'la' and  end with 'af' ,(?:kh|la).*af
words that start with 'ga'  followed by  'li' and  end with 'an',(?:ga|li).*an
"words that start with 'd'  followed by  'rn' and  end with 'a' ,'e' or 'y'",(?:d|rn).*[aey]
words that start with 'm'  followed by  'jb' and  end with 'ri',(?:m|jb).*ri
words that start with 'I' or 'e'  followed by  'z' and  end with 't',[Iez].*t
words that start with 'adh' and  end with 'ri',adh.*ri
words that start with 'b'  followed by  'g' and  end with 'er' or 'ir',[bg].*(?:er|ir)
words that start with 'sh'  followed by  't' and  end with 'an',(?:t|sh).*an
words that start with 'm'  followed by  'nh' and  end with 's',(?:m|nh).*s
words that start with 's'  followed by  'fa' and  end with 'rish',(?:s|fa).*rish
words that start with 'hat'  followed by  'y' and  end with 'ar',(?:y|hat).*ar
words that start with 'kh' and  end with 'f',kh.*f
words that start with 'ka' and  end with 'ti'  followed by  'np' or 'mp' in between,ka.*(?:ti|np|mp)
words that start with 'mart' and  end  t with 'y' or 'I',mart.*[yI]
words that start with 'b'  followed by  'r' in between and  end with 'a',[br].*a
words that start with 'ch' followed by  another 'h' in between and  end with 'e' or 'y' or 'a',(?:h|ch).*[eya]
words that start with 'b' and  end with 'zat' or 'zatt',b.*(?:zat|zatt)
words that start with 'b'  followed by  'z' or 's' in between and  end with 'ti' or 'tii',[bzs].*(?:ti|tii)
words that start with 'zal' and  end with 'l',zal.*l
words that start with 'r'  followed by  's' in between and  end with 'va' or 'wa',[rs].*(?:va|wa)
words that start with 'tanq' and  end with 'd',tanq.*d
words that start with 'g'  followed by  'si' or 'se' in between and  end with 'ta',(?:g|si|se).*ta
words that start with 'm'  followed by  'z' or 'j' in between and  end with 'k' or 'q',[mzj].*[kq]
words that start with 'gad' and  end with 'e' or 'y',gad.*[ey]
words that start  and  end with 'u'  followed by  'll' in between,.*(?:u|ll)
words that start with 'kam' and  end with 'e' or 'y'  followed by  'n' in between,kam.*[eyn]
words that start with 'ba'  followed by  'me' in between and  end with 'ez',(?:ba|me).*ez
words that start with 'gh' and  end with 'r' followed by  'o' or 'u' in between,gh.*[rou]
words that start with 'maqs' and  end with 'd',maqs.*d
words that start with 'la'  followed by  'n' in between and  end with 't',(?:n|la).*t
words that start with 's' or 'z'  followed by  another 'z' in between and  end with 'ish' or 'esh',[szz].*(?:ish|esh)
words that start with 'k' or 'q'  followed by  'as' in between and  end with 'r',(?:k|q|as).*r
words that start with 'n'  followed by  'ya' in between and  end with 't',(?:n|ya).*t
words that start with 'pha'  followed by  one 'n' in between and  end with 's',(?:n|pha).*s
words that start with 'bad'  followed by  one 't' in between and  end with 'r',(?:t|bad).*r
words that start with 'b'  followed by  'ad' in between and  end with 'bi,(?:b|ad).*
words that start with 'b'  followed by  'wa' in between and  end with 'uf' or 'of',(?:b|wa).*(?:uf|of)
words that start with 'm'  followed by  'n' in between and  end with 't',[mn].*t
words that start with 'b'  followed by  'kw' or 'qw' in between and  end with 'as',(?:b|kw|qw).*as
words that start with 'za'  followed by  another 'a' with and  end  ,(?:a|za).*
words that start with 'm'  followed by  'f' in between and  end with 'I',[mf].*I
words that start with 'tak'  followed by  'le' in between and  end with 'f',(?:tak|le).*f
words that start with 'im'  followed by  one 't' in between and  end with 'an',(?:t|im).*an
words that start with 'af' and  end with 's',af.*s
words that start with 'b'  followed by  'h' in between and  end with 'd',[bh].*d
words that start with 'nala' and  end with 'k' or 'q',nala.*[kq]
words that start with 'ud'  followed by  'as' and  end with 'I',(?:ud|as).*I
words that start with 'm'  followed by  'z' in between and  end with 'aj' ,[mz].*aj
words that start with 't'  followed by  'b' and  end with 'a' or 'h',[tb].*[ah]
words that start with 'nu'  followed by  'k' or 'q' and  end with 'an',(?:k|q|nu).*an
words that start with 'aaf'  followed by  't' and  end with 'y' or 'n',(?:t|aaf).*[yn]
words that start with 'ki' or 'qi'  followed by  's' and  end with 'm',(?:s|ki|qi).*m
words that start with 'beh' and  end with 'sh',beh.*sh
words that start with 'bh'  followed by  'k' and  end with 'y' or 'e',(?:k|bh).*[ye]
words that start with 'be' or 'ba'  followed by  'man' and  end with 'I',(?:be|ba|man).*I
words that start with 'mag' or 'mug'  followed by  'f'  and  'r' in between and  end with 't',(?:f|mag|mug).*r.*t
words that start with 'p'  followed by  's'  and  'n' in between and  end with 'd',[ps].*n.*d
words that start with 'kanj' and  end with 's',kanj.*s
words that start with 'zi'  followed by  'd' and  end with 'ti',(?:d|zi).*ti
words that start with 'b'  followed by  'r'  and  'd' and  end with 'shth' or 'sht',[br].*d.*(?:shth|sht)
words that start with 'e' or 'a'  followed by  'tj' and  end with 'aj',(?:e|a|tj).*aj
words that start with 'int' and  end with 'hai',int.*hai
words that start with 'kh'  followed by  't' and  end with 'm',(?:t|kh).*m
words that start with'b'  followed by  'ch'  and  'g' in between and  end with 'na',(?:b|ch).*g.*na
words that start with 'faz' or 'fuz' and  end with 'l',(?:faz|fuz).*l
words that start with 'b' followed by  'rb' and  end with 'd',(?:b|rb).*d
words that start with 'ghis'  followed by  'p' and  end with 'ti',(?:p|ghis).*ti
words that start witg 'sh' and  end with 'k',sh.*k
words that start with 'zul' and  end with 'm',zul.*m
words that start with 'zi'  followed by  'd' and  end with 'I' or 'y',(?:d|zi).*[Iy]
words that start with 'bh'  followed by  'r' or 'd' in between and  end with 'ka',(?:r|d|bh).*ka
words that start with 'adh' and  end with 'ra',adh.*ra
words that start with 'k' or 'c'  followed by  't' and  end with 'putli',[kct].*putli
words that start with 'ru' or 'ro'  followed by  'la' and  end with 'y' or 'e' ,(?:ru|ro|la).*[ye]
"words that start with 'kam' followed by  'n' and  end with 'I' , 'e' or 'y'",(?:n|kam).*[Iey]
words that start with 'bayg' or 'beg'  and  end with 'na' or 'nah',(?:bayg|beg).*(?:na|nah)
words that start with 'ch'  followed by  'r'  and  end with 'se' or 'si',(?:r|ch).*(?:se|si)
words that start with 'falt' and  end with 'o' or 'u',falt.*[ou]
words that start with 't'  followed by  'm' and  end with 'z',[tm].*z
words that start with 'bura' and  end with 'yan',bura.*yan
words that start with 'bek' or 'bayk' and  end with 'ar',(?:bek|bayk).*ar
words that start with 'ru' or 'ro'  followed by  'kaw' and  end with 't',(?:ru|ro|kaw).*t
words that start with 'gham' or 'gam'  followed by  'b' and  end with 'ir' or 'er',(?:b|gham|gam).*(?:ir|er)
words that start with 'm'  followed by  'zd' and  end with 'ur' or 'or',(?:m|zd).*(?:ur|or)
words that start with 'g' and  end with 'flat',g.*flat
words that start with 'd'  followed by  'j' and  end with 'a' or 'n',[dj].*[an]
words that start with 'm' and  end with 'f',m.*f
words that start with 'g'  followed by  'ta' and  end with 'khi',(?:g|ta).*khi
words that start with 'bad'  followed by  's'  and  end with 'rat',(?:s|bad).*rat
words that start with 'taw' or 'tav' and  end with 'z',(?:taw|tav).*z
words that start with 'ku'  followed by  't' and  end with 'e' or 'y',(?:t|ku).*[ey]
words that start with 'mo'  followed by  'k' or 'q' in between and  end with 'f',(?:k|q|mo).*f
words that start with 'bera'  followed by  'ghar' or 'gar' and  end with 'k' or 'q',(?:bera|ghar|gar).*[kq]
words that start with 'maf' or 'muf'  followed by  'ad'  and  'par' in between and  end with 'st' or 'sth',(?:maf|muf|ad).*par.*(?:st|sth)
words that start with 'khudg' and  end with 'rz',khudg.*rz
words that start with 'nik'  followed by  'mm' in between and  end with 'I' or 'y',(?:nik|mm).*[Iy]
"words that start with 'd'  followed by  'sh'  and  't' and followed by 'gr' or 'gar' and  end with 'di','do' or 'don'",(?:d|sh).*t.*(?:gr|gar).*(?:di|do|don)
words that start with 'g'  followed by  'd' and  end with 'r' or 'ri',[gd].*(?:r|ri)
words that start with 'bd' or 'bad'  followed by  'q' or 'k' in between and  end with 'mati',(?:q|k|bd|bad).*mati
words that start with 'na'  followed by  'eh' or 'ah' and  end with 'li',(?:na|eh|ah).*li
words that start with 'darp' and  end with 'k',darp.*k
words that start with 'a'  followed by  'm' and  end with 'yat' or 'yath',[am].*(?:yat|yath)
"words that start with 'jh'  followed by  't' and  end with 'a', 'e' or 'y'",(?:t|jh).*[aey]
"words that start with 'a', 'o' or 'u'  followed by  'l' and  end with 'ad'",[aoul].*ad
words that start with 'm'  followed by  'n'  and  'f' in between and  end with 'qat',[mn].*f.*qat
words that start with 'bim' or 'bem' and  end with 'r' or 'ri',(?:bim|bem).*(?:r|ri)
four letter words that  start with 'm' and  end with 't' or 'th',m.*(?:t|th)
words that start with 'p'  followed by  'ng' and  end with 'a' or 'y'  ,(?:p|ng).*[ay]
words that start with 'sa'  and  end with 'I',sa.*I
words that start with 'b'  and  end with 't' and followed by one or many 'a',b.*t.*a
"words that start with 'k'  and  end with 'a', may cotntain 'I' or 'y'",k.*[aIy]
words that start with 'j' or 'g'  and  may and  end with 'e',[jg].*.*e
words that start with 'w'  and followed by  one 'h' or 'a' or both,w.*[ha]
words that start with 'l'  and followed by 'kh',l.*kh
words that start with 'kh'  and followed by 'biya',kh.*biya
words that start with 'itn' ,itn
three or two letter words that start with 'h'  and  end with 'm',h.*m
words that start with 'a'  and  end with 'n'  followed by one 'm',a.*[nm]
words that start with 'ye'  and  end with 'h' or 'a',ye.*[ha]
words that start with 'n'  followed by one 'y'  and  end with 'I',[ny].*I
words that start with 'k'  followed by one 'r'  and  end with 'e' or 'y',[kr].*[ey]
words that start with 'I' or 'e'  and  end with 'f' with one 'ns' in between,[Ie].*(?:f|ns)
words that start with 'a' or 'e'  and  end with 'y' or 'e'  followed by one 's' in between,[ae].*[yes]
words that start with 'th'  and  end with 'k',th.*k
two or three letter words that start with 'h'  and  end with 'I' or 'y',h.*[Iy]
words that start with 'ko'  and  end with 'I' or 'e' ,ko.*[Ie]
words that start with 't'  and followed by 'o' or 'u' ,t.*[ou]
words that start with 'y'  and  end with 'r' with as many 'a' in between,y.*[ra]
words that start with 'l'  and  end with 'g' with vowels in between,l.*g
words that start with 'b'  followed by one 'h'  and  end with 't',[bh].*t
words that start with 'reht',reht
three or four letter words that start with 'k'  and  end with 'a',k.*a
words that start with 'kh'  and  end with 'b',kh.*b
words that start with 'b'  followed by 'h'  and  end with 'I' or 'e',[bh].*[Ie]
words that start with 'p'  and followed by 'd' or 'r',p.*[dr]
three or two letter words that start with 'h'  and  end with 'k' or 'q',h.*[kq]
words that start with 'a' 'e' or 'I'  and  end with 'k',[aeI].*k
words that start with 'j'  and followed by one 'sa' or 'se' in between,j.*(?:sa|se)
words that start with 'm' or 'moo' and  end with 'k',(?:m|moo).*k
words that start with 'mubar' and  end  ing with 'k',mubar.*k
words that start with 't'  and followed by 'ra' ,t.*ra
words that start with 'k' or 'q'  and  end with 'r',[kq].*r
words that start with 'is'  and  end with 'e' or 'y',is.*[ey]
words that start with 'a'  and followed by 'dm',a.*dm
three or two  letter words that start with 'm'  and  end with 'y',m.*y
words that start with 'a' or 'o'  and  end with 'r',[ao].*r
words that start with 's'  and followed by 'mjha',s.*mjha
words that start with 'b' or 'bh'  and  end with 'I' or 'e',(?:b|bh).*[Ie]
words that start with 'sh'  followed by 'r' in between,(?:r|sh)
words that start with 'd'  and followed by one 't',d.*t
words that start with 'b'  and followed by one 'na',b.*na
words that start with 'yah' ,yah
words that start with 'hon',hon
words that start with 'bal'  and followed by one 'k',bal.*k
words that start with 'r'  and  end with 'a' with with least one 'h',r.*[ah]
words that start with 'l'  and followed by one 'n'  and  end with 'e' or 'y',l.*n.*[ey]
words that start with 'l'  and followed by one 'g'  and  end with 'I' or 'y',l.*g.*[Iy]
words that start with 'kart' ,kart
words that start with 'p'  and followed by one 'r' and  end with 'I',p.*r.*I
words that start with 'wo',wo
three or four words that start with 'h'  and  end with 'a',h.*a
words that start with 's' and followed by one 'r'  and  end with 'f',s.*r.*f
words that start with 'j'  and followed by one 'g'  and  one 'h',j.*g.*h
words that start with 'j'  and  end with 'b' or 'bh',j.*(?:b|bh)
words that start with 'ga'  and followed by 'e' or 'y',ga.*[ey]
words that start with 'p'  and followed by 'hl' and  end  ing with 'e' or 'I',p.*hl.*[eI]
words that start with 's' and followed by 'e' 'a' or 'y',s.*[eay]
words that start with 'm'  followed by 'e' 'a' or 'I',[meaI]
words that start with 'l' and  end with 'rkee',l.*rkee
words that start with 'l'  followed by 'd' or 'r'  and  end with 'ki',[ldr].*ki
words that start with 's'  and  end with 'b'  followed by  vowels in between,s.*b
words that start with 'hot' and followed by 'e' or 'a',hot.*[ea]
words that start with 's'  and  end with 'th',s.*th
words that start with 'karan' and followed by 'a' or 'e',karan.*[ae]
words that start with 't'  and  end with 'k',t.*k
words that start with 'p'  and followed by 'ch' and  end  ing with 'y' or 'e',p.*ch.*[ye]
words that start with 'h' and followed by 'o' or 'u',h.*[ou]
words that start with 't' and followed by 'a' 'o' or 'u' and  end  ing with 'r',t.*[aou].*r
two or three letter words that start with 'h'  and  end with 'r',h.*r
words that start with 'hon'  and  end with 'e' 'y' or 'I',hon.*[eyI]
words that start with 'g'  and  end with 'r',g.*r
words that start with 'gay' ,gay
words that start with 'g' and  end with 'I',g.*I
words that start with 'apn',apn
words that and  end with 'lawa',.*lawa
words that start with 'd'  and followed by 'kha',d.*kha
words that start with 'l' and  end with 'kin',l.*kin
words that start with 'l'  followed by one 'k'  and  end with 'n',[lk].*n
words that start with 'm'  and  end with 'la',m.*la
words that start with 'a' or 'e'  and  end with 'ham',[ae].*ham
words that start with 'zar'  and  end with 'ye',zar.*ye
words that start with 'la' and  end with 'I',la.*I
words that start with 'la' and  end with 'I' or 'e',la.*[Ie]
words that start with 'dilch'  and  end with 'sp',dilch.*sp
words that start with 'na' and  end with 'a' 'h' or 'w',na.*[ahw]
words that start with 'mil' and  end with 'y',mil.*y
words that start with 'm'  followed by one 'l'  and  end with 'y' or 'e',[ml].*[ye]
words that start with 'a'  and  end with 'r',a.*r
words that start with 'ais' ,ais
words that start with 'qasm',qasm
words that start with 'a'  and  end with 'p',a.*p
words that start with 'b'  followed by 'h'  and  end with 't' and followed by one or many 'a',[bh].*t.*a
words that start with 'p'  followed by 'kb'  and  end with 'z',(?:p|kb).*z
words that start with 'ch'  and  end with 'ti',ch.*ti
 two letter words that start with 's' or 'c',[sc]
words that start with 'p'  followed by 'r'  and  end with 'I',[pr].*I
words that start with 'a'  followed by 'kh'  and  end with 'r',(?:a|kh).*r
words that start with 'w' and  end with 'ol'  followed by  's' ,w.*(?:s|ol)
words that start with 'wasu' and  end with 'l',wasu.*l
words that start with 'ja'  followed by 'e' or 'I' in between,(?:e|I|ja)
two or three letter words that start with 'd'  and  end with 'e' or 'y',d.*[ey]
words that start with 'ka'  followed by  'mi' and  end with 'ab',(?:ka|mi).*ab
words that start with 'k'  followed by 'm'  and  'ya' and  end with 'b',[km].*ya.*b
words that start with 'rakh' and  end with 'e' 'y' or 'n',rakh.*[eyn]
words that start with 'sh'  followed by  'y' and  end with 'd',(?:y|sh).*d
words that start with 'shi'  and  must and  end with 'd',shi.*.*d
words that start with 'chah' and  end with 'e',chah.*e
words that start with 'chah'  and  end with 'ye',chah.*ye
words that start with 'p' and  end with 'yari',p.*yari
words  that start with 'p'  and followed by 'yare',p.*yare
words that start with 'd'  and  end with 'kh',d.*kh
words that start with 'kh'  and  end with 'wab',kh.*wab
three letter words that start with 'k' and  end with 'a',k.*a
four words that start with 'k' and  end with 'ya' ,k.*ya
three letter words that start with 'ho' and  end with 'I' or 'e',ho.*[Ie]
words that start with 'ho'  and  end with 'ii' or 'ee',ho.*(?:ii|ee)
two or three letter words that start with 'h'  and  followed by 'y' 'a' or 'e',h.*[yae]
words that start with 'shukr'  and  end with 'a',shukr.*a
words that start with 'y'  and  end with 'ni',y.*ni
words that start with 'k'  followed by  'y' and  end with 'n',[ky].*n
three or four letter words that start with 'k'  and followed by 'I' and  end with 'o',k.*I.*o
words that start with 'm'  followed by  one 'r'  and  end with 'e' or 'y',[mr].*[ey]
words that start with 'a' or 'e'  and  end with 'k',[ae].*k
words that start with 'dh'  and  end with 'nd' or 'ndh',dh.*(?:nd|ndh)
words that start with 'h'  followed by  one 'm'  and  end with 'a' 'e' or 'y',[hm].*[aey]
two or three letter words that start with 'm'  and  end with 'e' 'I' or 'y',m.*[eIy]
words that start with 'b'  and  followed by  'lk' and  end with 'l',b.*lk.*l
two or three letter words that start with 'n' and followed by 'a' 'e' or 'y',n.*[aey]
words that start with 'l' and followed by 'I' or 'e' and  end  ing with 'y' or 'e',l.*[Ie].*[ye]
words that start with 'b'  and  end with 't' ,b.*t
words that start with 'po' and  end with 'ray' or 'rey',po.*(?:ray|rey)
words that start with 'p' and  end with 're' or 'ray',p.*(?:re|ray)
three letter words that start with 'j' and  end with 'e',j.*e
 words that start with 'ja'  and  end with 'e' or 'n',ja.*[en]
four letter words that start with 'l' and followed by 'e' or 'I',l.*[eI]
words that start with 'w' or 'v'  and followed by 'ala',[wv].*ala
words that start with 'fa'  followed by 'd'  and  end with 'y' or 'a',(?:d|fa).*[ya]
words that start with 'h'  and  end with 'mara',h.*mara
words  that start with 'b' and  end with 'ri',b.*ri
words that start with 'd'  and  end with 'h' 'y' or 'n',d.*[hyn]
words that start with 'n' and  end with 'I',n.*I
words that start with 'na'  and  end with 'I',na.*I
words that start with 'sa' and  end with ' I' or 'e',sa.*(?:e| I)
words that start with 'ch'  and  end with 'lo',ch.*lo
words that start with 's'  followed by 'k'  and  end with 'n',[sk].*n
three or four words that start with 'g' and  end with 'y' or 'a',g.*[ya]
words that start with 'kar' and followed by 'e' or 'a',kar.*[ea]
words that start with 'a'  followed by 's'  and  end with 'e' or 'y',[as].*[ey]
words that start with 'p'  followed by 't'  and  'a',[pt].*a
words that start with 'h'  and followed by  'I' or 'e',h.*[Ie]
three letter words that start with 'k' and  end with 'h',k.*h
words that start with 'sh' and  end with 'k' or 'q',sh.*[kq]
words that start with m  followed by 'sna',sna
words that start with 'sha'  followed by 'r'  and  end with 'f',(?:r|sha).*f
words that start with 'ja' and  end with 'o' or 'n',ja.*[on]
words that start with 'ke' or 'ka'  followed by 'hn',(?:ke|ka|hn)
two or three letter words that start with 'se' or 'sa',(?:se|sa)
words that start with 'b'  followed by 'I' 'e' or 'h',[bIeh]
words that start with 'ga' 'gi' or 'gy',(?:ga|gi|gy)
words that start with 'h'  and  end with 'n'  followed by one vowel in between,h.*n
words that start with 'ya' and  end with 'd',ya.*d
words that start with 'n'  followed by  'z'  and  end with 'r',[nz].*r
words that start with 'w' and  end with 'se',w.*se
words that start with 'g' and  end with 'zal',g.*zal
words that start with 'a' and  end with 'ha',a.*ha
words that start with 'm' and  end with 'ra',m.*ra
four or five letter words that start with 'wad' ,wad
words that start with 't'  followed by 'yar',(?:t|yar)
words that start with 'sub'  followed by  one  'a',(?:a|sub)
words that start with 'j' and  end with' g',j.* g
words that start with 'furs' and  end with 't',furs.*t
words that start with 'd' and  end with 'oka',d.*oka
words that start with 'ma' and  end with 'z',ma.*z
words that start with 'l'  followed by 'te',(?:l|te)
words that start with 'd' and  end with 'kha',d.*kha
words that start with 's'  followed by 'are' and  end with 'f',(?:s|are).*f
words that start with 'f'  followed by 'k' and  end with 'r',[fk].*r
words that start with 'l'  followed by 'ngo',(?:l|ngo)
words that start with 'sal' and  end with 'n',sal.*n
words that start with 't and r' and  end with 'st',.*.*st
words that start with 'm'  followed by 'hm' and  end with 'n',(?:m|hm).*n
words that start with 'say' and  end with 'ni',say.*ni
words that start with 's'  followed by 'l',[sl]
words that start with 's' and  end with 'kh',s.*kh
words that start with 'f'  followed by 'k' and  end with 'ar',[fk].*ar
words that start with 'tab' and  end with 'yt' or 'yat',tab.*(?:yt|yat)
words that start with 'b'  followed by 'h'  and  end with 'n',[bh].*n
words that start with 'k'  followed by 'b'  and  end with 'r',[kb].*r
words that start with 'm' and  end with 'sni',m.*sni
words that start with 'j' and  end with 'th',j.*th
words that start with 'b'  followed by 'sh' and  end with 'k',(?:b|sh).*k
words that start with ' and ' and  end with 'r',.*.*r
words that start with 'm' and  end with 'r' with any number of  'a' in between,m.*[ra]
words that start with 'h'  followed by 'm' and  end with 'ri',[hm].*ri
words that start withn'n' and  end with 'klo',n.*klo
words that start with 't'  followed by 'mh' and  end with 'ri',(?:t|mh).*ri
words that start with 'm'  followed by  'n' and  end with 'y',[mn].*y
words that start with 'a'  followed by  'j' and  end with 'o',[aj].*o
three or four letter words  that start with 'h'  and  end with 'n' with 'a' 'o' or 'u' in between,h.*[naou]
words that start with 'g' and  end with 'li',g.*li
words that start with 'm'  followed by 'rt',(?:m|rt)
words that start with 'l'  followed by 'g'  and  't',[lg].*t
words that start with 'shuk' and  end with 'r',shuk.*r
words that start with 'k'  followed by 's'  and  end with 'so',[ks].*so
words that start with 'chah' and  end with 't',chah.*t
words that start with 'n'  followed by 'm' and  end with 'k' or 'q',[nm].*[kq]
words that start with 'kh'  and  end with 'sh',kh.*sh
words that start with 'gh'  followed by 'rel',(?:gh|rel)
words that and  end with 'fla',.*fla
words that start with 'w'  followed by 'ha',(?:w|ha)
words that start with 'r' and  end with 'hna',r.*hna
words that start with 'f'  followed by  'r' and  end with 'k' or 'q',[fr].*[kq]
words that start with 't'  followed by  'r' and  end with 'f',[tr].*f
words that start with 'bad' and  end with 'lo',bad.*lo
words that start with 'd' and  end with 'an' with 'ey' or 'eh' in between,d.*(?:an|ey|eh)
words that start with 'd' and  end with 'khao',d.*khao
words that start with 'guz' and  end with 'ro',guz.*ro
words that start with 'tumh' and  end with 'e' or 'y',tumh.*[ey]
words that start with 'pa' or 'pu' and  end with 'da',(?:pa|pu).*da
words that start with 'a' or 'e' followed by  'has',(?:a|e|has)
words that start with 'g' and  end with 'hra',g.*hra
words that start with 'pas' and  end with 'nd',pas.*nd
words that start with 'k' and  end with 'hna',k.*hna
words that start with 'zar' and  end with 'r' ,zar.*r
words that start with 'sh' and  end with 'kriya',sh.*kriya
words that start with 'h' and  end with 'so',h.*so
words that start with 'apn',apn
words that start with 'zaro' and  end with 'r',zaro.*r
words that start with 'k'  followed by  'd' and  end with 'r',[kd].*r
words that start with 'k' and  end with 'rna',k.*rna
words that start with 'b'  followed by  'h' and  end with 't',[bh].*t
words that start with 'b' and  end with 'ht',b.*ht
words that start with 'k' and  end with 'ya',k.*ya
words that start with 'par' and  end with 'o' or 'u',par.*[ou]
words that start with 'm' and  end with 'in',m.*in
words that start with 'd' and  end with 'lha',d.*lha
words that start with 'g' and  end with 'zaro',g.*zaro
words that start with 'b' and  end with 'ht',b.*ht
words that start with 'p' and  end with 're',p.*re
words that start with 'ke' and  end with 'y' or 'e',ke.*[ye]
words that start with 'ph' and  end with 'pho',ph.*pho
words that start with 'l' and  end with 'ty',l.*ty
two or three letter words that start with 'm' and  end with 'y',m.*y
words that start with 'w' and  end with 'sy',w.*sy
words that start with 'sh' and  end with 'khi',sh.*khi
words that start with 'm' and  end with 'ri',m.*ri
words that start with 'h' and  end with 'n'  followed by  'o' or 'u' or both in between,h.*[nou]
words that start with 'a' and  end with 'na',a.*na
words that start with 'de' and  end with 'na',de.*na
words that start with 'm' and  end with 'sam',m.*sam
words that start with 'ankh' and  end with 'n',ankh.*n
words that start with 'shuk' and  end with one or two 'r',shuk.*r
words that start with 'apn' and  end with 'I' or 'e',apn.*[Ie]
words that start with  't' and  end with 'ng',t.*ng
words that start with 'r' and  end with 'hi',r.*hi
words that start with 'w' and  end with 'ha',w.*ha
words that start with 'ghat' and  end with 'ya',ghat.*ya
words that start with 's'  followed by  'h' and  end with 'I' or 'e',[sh].*[Ie]
words that start with 'd' and  end with 'kh',d.*kh
words that start with 'n' and  end with 'ya',n.*ya
words that start with 'I' or 'e'  followed by  'sra',(?:I|e|sra)
words that start with 'h'  followed by  'm' and  end with 'ra',[hm].*ra
two or three letter words that start with 'q' and  end with 'o' or 'u',q.*[ou]
words that start wit 'kar' and  end with 'hi' of 'ai',kar.*(?:hi|ai)
words that start with 'n'  followed by  'ya',(?:n|ya)
words that start with 'z'  followed by  'h' and  end with 'r',[zh].*r
words that start with 'a'  followed by  'ta',(?:a|ta)
words that start with 'ba'  followed by  'ris',(?:ba|ris)
words that start with 'n' and  end with 'end' or 'ind',n.*(?:end|ind)
words that start with 'h' must and  end with 'rna',h.*rna
words that start with 'nam' and  end with 'ona' or 'una',nam.*(?:ona|una)
words that start with 'k' and  end with 'ro',k.*ro
words that start with 'as' and  end with 'l',as.*l
words that start with 'gha' and  end with 'ty',gha.*ty
words that start with 'kho' and  end with 'lti' ,kho.*lti
words that start with 'be' or 'ba' and  end with 'shk' or 'shak',(?:be|ba).*(?:shk|shak)
words that start with 'b'  followed by  'ht' and  end with 'r',(?:b|ht).*r
words that start with 'bha' and  end with 'r' followed by  't' in between,bha.*[rt]
words that start with'h' and  end with 'fazat',h.*fazat
words that start with 'zim' and  end with 'dar',zim.*dar
words that start with 'zim'  followed by  'yd' and  end with 'r',(?:zim|yd).*r
words that start with 'bat' and  end with 'e' or 'n',bat.*[en]
words that start with 'ba'  followed by  't' and  end with 'in',(?:t|ba).*in
words that start with 'sa' and  end with 'e' or 'I',sa.*[eI]
words that start with 'dar' and  end with 'sat' or 'st',dar.*(?:sat|st)
words that start with 'the' and  end with 'k',the.*k
words that start with 't' and  end with 'k  followed by  'e',t.*k  followed by  
words that start with 's' and  end with 'th',s.*th
words that start with 'z'  followed by  'r' and  end with 'ri' ,[zr].*ri
words that start with 'yak' or 'yaq' and  end with 'n',(?:yak|yaq).*n
words that start with 'l' and  end with 'kha',l.*kha
words that start with 'ko' and  end with 'I' or 'e',ko.*[Ie]
words that start with 'k' and  end with 'rta',k.*rta
words that start with 'z'  followed by  'rd' and  end with 'st',(?:z|rd).*st
words that start with 'b' and  end with 'ghair',b.*ghair
words that start with 'b'  followed by  'g' and  end with 'r',[bg].*r
words that start with 'sh'  followed by  'rka' and  end with 't',(?:sh|rka).*t
words that start with 'z'  followed by  'k' and  end with 'r',[zk].*r
three or four letter words that start with 'h' and  end with 'wa' or 'va or simply 'a',h.*(?:wa|va or simply )
words that start with 'da' or 'de' and  end with 'na',(?:da|de).*na
words that start with 'be' or 'ba' and  end with 'tha',(?:be|ba).*tha
words that start with 'de'  and  'da' and  end with 'dia',de.*da.*dia
words that start with 'm' and  end with 'dad',m.*dad
words that start with 'il' or 'el' and  end with 'm',(?:il|el).*m
words that start with 'r' and  end with 'h',r.*h
words that start with 'ch' and  end with 'e' or 'y',ch.*[ey]
words that start with 'ch' and  end with 'ye',ch.*ye
words that start with 'do' or 'du' and  end with 'a' ,(?:do|du).*a
words that start with 'am' or 'um' and  end with 'l',(?:am|um).*l
words that start with 'ki' or 'ka'  followed by  'rayo',(?:ki|ka|rayo)
words that start with 'sa'  followed by 'mn' ,(?:sa|mn)
words that start with 'ma' and  end with 'eed',ma.*eed
words that start with 'm'  followed by  'z' and  end with 'd',[mz].*d
words that start with 'lo' and  end with 'g',lo.*g
words that start with 'dost' and  end with 'n' or 'o',dost.*[no]
words that start with 'p'  followed by  'rhn' and  end with 'y',(?:p|rhn).*y
words that start with 'ka' or 'ke'  followed by  'rn' ,(?:ka|ke|rn)
words that start with 'b' and  end with 'r'  followed by  another 'r'  and  'b' in between,b.*[rr].*b
words that start with 'I' 'e' or 'a' and  end with 'afa',[Iea].*afa
words that start with 'ja' and  end with 'gy' or 'ge',ja.*(?:gy|ge)
words that start with 'ja' and  end with 'gay',ja.*gay
words that start with 'g'  followed by  'l' and  end with 'I',[gl].*I
words that start with 'ag' and  end with 'r',ag.*r
words that start with 'ta' or 'te'  followed by  'r' ,(?:r|ta|te)
words that start with 'faq' or 'fak' and  end with 'r',(?:faq|fak).*r
words that start with 'ta' and  end with 'at',ta.*at
words that start with 'ma' or 'me' and  end with 'ri',(?:ma|me).*ri
words that start with 'ma'  followed by  'nz' and  end with 'l',(?:ma|nz).*l
words that start with 'da' or de'  followed by  'kh' and  end with 'in',(?:da|  followed by  ).*in
words that start with 'w'  followed by  'k' or 'q' and  end with 't',[wkq].*t
words that start with 'khan' and  end with 'e' or 'y',khan.*[ey]
words that start with 'ja' and  end  followed by  'r' and  end with 'I' or 'e',ja.*r.*[Ie]
words that start with 'hot' ,hot
words that start with 'che' and  end with 'z' or 'x',che.*[zx]
words that start with 'a' or 'e'  and followed by 'tba',[ae].*tba
words that start with 'tuj' and  end with 'e' or 'y',tuj.*[ey]
words that start with 'ag' and  end with 'z',ag.*z
words that start with 'iqra' and  end with 'r',iqra.*r
words that start with 'ma'  followed by  'ngn' ,(?:ma|ngn)
words that start with 'da' or 'do' and  end with 'r',(?:da|do).*r
words that start with 'm'  followed by  'h'  and  'b' in between and  end with 't',[mh].*b.*t
words that start with 'm'  followed by  'hrb' and  end with 'ni',(?:m|hrb).*ni
words that start with 'meh' and  end with  'bani' ,meh.*bani
words that start with 'k'  followed by  'rt' and  end with 'y' or 'e',(?:k|rt).*[ye]
words that start with 'rah' and  end with 'e' or 'y',rah.*[ey]
words that start with 'k' or 'q'  followed by  'asr' and  end with 't',(?:k|q|asr).*t
words that start with 'ish' and  end with 'k' or 'q',ish.*[kq]
words that start with 'm'  followed by  't' and  end with 'a',[mt].*a
words that start with 'logo'  and  end with 'o' or 'n',logo.*[on]
words that start with 'muf' and  end with 't',muf.*t
words that start with 'kh'  followed by  'ya' and  end with 'l',(?:kh|ya).*l
words that start with 'o' or 'u' and  end with 'cha',[ou].*cha
words that start with 'a'  followed by  'g' and  end with 'y' or 'e',[ag].*[ye]
words that start with 'n'  followed by  'h' and  end with 'I' or 'e',[nh].*[Ie]
words that start with 'apn' and  end with 'e' or 'y',apn.*[ey]
words that start with 'w'  followed by 'p' and  end with 's',[wp].*s
words that start with 'riz' and  end with 'k' or 'q',riz.*[kq]
words that start with 'be' or 'ba'  followed by  'sh' and  end with 'k',(?:be|ba|sh).*k
words that start with 'om' or 'um' and  end with 'd',(?:om|um).*d
words that start with 'pa' or 'pe' and  end with 'sh',(?:pa|pe).*sh
words that start with 'ja' and followed by 'n' and  end with 'b',ja.*n.*b
words that start with 'muzah' and  end with 're',muzah.*re
words that  start with 'mu' or 'mo'  followed by  'zah' ,(?:mu|mo|zah)
words that  start with 'zind'  and  followed by 'g',zind.*g
words that  start with 'mah'  and  followed by 'l',mah.*l
words that  start with 'tal'  and  followed by 'k' or 'q',tal.*[kq]
words that  start with 'z'  and  followed by  'hr'  and  'l',z.*hr.*l
words that start with 'z' and followed by 'h'  and  end with 'n',z.*h.*n
words that start with 's'  and  end with  'hbat',s.*hbat
words that start with 'kh'  and  end with  'ish',kh.*ish
words that start with 'bag' or 'beg'  and  end with  'wat',(?:bag|beg).*wat
words that start with 'p'  and  end with  'sa',p.*sa
words that start with 'ikh' or 'akh'  and  end with 'aq',(?:ikh|akh).*aq
words that begin with 'p'  and  end with 'gli',p.*gli
words that start with 'khat'  and  followed by  'rna',khat.*rna
words that start with 'a' or 'o'  and  followed by  'rt' or 'rat',[ao].*(?:rt|rat)
words that start with 'kh'  and  followed by  'ch',kh.*ch
words that start with 'k' and followed by 'ab'  and  end with 's',k.*ab.*s
words that start with 'g'  and  end with 'lazat',g.*lazat
words that start with 'bh'  and  end with 'tni',bh.*tni
words that start with 'taj'  and  end with 'rba',taj.*rba
words that start with 'sh'  and  end with  'rafat',sh.*rafat
words that start with 'g'  and  end with 'leez',g.*leez
words that start with 'mes' or 'mees'  and  end with  'n',(?:mes|mees).*n
words that start with ' and h'  and  end with  'ra',.*.*ra
words that start with 'c' and followed by 'hala' or 'hla'  and  end with 'k',c.*(?:hala|hla).*k
words that start with 'gun' or 'gon'  and  end with 'h',(?:gun|gon).*h
words that start with 'h' and followed by sub  'm'  and  end with 'sha',h.*m.*sha
words that start with 'f'  and  end with  't',f.*t
words that start with 'z' and followed by sub  'h'  and  end with 'r',z.*h.*r
words that start with 'k' and followed by sub  'nz'  and  end with  'r',k.*nz.*r
words that start with 'behaya' ,behaya
words that start with 'b' and followed by sub  'tuk'  and  end with  'I',b.*tuk.*I
words that start with 'l' and followed by sub  't'  and  end with 'ra',l.*t.*ra
"words that start with 'h' and followed by sub  'k','m'  and  'r'  and  end with strng 'an'",h.*[km].*r.*an
words that start with 'd'  and  end with 'lat',d.*lat
words that start with 'haram'  and  followed by sub  'kho',haram.*kho
words that start with 'm' and followed by sub  'rda'  and  end with 'ad',m.*rda.*ad
words that start with 'g'  and  end with 'lam',g.*lam
words that start with 'zam'  and  end with 'r',zam.*r
words that start with  'a' and followed by sub  'kh'  and  end with 'rat',a.*kh.*rat
words that start with 'n' and followed by sub  'b'  and  end with 't',n.*b.*t
words that start with 'm' and followed by sub  'sm'  and  end with 'ar',m.*sm.*ar
words that start with 'baha' and followed by sub  'd'  and  end with  'r',baha.*d.*r
words that start with 't' and followed by sub  'waq'  and  end with  'o',t.*waq.*o
words that start with 'h' and followed by sub  'ras'  and  end with 'sa' or 'san',h.*ras.*(?:sa|san)
words that start with 't' and followed by sub  'r'  and  end with 's',t.*r.*s
words that start with 't' and followed by sub  'b'  and  end with 'a' or 'ah',t.*b.*(?:a|ah)
words that start with 'k' and followed by sub  'nj'  and  end with 'r',k.*nj.*r
words that start with 'g' and followed by sub  'r'  and  end with 'k' or 'q',g.*r.*[kq]
words that start with 'i' or 'e' and followed by sub  'z'  and  end with 't',[ie].*z.*t
words that start with 'l' and followed by sub  'nd'  and  end with 'a',l.*nd.*a
words that start with 'dr' and followed by sub  'po'  and  end with 'k' ,dr.*po.*k
words that start with  'a' and followed by 'bro' or 'abr',^a.*(?:bro|abr)$
words that start with  'a' and followed by 'd' and followed by  'b' end with  'bajah' or  'baja',^a.*d.*b.*(?:bajah|baja)$
words that start with  'aad' or 'ad' and followed by 'lana',^(?:aad|ad).*lana$
words that start with  'a' and followed by 'g' and end with  'ah' or 'a',^a.*g.*(?ah|a)$
words that start with  'ag' or 'aag' and end with  'hi' or 'he',^(?:ag|aag).*(?:hi|he)$
words that start with  'aag' or 'ag' and followed by 'h' and end with  'z',^aag.*ag.*h.*z$
words that start with  'ag' or 'aag' and followed by 'guft' and end with  'gu',^ag.*aag.*guft.*gu$
words that start with  'a' and followed by 'j' end at sub 'zana',^a.*j.*zana$
words that start with  'aj' or 'aaj' and followed by 'zana' and 'anda',^aj.*aaj.*zana.*anda$
words that start with 'aj' or 'aaj' and end with  'zi' or 'ze',^aj.*aaj.*zi.*ze$
words that start with  'aa' and end with  'a' or 'ah',^aa.*a.*ah$
words that start with 'al' or 'aal' and followed by 'iqtid' and end with  'ar',^al.*aal.*iqtid.*ar$
words that start with 'aal' and end with  'i' or 'e' or 'y',^aal.*i.*e.*y$
words that start with 'aal' and followed by 'himmat',^aal.*himmat$
words that start with  'aal' or 'al' and end with  'zarf',^aal.*al.*zarf$
words that start with  'aal' and end with  'm',^aal.*m$
words that start with  'aan' or 'an' and followed by 'fan' and end with  'n',^aan.*an.*fan.*n$
words that start with  'ap' or 'aap' and end with  's',^ap.*aap.*s$
words that start with  'ap' or 'aap' and end with sub 'dari',^ap.*aap.*dari$
words that start with  'aap' and followed by 'as' and 'k',^aap.*as.*k$
words that start with  'aaq' or 'aq' and end with  'l',^aaq.*aq.*l$
words that start with  'aq' or 'aaq' and followed by 'lan',^aq.*aaq.*lan$
words that start with  'ar' or 'aar' and followed by 'm s',^ar.*aar.*m s$
words that start with  'ar' or 'aar' and end with  'm',^ar.*aar.*m$
words that start with  'aar' or 'ar' and followed by 'sta',^aar.*ar.*sta$
words that start with  'aas' or 'as' and end with  'n',^aas.*as.*n$
words that start with  'a' and end with  'saish',^a.*saish$
words that start with  'aas' or 'as' and followed by 'ni' and end with  'say' or 'sy' or 'se',^aas.*as.*ni.*say.*sy.*se$
words that start with  'a' and followed by 'sh' and end with  'q',^a.*sh.*q$
words that start with  'a' and followed by 'sh' and 'q' and 'miz' or 'maz' and end with  'aj',^a.*sh.*q.*miz.*maz.*aj$
words that start with  'a' and followed by 'sh' and end with  'qana',^a.*sh.*qana$
words that start with  'a' and followed by 'sh' and end with  'qi',^a.*sh.*qi$
words that start with  'a' and followed by 'sh' and and 'k' end with  'r',^a.*sh.*k.*r$
words that start with  'a' and followed by 'sh' and and 'na' end with  'i' or 'e',^a.*sh.*na.*i.*e$
words that start with  'a' and followed by 'sma' end with  'ni',^a.*sma.*ni$
words that start with  'a' and followed by 'sh' or 'ch' end with  'a',^a.*sh.*ch.*a$
words that start with  'ach' and followed by 'm'or 'n' and 'b' and end with  'a',^ach.*m.*n.*b.*a$
words that start with  'ach' and end with  'i' or 'y' or 'e',^ach.*i.*y.*e$
words that start with  'ach' and followed by 'i' and 'd' and end with  't',^ach.*i.*d.*t$
"words that start with  'ach' and followed by 'i' and 't' and 'rh' and end with  'h' ,'n' or 'a'",^ach.*i.*t.*rh.*h.*n.*a$
words that start with  'a' and followed by 'd' and end with  'ab',^a.*d.*ab$
words that start with  'a' and followed by 'd' and end with  'l',^a.*d.*l$
words that start with  'ad' and followed by 'n' and end with  'a' or 'ah',^ad.*n.*a.*ah$
words that start with  'ad' and followed by 'r' and end with  'k',^ad.*r.*k$
words that start with  'afa' and followed by 'k' or 'q' and end with  'a',^afa.*k.*q.*a$
words that start with  'afr' and end with  'at',^afr.*at$
words that start with  'afr' and followed by 'at' and 's' and end with  'y' or 'e' ,^afr.*at.*s.*y.*e$
words that start with  'afr' and end with  'n',^afr.*n$
words that start with  'afz' and end with  'a' or 'ah',^afz.*a.*ah$
words that start with  'afz' and end with  'l',^afz.*l$
words that start with  'a' or 'e' and followed by 'h' and end with  'm',^a.*e.*h.*m$
words that start with  'a' or 'e' and followed by 'h' and 'mi' and end with  'at',^a.*e.*h.*mi.*at$
words that start with  'a' or 'e' or 'i' and followed by 'h' and 's' and end with  'an',^a.*e.*i.*h.*s.*an$
words that start with  'a' or 'e' or 'i' and followed by 'sa' and 'n m' or 'nm' and end with  'd',^a.*e.*i.*sa.*n m.*nm.*d$
words that start with  'a' or 'e' or 'i' and followed by 'sa' and 'n m' or 'nm' and end with  'di',^a.*e.*i.*sa.*n m.*nm.*di$
words that start with  'a' or 'e' and followed by 'h' and 't' and end with  'yaat' or 'yat',^a.*e.*h.*t.*yaat.*yat$
words that start with  'a' or 'e' and followed by 'h' and 't' and end with  'tan',^a.*e.*h.*t.*tan$
words that start with  'a' or 'e' or 'i' and followed by 't' and 'r' and end with  'am',^a.*e.*i.*t.*r.*am$
words that start with  'a' or 'e' or 'i' and followed by 't' and 'r' and end with  'man',^a.*e.*i.*t.*r.*man$
words that start with  'a' and followed by 'k' and end with  'a',^a.*k.*a$
words that start with  'a' or 'e' and followed by 's' and end with  'r',^a.*e.*s.*r$
words that start with  'a' and end with  'sh',^a.*sh$
words that start with  'a' and followed by 'sh' and end with  'krna' or 'karna',^a.*sh.*krna.*karna$
words that start with  'a' and followed by 'sh' and 'o' and 'ish' or 'esh' and end with  'rat' or 'rt,^a.*sh.*o.*ish.*esh.*rat$
words that start with  'a' or 'e' and followed by 'tb' and end with  'r',^a.*e.*tb.*r$
words that start with  'a' or 'e' and followed by 't' and 'm' and end with  'ad',^a.*e.*t.*m.*ad$
words that start with  'a' or 'e' and followed by 'tra' and end with  'f',^a.*e.*tra.*f$
words that start with  'a' and followed by 'j' and end with  'b',^a.*j.*b$
words that start with  'a' and followed by 'j' and end with  'r',^a.*j.*r$
words that start with  'a' and followed by 'j' and end with  'ba',^a.*j.*ba$
words that start with  'ak' and end with  'th' or 'the',^ak.*th.*the$
words that start with  'a' or 'e' and followed by 'm' and end with  'n',^a.*e.*m.*n$
words that start with  'a' or 'e' and followed by 'li' and 'maq' and end with  'am',^a.*e.*li.*maq.*am$
words that start with  'ama' and followed by 'd' and end with  'a' or 'ah',^ama.*d.*a.*ah$
words that start with  'a' and followed by 'm' and end with  'n',^a.*m.*n$
words that start with  'a' and followed by 'mana' and end with  't',^a.*mana.*t$
words that start with  'am' and followed by 'n' and 'p' and 's' and 'n' and end with  'dana',^am.*n.*p.*s.*n.*dana$
words that start with  'am' and followed by 'n' and 'p' and end with  'sandi',^am.*n.*p.*sandi$
words that start with  'ankho' and followed by 'ka ta' and end with  'ra',^ankho.*ka ta.*ra$
words that start with  'a' or 'u' and followed by 'nm' and end with  'l',^a.*u.*nm.*l$
words that start with  'a' and followed by 'p' and end with  'na',^a.*p.*na$
words that start with  'ap' and followed by 'na' and 'p' and end with  'n',^ap.*na.*p.*n$
words that start with  'a' and followed by 'q' and end with  'l',^a.*q.*l$
words that start with  'aq' and followed by 'l o'  and 'd' and end with  'nish',^aq.*l o.*d.*nish$
words that start with  'aq' and followed by 'l m'  and 'n' and end with  'dana',^aq.*l m.*n.*dana$
words that start with  'a' and followed by 'q' and end with  'l',^a.*q.*l$
words that start with  'a' or'e' or 'i' and followed by 'qrar',^a.*e.*i.*qrar$
words that start with  'a' or'e' or 'i' and followed by 'qrar' and end with  'i',^a.*e.*i.*qrar.*i$
words that start with  'a' and followed by 'r' and end with  'm',^a.*r.*m$
words that start with  'a' and followed by 'r' and 'm' and end with  'deh',^a.*r.*m.*deh$
words that start with  'a' and followed by 'ra' and 'm p' and end with  'chana',^a.*ra.*m p.*chana$
words that start with  'a' or 'i' and followed by 'r' and 'f' and end with  'a' or 'ah',^a.*i.*r.*f.*a.*ah$
words that start with  'a' and followed by 'r' and 'm' and end with  'n',^a.*r.*m.*n$
words that start with  'ar' and followed by 'z' and end with  'u' or 'o',^ar.*z.*u.*o$
words that start with  'as' and end with  'r',^as.*r$
words that start with  'as' and followed by 'r' and 'paz' and end with  'r',^as.*r.*paz.*r$
words that start with  'a' or 'i' and followed by 's' and end with  'bati',^a.*i.*s.*bati$
words that start with  'a' and followed by 'sh' and end with  'ab',^a.*sh.*ab$
words that start with  'a' and followed by 's' and end with  'li',^a.*s.*li$
words that start with  'a' or 'i' and followed by 'sm' and end with  't',^a.*i.*sm.*t$
words that start with  'as' and followed by 'd' and end with  'ah' or 'a',^as.*d.*ah.*a$
words that start with  'a' and followed by 't' and end with  'ya',^a.*t.*ya$
words that start with  'a' and followed by 't' and end with  'ya',^a.*t.*ya$
words that start with  'a' or 'o' or 'u' and followed by 'jag' and end with  'r',^a.*o.*u.*jag.*r$
words that start with  'a' and followed by 'w' and end with  'l',^a.*w.*l$
words that start with  'az' and followed by 'h' and 'd' and 'kh' and end with  'shi',^az.*h.*d.*kh.*shi$
words that start with  'a' and followed by 'z' and end with  'd',^a.*z.*d$
words that start with  'a' and followed by 'z' and end with  'di',^a.*z.*di$
words that start with  'a' and followed by 'z' and end with  'm',^a.*z.*m$
words that start with  'a' and followed by 'z' and 'm' and end with  'shan',^a.*z.*m.*shan$
words that start with  'a' and followed by 'z' and end with  'z',^a.*z.*z$
words that start with  'a' and followed by 'z' and end with  'z',^a.*z.*z$
words that start with  'a' and followed by 'z' and 'm' and end with  't',^a.*z.*m.*t$
words that start with  'azr' and followed by 'e' and 'nawaz' and end with  'ish',^azr.*e.*nawaz.*ish$
words that start with  'ba' and followed by 'd' and 'b',^ba.*d.*b$
words that start with  'ba' and followed by 'sa' and 'ni',^ba.*sa.*ni$
words that start with  'ba' and followed by 'z' and 'm' and end with  't',^ba.*z.*m.*t$
words that start with  'ba' and followed by 'b' and 'rk' or 'rq' and end with  't',^ba.*b.*rk.*rq.*t$
words that start with  'ba' and followed by 'kh' and end with  'laq',^ba.*kh.*laq$
words that start with  'ba' and followed by 'gh' and 'r',^ba.*gh.*r$
words that start with  'ba' and followed by 'h' and 'y' and end with  'a',^ba.*h.*y.*a$
words that start with  'ba' and followed by 'h' and 's' and end with  'at',^ba.*h.*s.*at$
words that start with  'ba' and followed by 'him' and end with  't',^ba.*him.*t$
words that start with  'ba' and followed by 'i' or 'e' and 'l' and end with  'm',^ba.*i.*e.*l.*m$
words that start with  'ba' and followed by 'k' and 'm' and end with  'l',^ba.*k.*m.*l$
words that start with  'ba' and followed by 'k' and 's' and end with  'rat',^ba.*k.*s.*rat$
words that start with  'ba' and followed by 'kh' and 'b' and end with  'r',^ba.*kh.*b.*r$
words that start with  'ba' and followed by 'khab' and end with  'ri' or 're',^ba.*khab.*ri.*re$
words that start with  'ba' and followed by 'kird' and end with  'r',^ba.*kird.*r$
words that start with  'ba' and followed by 'ma' and end with  'ni',^ba.*ma.*ni$
words that start with  'ba' and followed by 'm' and 'qs' and end with  'd',^ba.*m.*qs.*d$
words that start with  'ba' and followed by 'm' and 'r' and end with  'd',^ba.*m.*r.*d$
words that start with  'ba' and followed by 'nas' and end with  'b',^ba.*nas.*b$
words that start with  'ba' and followed by 'tart' and end with  'b',^ba.*tart.*b$
words that start with  'ba' and followed by 'as' and end with  'l',^ba.*as.*l$
words that start with  'ba' and followed by 'waq' and end with  'r',^ba.*waq.*r$
words that start with  'ba' and followed by 'sala' and end with  'hiyat',^ba.*sala.*hiyat$
words that start with  'ba' and followed by 'tr' and 'q' and 'ahs' and end with  'n',^ba.*tr.*q.*ahs.*n$
words that start with  'ba' and followed by 'd' and 'sab' and 'ahs' and end with  'a',^ba.*d.*sab.*ahs.*a$
words that start with  'ba'  and end with  'g' or 'gh',^ba.*g.*gh$
words that start with  'ba' and followed by 'g' and 'riz' and end with  'n',^ba.*g.*riz.*n$
words that start with  'ba' and followed by 'ch' and end with  't',^ba.*ch.*t$
words that start with  'ba' and followed by 'r' or 'd' and end with  'i',^ba.*r.*d.*i$
words that start with  'bad' and followed by 'la',^bad.*la$
words that start with  'bad' and followed by 'sh' and end with  'hi',^bad.*sh.*hi$
words that start with  'bah sah' and end with  'lat',^bah sah.*lat$
words that start with  'ba' and followed by 'ha' and end with  'al',^ba.*ha.*al$
words that start with  'ba' and followed by 'ha' and 'd' and end with  'r',^ba.*ha.*d.*r$
words that start with  'ba' and followed by 'ha' and 'd' and end with  'ri' or 're',^ba.*ha.*d.*ri.*re$
words that start with  'baham' and followed by 'it'  and end with  'faq',^baham.*it.*faq$
words that start with  'bah' and followed by 'sh' and end with  't',^bah.*sh.*t$
words that start with  'ba' and followed by 'ja' and 'l' and end with  'ana',^ba.*ja.*l.*ana$
words that start with  'ba' and followed by 'kh' and end with  'r',^ba.*kh.*r$
words that start with  'bakh' and followed by 'r o' and 'kh' and end with  'bi',^bakh.*r o.*kh.*bi$
words that start with  'ba' and followed by 'kh' and end with  'bi',^ba.*kh.*bi$
words that start with  'b' and followed by 'k' and 'sh' and end with  'sh',^b.*k.*sh.*sh$
words that start with  'b' and followed by 'k' and 'sh' and end with  'na',^b.*k.*sh.*na$
words that start with  'ba' and followed by 'la' or 'd' and end with  'sti',^ba.*la.*d.*sti$
words that start with  'ba' and followed by 'la' and 't' and end with  'r',^ba.*la.*t.*r$
words that start with  'ba' and followed by 'l' and end with  'gh',^ba.*l.*gh$
words that start with  'b' and followed by 'nda' and 'pr' or 'par' and 'w' and end with  'r',^b.*nda.*pr.*par.*w.*r$
words that start with  'ba' and followed by 'k' or 'q' and end with  'da',^ba.*k.*q.*da$
words that start with  'baqa' and followed by 'd' and end with  'gi',^baqa.*d.*gi$
words that start with  'b' and followed by 'r' and 'm' and 'h' and end with  'l',^b.*r.*m.*h.*l$
words that start with  'b' and followed by 'r w' and 'q' or 'k' and end with  't',^b.*r w.*q.*k.*t$
words that start with  'b' and followed by 'r' and 'd' and end with  'a',^b.*r.*d.*a$
words that start with  'b' and followed by 'r' and 'aad' or 'ad' and end with  'mi',^b.*r.*aad.*ad.*mi$
words that start with  'b' and followed by 'r' and 'd' and end with  'l',^b.*r.*d.*l$
words that start with  'b' and followed by 'r' and 'k' and end with  'm',^b.*r.*k.*m$
words that start with  'b' and followed by 'rab' and end with  'r',^b.*rab.*r$
words that start with  'b' and followed by 'rab' and end with  're' or 'ri',^b.*rab.*re.*ri$
words that start with  'b' and followed by 'r' and end with  'dr' or 'dar',^b.*r.*dr.*dar$
words that start with  'b' and followed by 'r' and 'd' and end with  'ana',^b.*r.*d.*ana$
words that start with  'b' and followed by 'rah'  and 'k'  and 'r' and end with  'm',^b.*rah.*k.*r.*m$
words that start with  'b' and followed by 'r' and 'd' and end with  'i',^b.*r.*d.*i$
words that start with  'b' and followed by 'rd' or 'rad' and end with  'sht',^b.*rd.*rad.*sht$
words that start with  'b' and followed by 'r' and 'e' or 'i' and end with  'k',^b.*r.*e.*i.*k$
words that start with  'b' and followed by 'r' and 'j' and end with  'na',^b.*r.*j.*na$
words that start with  'b' and followed by 'r' or 'd'  and 'ho' or 'hu'  and end with  'a',^b.*r.*d.*ho.*hu.*a$
words that start with  'b' and followed by 'r' or 'd' and end with  'ana',^b.*r.*d.*ana$
words that start with  'b' and followed by 'r' or 'd' and 'n' and 'k' and end with  'kabil' or 'qabil',^b.*r.*d.*n.*k.*kabil.*qabil$
words that start with  'b' and followed by 'rk' or 'rq' and end with  't',^b.*rk.*rq.*t$
words that start with  'b' and followed by 'rt' and end with  'r',^b.*rt.*r$
words that start with  'b' and followed by 'rt' and end with  'ri' or 're',^b.*rt.*ri.*re$
words that start with  'b' and followed by 's' and end with  'rat',^b.*s.*rat$
words that start with  'b' and followed by 'sh' and end with  'sh',^b.*sh.*sh$
words that start with  'b' and followed by 'w' and end with  'fa',^b.*w.*fa$
words that start with  'b' and followed by 'ai' and end with  'b',^b.*ai.*b$
words that start with  'b' and followed by 'ai' and end with  'bi' or 'be',^b.*ai.*bi.*be$
words that start with  'b' and followed by 'an' and end with  'daza',^b.*an.*daza$
words that start with  'b' and followed by 'b' and end with  'ak',^b.*b.*ak$
words that start with  'b' and followed by 'b' and end with  'aq',^b.*b.*aq$
words that start with  'b' and followed by 'd' and end with  'gh',^b.*d.*gh$
words that start with  'b' and followed by 'd' and end with  'r',^b.*d.*r$
words that start with  'b' and followed by 'g' and 'r' and end with  'z',^b.*g.*r.*z$
words that start with  'b' and followed by 'g' and 'n' and end with  'h',^b.*g.*n.*h$
words that start with  'b' and followed by 'h' and end with  'd' or 'dh',^b.*h.*d.*dh$
words that start with  'b' and followed by 'had' and  'k' and end with  'shi',^b.*had.*k.*shi$
words that start with  'b' and followed by 'h' and 's' and end with  'ab',^b.*h.*s.*ab$
words that start with  'b' and followed by 'h' and 'd' and  'ko' and end with  'shish',^b.*h.*d.*ko.*shish$
words that start with  'b' and followed by 'int' and end with  'ha',^b.*int.*ha$
words that start with  'b' and followed by 'j' and end with  'rm' or 'ram',^b.*j.*rm.*ram$
words that start with  'b' and followed by 'kh' and end with  'ti',^b.*kh.*ti$
words that start with  'b' and followed by 'kh' and end with  'ta',^b.*kh.*ta$
words that start with  'b' and followed by 'kh' and end with  'tar' or 'ter' or 'tr',^b.*kh.*tar.*ter.*tr$
words that start with  'b' and followed by 'kh' and end with  'f',^b.*kh.*f$
words that start with  'b' and followed by 'kh' and 'f' and 'o' and end with  'r',^b.*kh.*f.*o.*r$
words that start with  'b' and followed by 'l' and end with  'ag',^b.*l.*ag$
words that start with  'b' and followed by 'm' and end with  'l',^b.*m.*l$
words that start with  'b' and followed by 'm' and 'z' and end with  'rat' or 'rt',^b.*m.*z.*rat.*rt$
words that start with  'b' and followed by 'n' and end with  'wa',^b.*n.*wa$
words that start with  'b' and followed by 'q' and end with  'aid',^b.*q.*aid$
words that start with  'b' and followed by 'sh' and end with  'k',^b.*sh.*k$
words that start with  'b' and followed by 't' and end with  'kaluf',^b.*t.*kaluf$
words that start with  'b' and followed by 't' and end with  'kalufi',^b.*t.*kalufi$
words that start with  'b' and followed by 'z' and end with  'rar',^b.*z.*rar$
words that start with  'b' and followed by 'd' and 'q' and end with  't',^b.*d.*q.*t$
words that start with  'b' and followed by 'f' and 'k' and end with  'r',^b.*f.*k.*r$
words that start with  'b' and followed by 'g' and 'n' and end with  'hi' or 'he',^b.*g.*n.*hi.*he$
words that start with  'b' and followed by 'h' and end with  'd',^b.*h.*d$
words that start with  'b' and followed by 'mis' and end with  'al',^b.*mis.*al$
words that start with  'b' and followed by 'n' and end with  'zeer' or 'zir',^b.*n.*zeer.*zir$
words that start with  'b' and followed by 'p' and end with  'rwa',^b.*p.*rwa$
words that start with  'b' and followed by 'qaid' and 'o' and end with  'nd',^b.*qaid.*o.*nd$
words that start with  'b' and followed by 'k' or 'q' and end with  'soor',^b.*k.*q.*soor$
words that start with  'b' and followed by 'shub',^b.*shub$
words that start with  'b' and followed by 'd' and end with  'ar',^b.*d.*ar$
words that start with  'b' and followed by 'd' and end with  'ari',^b.*d.*ari$
words that start with  'b' and followed by 'hra' and 'm' and end with  'nd',^b.*hra.*m.*nd$
words that start with  'b' and followed by 'hra' and 'm' and end with  'ndi',^b.*hra.*m.*ndi$
words that start with  'b' and followed by 'h' and 't' and end with  'r',^b.*h.*t.*r$
words that start with  'b' and followed by 'h' and 't' and 'r' and end with  'nana',^b.*h.*t.*r.*nana$
words that start with  'b' and followed by 'h' and 't' and 'r' and end with  'ona',^b.*h.*t.*r.*ona$
words that start with  'b' and followed by 't' and 'r' and 'karkar' and end with  'dgi' or 'dagi',^b.*t.*r.*karkar.*dgi.*dagi$
words that start with  'b' and followed by 't' and 'r' and 't' and 'r' and 'q',^b.*t.*r.*t.*r.*q$
words that start with  'b' and followed by 'h' and 't' and 'r' and end with  'n',^b.*h.*t.*r.*n$
words that start with  'b' and followed by 'h' and 't' and 'r' and end with  'i' or 'e',^b.*h.*t.*r.*i.*e$
words that start with  'besh' and followed by 'b' and 'ha',^besh.*b.*ha$
words that start with  'besh' and followed by 'q' and 'm' and end with  't',^besh.*q.*m.*t$
words that start with  'besh' and followed by 'q' and 'm' and end with  'ti',^besh.*q.*m.*ti$
words that start with  'bha' and followed by 'l' and end with  'a',^bha.*l.*a$
words that start with  'bha' and followed by 'l' and end with  'a',^bha.*l.*a$
words that start with  'bha' and followed by 'r' and end with  'i' or 'e' or 'y',^bha.*r.*i.*e.*y$
words that start with  'bha' and followed by 'la' and end with  'i' or 'e' or 'y',^bha.*la.*i.*e.*y$
words that start with  'bhar' or 'bar' and followed by 'p' and end with  'r',^bhar.*bar.*p.*r$
words that start with  'b' and followed by 'r' and 'k' and end with  'la',^b.*r.*k.*la$
words that start with  'bha' and followed by 'ro' and 's' and end with  'e' or 'i',^bha.*ro.*s.*e.*i$
words that start with  'bhar' or 'bar' and followed by 's' and end with  'a',^bhar.*bar.*s.*a$
words that start with  'bhar' and followed by 'p' and end with  'r',^bhar.*p.*r$
words that start with  'bh' and followed by 'o' or 'u' and end with  'la' or 'lah',^bh.*o.*u.*la.*lah$
words that start with  'bh' and followed by 'o' or 'u' and end with  'li' or 'le',^bh.*o.*u.*li.*le$
words that start with  'bho' and followed by 'bha' and end with  'la',^bho.*bha.*la$
words that start with  'bho' and followed by 'bha' and end with  'li' or 'le',^bho.*bha.*li.*le$
words that start with  'bh' and followed by 'o' or 'u' and end with  'la' or 'lah',^bh.*o.*u.*la.*lah$
words that start with  'bila' and followed by 'f' and end with  'rk',^bila.*f.*rk$
words that start with  'bila' and followed by 'h' and 'j' and end with  't',^bila.*h.*j.*t$
words that start with  'bila' and followed by 'kh' and 'f' and 'khat' or 'kht',^bila.*kh.*f.*khat.*kht$
words that start with  'bila' and followed by 'm' and 'kh' and end with  'za',^bila.*m.*kh.*za$
words that start with  'bila' and followed by 'n' and 'k' and end with  's',^bila.*n.*k.*s$
words that start with  'bila' and followed by 'sh' and 'b',^bila.*sh.*b$
words that start with  'bila' and followed by 't' and 'fr' and end with  'k' or 'q',^bila.*t.*fr.*k.*q$
words that start with  'bila' and followed by 'tar' and 'fd' and end with  'ri' or 'ry',^bila.*tar.*fd.*ri.*ry$
words that start with  'bila' and followed by 'taw' and 'k' and end with  'f,^bila.*taw.*k$
words that start with  'b' and followed by 'l' and 'k' and end with  'l',^b.*l.*k.*l$
words that start with  'b' and followed by 'h' and end with  't',^b.*h.*t$
words that start with  'b' and followed by 'h' and 't' and 'kh' and end with  'ob or 'ub'',^b.*h.*t.*kh.*ob or .*$
words that start with  'boh' and followed by 'z' and 'ada' and 'shan' and end with  'dar' or 'daar',^boh.*z.*ada.*shan.*dar.*daar$
words that start with  'b' and followed by 'h' and 't' and end with  'd',^b.*h.*t.*d$
words that start with  'b' and followed by 'd' and end with  'ya',^b.*d.*ya$
words that start with  'b' and followed by 'l' and 'n' and end with  'd',^b.*l.*n.*d$
words that start with  'b' and followed by 'l' and 'nd' and 'hosl' and end with  'gi',^b.*l.*nd.*hosl.*gi$
words that start with  'b' and followed by 'l' and 'nd' and end with  'tar',^b.*l.*nd.*tar$
words that start with  'b' and followed by 'l' and 'nd' and end with  'shaan',^b.*l.*nd.*shaan$
words that start with  'b' and followed by 'l' and 'n' and end with  'di',^b.*l.*n.*di$
words that start with  'b' and followed by 'n' and 'ya' and end with  'di' or 'de',^b.*n.*ya.*di.*de$
words that start with  'b' and followed by 'r' and 'b' and end with  'd',^b.*r.*b.*d$
words that start with  'b' and followed by 'r' and 'b' and end with  'di',^b.*r.*b.*di$
words that start with  'b' and followed by 'z' and 'r' and end with  'g',^b.*z.*r.*g$
words that start with  'b' and followed by 'z' and 'r' and end with  'gana',^b.*z.*r.*gana$
words that start with  'b' and followed by 'z' and 'r' and end with  'gi',^b.*z.*r.*gi$
words that start with  'ch' and followed by 'k o ch' or 'koch' and end with  'nd',^ch.*k o ch.*koch.*nd$
words that start with  'cha' and followed by 's' and end with  'ni',^cha.*s.*ni$
words that start with  'chab' and followed by 'kd' and end with  'st',^chab.*kd.*st$
words that start with  'ch' and followed by 'h' and end with  't',^ch.*h.*t$
words that start with  'ch' and followed by 'i' or 'y' and end with  'n',^ch.*i.*y.*n$
words that start with  'ch' and followed by 'l' and end with  'k',^ch.*l.*k$
words that start with  'ch' and followed by 'l' and end with  'ki',^ch.*l.*ki$
words that start with  'ch' and followed by 'm' and end with  'k',^ch.*m.*k$
words that start with  'ch' and followed by 'k' and end with  'la',^ch.*k.*la$
words that start with  'ch' and followed by 'n' and end with  'dah' or 'da',^ch.*n.*dah.*da$
words that start with  'ch' and followed by 'pl' and end with  'si',^ch.*pl.*si$
words that start with  'ch' and followed by 'r' and end with  'cha',^ch.*r.*cha$
words that start with  'ch' and followed by 'tk' and end with  'ra',^ch.*tk.*ra$
words that start with  'ch' and followed by 'k' and end with  'na',^ch.*k.*na$
words that start with  'ch' and followed by 'k' and end with  's',^ch.*k.*s$
words that start with  'da' and followed by 'w' and end with  'a' or 'i' or 'e',^da.*w.*a.*i.*e$
words that start with  'd' and followed by 'n' and end with  'g',^d.*n.*g$
words that start with  'd' and followed by 'rkh and end with  'st',^d.*rkh and end with  $
words that start with  'd' and followed by 'r' and end with  'dil',^d.*r.*dil$
words that start with  'd' and followed by 'stg' and end with  'ir' or 'er',^d.*stg.*ir.*er$
words that start with  'd' and followed by 'ya' and end with  'nat',^d.*ya.*nat$
words that start with  'd' and followed by 'da' and end with  'r',^d.*da.*r$
words that start with  'd' and followed by 'n' and 'd' and end with  'ar',^d.*n.*d.*ar$
words that start with  'd' and followed by 'rkh' and ''sh' and end with  'nda' or 'dah',^d.*rkh.*.* and end with  .* or $
words that start with  'd' and followed by 'v' or 'w' and end with  'ta',^d.*v.*w.*ta$
words that start with  'dil' and followed by 'far' and end with  'b',^dil.*far.*b$
words that start with  'dil' and followed by 'far' and end with  'bi',^dil.*far.*bi$
words that start with  'dil' and followed by 'nash' and end with  'n',^dil.*nash.*n$
words that start with  'dil' and followed by 'p' and end with  'nd',^dil.*p.*nd$
words that start with  'd' and followed by 'l' and end with  'r',^d.*l.*r$
words that start with  'd' and followed by 'lch' and end with  'sp',^d.*lch.*sp$
words that start with  'dil' and followed by 'paz' and end with  'r',^dil.*paz.*r$
words that start with  'd' and followed by 'l' and end with  'ri',^d.*l.*ri$
words that start with  'd' and followed by 'bar' and end with  'a',^d.*bar.*a$
words that start with  'd' and followed by 'r' or 'and' and end with  'sh',^d.*r.*and.*sh$
words that start with  'd' and followed by 'r' or 'and' and end with  'shi',^d.*r.*and.*shi$
words that start with  'd' and followed by 'u' or 'a' or 'w' and end with  'a',^d.*u.*a.*w.*a$
words that start with  'd' and followed by 'r' and end with  'st',^d.*r.*st$
words that start with  'd' and followed by 'r' and end with  'sti',^d.*r.*sti$
words that start with  'e' or 'i' or 'a' and followed by 'jaz',^e.*i.*a.*jaz$
words that start with  'e' or 'i' or 'a' and followed by 'jad',^e.*i.*a.*jad$
words that start with  'e' or 'i' or 'a' and followed by 'jadi',^e.*i.*a.*jadi$
words that start with  'f' and followed by 'd' and end with  'a',^f.*d.*a$
words that start with  'fa' and followed by 'kh' and 'r' and end with  'ya' or 'ia',^fa.*kh.*r.*ya.*ia$
words that start with  'fa' and followed by 'kh' and end with  'r',^fa.*kh.*r$
words that start with  'fas' and followed by 'h',^fas.*h$
words that start with  'fat' and followed by 'h',^fat.*h$
words that start with  'fat' and followed by 'mand',^fat.*mand$
words that start with  'f' and followed by 'y' or 'i' and end with  'z',^f.*y.*i.*z$
words that start with  'f' and followed by 'h' and end with  'm',^f.*h.*m$
words that start with  'f' and followed by 'ras' and end with  'at',^f.*ras.*at$
words that start with  'fo' and followed by 'r' and end with  'i',^fo.*r.*i$
words that start with  'fo' and followed by 'r' and end with  'n',^fo.*r.*n$
words that start with  'f' and followed by 'tu' or 'to' and end with  'at',^f.*tu.*to.*at$
words that start with  'g' and followed by 'r' and 'm' and end with  'joshi',^g.*r.*m.*joshi$
words that start with  'g' and followed by 'r' and 'm' and end with  'joshi',^g.*r.*m.*joshi$
words that start with  'g' and followed by 'rw' and end with  'da' or 'dah',^g.*rw.*da.*dah$
words that start with  'g' and followed by 'v' and end with  'ra' or 'rah',^g.*v.*ra.*rah$
words that start with  'g' and followed by 'hr' and end with  'a',^g.*hr.*a$
words that start with  'g' and followed by 'hr' and end with  'i',^g.*hr.*i$
words that start with  'g' and followed by 'hra' and end with  'i' or 'e',^g.*hra.*i.*e$
words that start with  'g' and followed by 'hra' and end with  'dost',^g.*hra.*dost$
words that start with  'g' and followed by 'hri' and end with  'dost'i,^g.*hri.*dost$
words that start with  'gh' and followed by 'r mash' and end with  't',^gh.*r mash.*t$
words that start with  'gha' and followed by 'm' and end with  'dood' or 'dud',^gha.*m.*dood.*dud$
words that start with  'g' and followed by 'muta' and end with  'sib',^g.*muta.*sib$
words that start with  'gham' and followed by 'kh' and end with  'ri',^gham.*kh.*ri$
words that start with  'g' and followed by 'n' and end with  'i',^g.*n.*i$
words that start with  'g' and followed by 'z' and end with  'i',^g.*z.*i$
words that start with  'ghay' and end with  'r',^ghay.*r$
words that start with  'gh' and followed by 'o' or 'u' and end with  'r',^gh.*o.*u.*r$
words that start with  'g' and followed by 'r' and 'fik' end with  'r',^g.*r.*fik.*r$
words that start with  'g' and followed by 'n' and end with  'j' or 'jh',^g.*n.*j.*jh$
words that start with  'g' and followed by 'n' and 'j' and end with  'dar',^g.*n.*j.*dar$
words that start with  'gul' and followed by 'u' and end with  'l',^gul.*u.*l$
words that start with  'gul' and followed by 'r' and end with  'ng',^gul.*r.*ng$
words that start with  'gul' and followed by 'r' and end with  'z',^gul.*r.*z$
words that start with  'gu' and followed by 'lf' and end with  'am',^gu.*lf.*am$
words that start with  'gu' and followed by 'm' and end with  'n',^gu.*m.*n$
words that start with  'ha' and followed by 's' and end with  'l',^ha.*s.*l$
words that start with  'h' and followed by 'z' and end with  'r',^h.*z.*r$
words that start with  'ha' and followed by 'z' and 'r dim' or 'r dm' or 'r dam' and end with  'g' or 'gh',^ha.*z.*r dim.*r dm.*r dam.*g.*gh$
words that start with  'ha' and followed by 'z' and 'r dim' or 'r dm' or 'r dam' and end with  'ghi' or 'gi',^ha.*z.*r dim.*r dm.*r dam.*ghi.*gi$
words that start with  'ha' and followed by 'z' and 'r jaw' or 'r jw' and end with  'ab',^ha.*z.*r jaw.*r jw.*ab$
words that start with  'ha' and followed by 'z' and 'r jaw' or 'r jw' and end with  'abi',^ha.*z.*r jaw.*r jw.*abi$
words that start with  'hak' and followed by 'bak' ,^hak.*bak$
words that start with  'ha' and followed by 'lat e' and 's' and end with  'kun' or 'koon' ,^ha.*lat e.*s.*kun.*koon$
words that start with  'ham' and followed by 'ya' and end with  'ti' ,^ham.*ya.*ti$
words that start with  'h' and followed by 'm' and end with  'd' ,^h.*m.*d$
words that start with  'ham' or 'hm' or 'hum' and followed by 'd o s' and end with  'na' ,^ham.*hm.*hum.*d o s.*na$
words that start with  'h' and followed by 'md' and end with  'rd' ,^h.*md.*rd$
words that start with  'h' and followed by 'm' and 'v' or 'w' and end with  'r' ,^h.*m.*v.*w.*r$
words that start with  'h' and followed by 's' and 'n' and end with  'a' ,^h.*s.*n.*a$
words that start with  'ha' and followed by 'sa' and 'n' and end with  'a' ,^ha.*sa.*n.*a$
words that start with  'han' and followed by 's'  and end with  'i' ,^han.*s.*i$
words that start with  'h' and end with  'k' or 'q' ,^h.*k.*q$
words that start with  'h' and end with  'k' or 'q'  and end with  'go' or 'gu',^h.*k.*q.*go.*gu$
words that start with  'h' and end with  'k' or 'q'  and 'par' and end with  'st',^h.*k.*q.*par.*st$
words that start with  'h' and end with  'k' or 'q'  and 'par' and end with  'sti',^h.*k.*q.*par.*sti$
words that start with  'h' and end with  'k' or 'q'  and 'par m' or 'per m' and end with  'bni',^h.*k.*q.*par m.*per m.*bni$
words that start with  'h' and end with  'k' or 'q'  and 'yaf' and end with  'ta',^h.*k.*q.*yaf.*ta$
words that start with  'h' and end with   'q'  and 'iq' or 'eq' and end with  't',^h.*q.*iq.*eq.*t$
words that start with  'h' and end with   'q'  and 'iq' or 'eq' and end with  'i',^h.*q.*iq.*eq.*i$
words that start with  'har' and end with   'dil'  and 'az' and end with  'z',^har.*dil.*az.*z$
words that start with  'hasb' and followed by ' e ' and end with  'hish',^hasb.* e .*hish$
words that start with  'has' and followed by 'e' and end with  'n',^has.*e.*n$
words that start with  'h' and followed by 'ash' and 'b' and end with  'ash',^h.*ash.*b.*ash$
words that start with  'h' and followed by and end with  's',^h.*s$
words that start with  'h' and followed by 'sl' and end with  'wala',^h.*sl.*wala$
words that start with  'haya' and followed by 't e n' and end with  'u' or 'o',^haya.*t e n.*u.*o$
words that start with  'he' and followed by 'r' and end with  'a',^he.*r.*a$
words that start with  'h' and followed by 'ra' and end with  'n',^h.*ra.*n$
words that start with  'h' and followed by 'rat ang' and end with  'z',^h.*rat ang.*z$
words that start with  'h' and followed by 'rat za' and end with  'da' or 'dah',^h.*rat za.*da.*dah$
words that start with  'h' and followed by 'day' and end with  'at',^h.*day.*at$
words that start with  'h' and followed by 'faz' and end with  't',^h.*faz.*t$
words that start with  'h' and end with  'jab' or 'jaab',^h.*jab.*jaab$
words that start with  'h' and followed by 'la' and 'm' and end with  'la',^h.*la.*m.*la$
words that start with  'h' and followed by 'maya' and end with  't',^h.*maya.*t$
words that start with  'h' and followed by 'm' and end with  'yati',^h.*m.*yati$
words that start with  'h' and followed by 'm' and end with  't',^h.*m.*t$
words that start with  'him' and followed by 'at' and 'wala',^him.*at.*wala$
words that start with  'h' and followed by 'ba' and end with  'ho' or 'hu',^h.*ba.*ho.*hu$
words that start with  'h' and followed by 'naha' and end with  'r',^h.*naha.*r$
words that start with  'ho' or 'hu' and followed by 'sh' and end with  'ar',^ho.*hu.*sh.*ar$
words that start with  'h' and followed by 'sh' and end with  'ari',^h.*sh.*ari$
words that start with  'h' and followed by 's' and end with  'la',^h.*s.*la$
words that start with  'h' and followed by 'km' and end with  'i',^h.*km.*i$
words that start with  'huk' and followed by 'm' and end with  'ena',^huk.*m.*ena$
words that start with  'hum' and followed by 'ahan' and end with  'g',^hum.*ahan.*g$
words that start with  'hum' and followed by 'ahan' and end with  'gi',^hum.*ahan.*gi$
words that start with  'h' and followed by 'md' or 'm d' and end with  'rd',^h.*md.*m d.*rd$
words that start with  'h' and followed by 'mr' and end with  'z',^h.*mr.*z$
words that start with  'h' and followed by 'n' and end with  'r',^h.*n.*r$
words that start with  'h' and followed by 'nr' and end with  'mand',^h.*nr.*mand$
words that start with  'h' and followed by 'nr m' or 'nrm' and end with  'ndana',^h.*nr m.*nrm.*ndana$
words that start with  'h' and followed by 'rm' and end with  't',^h.*rm.*t$
words that start with  'husn' or 'husan' and followed by 'khidm' and end with  't',^husn.*husan.*khidm.*t$
words that start with  'h' and followed by 's' and end with  'n',^h.*s.*n$
words that start with  'h' and followed by 's' and end with  'l',^h.*s.*l$
words that start with  'h' and followed by 'l e m' and end with  'qsad',^h.*l e m.*qsad$
words that start with  'h' and followed by 'z' and end with  'r',^h.*z.*r$
words that start with  'h' and followed by 'r w' and end with  'ala',^h.*r w.*ala$
words that start with  'i' or 'e' and followed by 'bt' and end with  'da',^i.*e.*bt.*da$
words that start with  'i' or 'a' or 'e' and followed by 'dr' and end with  'ak',^i.*a.*e.*dr.*ak$
words that start with  'i' or 'e' and followed by 'j' and end with  'd',^i.*e.*j.*d$
words that start with  'i' or 'a' and followed by 'khlaq' and end with  'i',^i.*a.*khlaq.*i$
words that start with  'i' or 'a' and followed by 'khlaq' and end with  'at',^i.*a.*khlaq.*at$
words that start with  'in' or 'an' or 'en' and end with  'at',^in.*an.*en.*at$
words that start with  'ink' and followed by 'sa' and end with  're' or 'ri',^ink.*sa.*re.*ri$
words that start with  'ink' and followed by 'sh' and end with  'f',^ink.*sh.*f$
words that start with  'inq' and followed by 'lab' and end with  'i' or 'e',^inq.*lab.*i.*e$
words that start with  'insa' and followed by 'niy' and end with  't',^insa.*niy.*t$
words that start with  'int' and followed by 'ha' and end with  'e' or 'i',^int.*ha.*e.*i$
words that start with  'iqti' and followed by 'dar' and end with  'ala',^iqti.*dar.*ala$
words that start with  'i' and followed by 'sla' and end with  'h',^i.*sla.*h$
words that start with  'i' and followed by 'sla' and 'k' and end with  'rna',^i.*sla.*k.*rna$
words that start with  'i' and followed by 'sla' and end with  'hi' or 'he',^i.*sla.*hi.*he$
words that start with  'ist' and followed by 'qb' and end with  'l',^ist.*qb.*l$
words that start with  'i' or 'a' or 'e' and followed by 'ta' and end with  't',^i.*a.*e.*ta.*t$
words that start with  'it' and followed by 'h' and end with  'd',^it.*h.*d$
words that start with  'itm' and followed by 'n' and end with  'an',^itm.*n.*an$
words that start with  'it' and followed by 'f' and end with  'q',^it.*f.*q$
words that start with  'i' or 'a' and followed by 'z' and end with  'fa',^i.*a.*z.*fa$
words that start with  'i' and followed by 'z' and end with  't',^i.*z.*t$
words that start with  'iz' and followed by 't afz' and end with  'i' or 'e',^iz.*t afz.*i.*e$
words that start with  'ja' and followed by 'n f' and end with  'shani',^ja.*n f.*shani$
words that start with  'ja' and followed by 'zib' and 'naz' or 'nz' and 'nand end with  'r',^ja.*zib.*naz.*nz.*nand end with  $
words that start with  'j' and followed by 'i' or 'y' and end with  'z',^j.*i.*y.*z$
words that start with  'jal' and followed by 'al' and 'qad' and end with  'r',^jal.*al.*qad.*r$
words that start with  'j' and followed by 'n' and 'b' and end with  'ala',^j.*n.*b.*ala$
words that start with  'j' and followed by 'nash' and end with  'n',^j.*nash.*n$
words that start with  'j' and followed by 'sh' and end with  'n',^j.*sh.*n$
words that start with  'j' and followed by 'y' or 'i' and end with  'la',^j.*y.*i.*la$
words that start with  'jaz' and followed by 'b n' or 'bn' and end with  'r',^jaz.*b n.*bn.*r$
words that start with  'j' and followed by 'h' and end with  'r',^j.*h.*r$
words that start with  'j' and followed by 'no' or 'nu' and end with  'n',^j.*no.*nu.*n$
words that start with  'j' and followed by 'z' and end with  'a',^j.*z.*a$
words that start with 'kh' and followed by 'bs' and end with  'rat',^kh.*bs.*rat$
words that start with  'kam' and followed by 'i' or 'y' and end with  'b',^kam.*i.*y.*b$
words that start with  'kam' and followed by 'i' or 'y' and end with  'bi',^kam.*i.*y.*bi$
words that start with  'kh' and followed by 'l' and end with  's',^kh.*l.*s$
words that start with  'kh' and end with  'sh',^kh.*sh$
words that start with  'khu' and followed by 'sh',^khu.*sh$
words that start with  'kh' and end with  'ish',^kh.*ish$
words that start with  'm' and contain substrig 'hf' and end with  'z',^m.*hf.*z$
words that start with  'malk' and followed by 't' and end with  'i',^malk.*t.*i$
words that start with  'mam' and followed by 'o' or 'u' and end with  'n',^mam.*o.*u.*n$
words that start with  'mam' and followed by 'o' or 'u' and end with  'r' or 're',^mam.*o.*u.*r.*re$
words that start with  'm' and end with  'l',^m.*l$
words that start with  'm' and followed by 'jm' and end with  'a',^m.*jm.*a$
words that start with  'ma' and followed by 'nz' and end with  'ri',^ma.*nz.*ri$
words that start with  'ma' and followed by 'r' and end with  'f',^ma.*r.*f$
words that start with  'ma' and followed by 's' and end with  'd',^ma.*s.*d$
words that start with  'ma' and followed by 's' and end with  'm',^ma.*s.*m$
words that start with  'ma' and followed by 'sr' and end with  'r',^ma.*sr.*r$
words that start with  'm' and followed by 'z' and end with  'k' or 'q',^m.*z.*k.*q$
words that start with  'm' and followed by 'z' and end with  'e' or 'y',^m.*z.*e.*y$
words that start with  'm' and followed by 'h' and 'r' and end with  'ban',^m.*h.*r.*ban$
words that start with  'm' and followed by 'hb' and end with  'ob or 'ub',^m.*hb.*ob or $
words that start with  'm' and followed by 'hn' and end with  't',^m.*hn.*t$
words that start with  'm' and followed by 'la' and end with  'n',^m.*la.*n$
words that start with  'm' and followed by 'ya' and end with  'r',^m.*ya.*r$
words that start with  'm' and followed by 'sal' and end with  'i',^m.*sal.*i$
words that start with  'm' and followed by 's' and end with  'l',^m.*s.*l$
words that start with  'm' and followed by 'th' and end with  'a',^m.*th.*a$
words that start with  'm' and followed by 'z' and end with  'j',^m.*z.*j$
words that start with  'mo' and followed by 'tab' and end with  'r',^mo.*tab.*r$
words that start with  'mo' and followed by 'h' and end with  'r',^mo.*h.*r$
words that start with  'm' and followed by 'j' and 'z' and end with  'a',^m.*j.*z.*a$
words that start with  'mo' and followed by 'z' and end with  'u' or 'o',^mo.*z.*u.*o$
words that start with  'mo' and followed by 'z' and end with  'n' or 'u',^mo.*z.*n.*u$
words that start with  'm' and followed by 'v' or 'w' and end with  'in',^m.*v.*w.*in$
words that start with  'm' and followed by 'wz' or 'z' and end with  'a',^m.*wz.*z.*a$
words that start with  'mo' or 'mu' and followed by 'z' and end with  'z',^mo.*mu.*z.*z$
words that start with  'm' and followed by 'bar' and end with  'k',^m.*bar.*k$
words that start with  'm' and followed by 'f' and end with  'd',^m.*f.*d$
words that start with  'm' and followed by 'haf' and end with  'z',^m.*haf.*z$
words that start with  'm' and followed by 'h' and end with  't',^m.*h.*t$
words that start with  'm' and followed by 'hk' and end with  'm',^m.*hk.*m$
words that start with  'm' and followed by 'kaf' and end with  'at',^m.*kaf.*at$
words that start with  'm' and followed by 'mt' and end with  'z',^m.*mt.*z$
words that start with  'm' and followed by 'q' and end with  'dar',^m.*q.*dar$
words that start with  'm' and followed by 'ra' and end with  'd',^m.*ra.*d$
words that start with  'm' and followed by 'sb' and end with  't',^m.*sb.*t$
words that start with  'm' and followed by 'tab' and end with  'iq' or 'ik',^m.*tab.*iq.*ik$
words that start with  'mat' or 'mut' and followed by 'waz' and end with  'n',^mat.*mut.*waz.*n$
words that start with  'm' and followed by 'zaf' and end with  'r',^m.*zaf.*r$
words that start with  'n' and followed by 'z' and end with  'k',^n.*z.*k$
words that start with  'n' and followed by 'f' and end with  'a',^n.*f.*a$
words that start with  'n' and followed by 'a' or 'e' and end with  'k',^n.*a.*e.*k$
words that start with  'n' and followed by 'm' and 'da' and end with  'r',^n.*m.*da.*r$
words that start with  'n' and followed by 'm' and end with  'na',^n.*m.*na$
words that start with  'n' and followed by 'ti' or 'te' and end with  'ja',^n.*ti.*te.*ja$
words that start with  'n' and followed by 'k' and end with  'i',^n.*k.*i$
words that start with  'n' and followed by 'ha' and end with  'yat',^n.*ha.*yat$
words that start with  'o' or 'u' and followed by 'n' and end with  'cha',^o.*u.*n.*cha$
words that start with  'p' and followed by 'a' and end with  's',^p.*a.*s$
words that start with  'pa' and followed by 'id' or 'ed' and end with  'ar',^pa.*id.*ed.*ar$
words that start with  'p' and end with  'sh',^p.*sh$
words that start with  'p' and followed by 'a' and end with  'k',^p.*a.*k$
words that start with  'pak' and followed by 'i' or 'e' and end with  'za',^pak.*i.*e.*za$
words that start with  'par' and followed by 's' and end with  'tar',^par.*s.*tar$
words that start with  'p' and followed by 's' and end with  'nd',^p.*s.*nd$
words that start with  'pz' and followed by 'z' and end with  'r',^pz.*z.*r$
words that start with  'p' and end with  'r',^p.*r$
words that start with  'p' and followed by 'h' and 'l' and end with  'a',^p.*h.*l.*a$
words that start with  'p' and followed by 'n' and end with  'pna',^p.*n.*pna$
words that start with  'p' and followed by 'o' or 'u' and end with  'ra',^p.*o.*u.*ra$
words that start with  'pur' and followed by 's' and 'k' and end with  'n',^pur.*s.*k.*n$
words that start with  'p' and followed by 'y' and end with  'r',^p.*y.*r$
words that start with  'p' and followed by 'y' and end with  'ra',^p.*y.*ra$
words that start with  'q' or 'k' and followed by 'b' and end with  'l',^q.*k.*b.*l$
words that start with  'q' or 'k' and followed by 'bli' and end with  'at',^q.*k.*bli.*at$
words that start with  'q' and followed by 'nu' or 'no' and end with  'ni',^q.*nu.*no.*ni$
words that start with  'q' or 'k' and followed by 'ra' and end with  'r',^q.*k.*ra.*r$
words that start with  'q' or 'k' and followed by 'm' and end with  't',^q.*k.*m.*t$
words that start with  'q' or 'k'and followed by 'y' and end with  'm',^q.*k.*y.*m$
words that start with  'q' and followed by 'au' or 'ou' and end with  'l',^q.*au.*ou.*l$
words that start with  'r' and end with  'zi',^r.*zi$
words that start with  'rab' and end with  'ta',^rab.*ta$
words that start with  'r' and followed by 'ng' and end with  'een',^r.*ng.*een$
words that start with  'rash' and end with  'k',^rash.*k$
words that start with  'r' and followed by 'h' and end with  'm',^r.*h.*m$
words that start with  'r' and followed by 'hm' and end with  't',^r.*hm.*t$
words that start with  'r' and followed by 'n' and end with  'k' or 'q',^r.*n.*k.*q$
words that start with  's' and followed by 'a' and end with  'th' or 't',^s.*a.*th.*t$
words that start with  's' and followed by 'b' and end with  'r',^s.*b.*r$
words that start with  's' and followed by 'u' or 'a' and end with  'ch',^s.*u.*a.*ch$
words that start with  's' and followed by 'u' or 'a' and 'm' and end with  'ch',^s.*u.*a.*m.*ch$
words that start with  's' and followed by 'a' and end with  'i' or 'e' or 'h',^s.*a.*i.*e.*h$
words that start with  'sah' and followed by 'o' r 'u' and end with  'lat',^sah.*o.*u.*lat$
words that start with  's' and followed by 'rf' and end with  'rosh',^s.*rf.*rosh$
words that start with  's' and followed by 'h' and end with  'r',^s.*h.*r$
words that start with  'sh' and followed by 'f' and end with  'q',^sh.*f.*q$
words that start with  'sh' and followed by 'g' and end with  'fay',^sh.*g.*fay$
words that start with  'sh' and followed by 'r' and end with  'dil',^sh.*r.*dil$
words that start with  'sh' and followed by 'r' and end with  'm',^sh.*r.*m$
words that start with  'sh' and followed by 'r' and end with  'f',^sh.*r.*f$
words that start with  'sh' and followed by 'r' and end with  'fana',^sh.*r.*fana$
words that start with  'sh' and followed by 'r' and end with  'f',^sh.*r.*f$
words that start with  'sh' and followed by 'r' and end with  'n',^sh.*r.*n$
words that start with  'sh' and followed by 'f' and end with  'a',^sh.*f.*a$
words that start with  'sh' and followed by 'u' or 'o' and end with  'k' or 'q',^sh.*u.*o.*k.*q$
words that start with  'sh' and followed by 'k' or 'q' and end with  'een',^sh.*k.*q.*een$
words that start with  'sh' and followed by 'ug' and end with  'l',^sh.*ug.*l$
words that start with  's' and followed by 'fari' and end with  'sh',^s.*fari.*sh$
words that start with  's' and followed by 'l' and end with  'ah' or 'a',^s.*l.*ah.*a$
words that start with  's' and followed by 'r' and end with  'mah' or 'ma',^s.*r.*mah.*ma$
words that start with  's' and end with  'hana',^s.*hana$
words that start with  's' and followed by 'ko' or 'ku' and end with  'n',^s.*ko.*ku.*n$
words that start with  's' and followed by 'nd' and end with  'r',^s.*nd.*r$
words that start with  's' and followed by 'neh' and end with  'ra',^s.*neh.*ra$
words that start with  's' and followed by 'nehr' and end with  'i' or 'y',^s.*nehr.*i.*y$
words that start with  's' and followed by 'r' and end with  'ur' or 'or',^s.*r.*ur.*or$
words that start with  't' and followed by 'q' and end with  't',^t.*q.*t$
words that start with  't' and end with  'z' or 'x',^t.*z.*x$
words that start with  't' and followed by 'z' and end with  'i',^t.*z.*i$
words that start with  'tala' and end with  'fi',^tala.*fi$
words that start with  'tal' and followed by 'u' and end with  'k' or 'q',^tal.*u.*k.*q$
words that start with  'ta' and followed by 'me' and end with  'ri',^ta.*me.*ri$
words that start with  'tand' and followed by 'r' end with  'st',^tand.*r.*st$
words that start with  'taqd' and end with  'r',^taqd.*r$
words that start with  'tar' and end with  'qi' or 'ki',^tar.*qi.*ki$
words that start with  'ta' and followed by 'r' and end with  'f',^ta.*r.*f$
words that start with  'tar' and followed by 'j' and end with  'j',^tar.*j.*j$
words that start with  't' and followed by 'sal' and end with  'i',^t.*sal.*i$
words that start with  'task' and end with  'n',^task.*n$
words that start with  'tasl' and end with  'm',^tasl.*m$
words that start with  'tawa' and followed by 'j' and end with  'h' or 'o' or 'u',^tawa.*j.*h.*o.*u$
words that start with  't' and followed by 'y' and end with  'ar',^t.*y.*ar$
words that start with  'taz' and end with  'm',^taz.*m$
words that start with  'tehs' and end with  'n',^tehs.*n$
words that start with  'th' and end with  'nda',^th.*nda$
words that start with  'th' and end with  'k',^th.*k$
words that start with  't' and followed by 'oh' or 'uh' and end with  'eed',^t.*oh.*uh.*eed$
words that start with  'a' or 'u' and followed by 'b' and end with  'r',^a.*u.*b.*r$
words that start with  'o' or 'u' and followed by 'md' and end with  'a',^o.*u.*md.*a$
words that start with  'o' or 'u' and followed by 'mee' and 'afz' and end with  'a',^o.*u.*mee.*afz.*a$
words that start with  'a' or 'u' and followed by 'r' and end with  'j',^a.*u.*r.*j$
words that start with  'a' or 'u' and followed by 's' and end with  'l',^a.*u.*s.*l$
words that start with  'us' and followed by 't' and end with  'd',^us.*t.*d$
words that start with  'u' or 'a' and followed by 'stw' and end with  'ar',^u.*a.*stw.*ar$
words that start with  'wa' and followed by 'k' or 'q' and end with  'f',^wa.*k.*q.*f$
words that start with  'was' and followed by 'o' or 'u' and end with  'li',^was.*o.*u.*li$
words that start with  'waz' and end with  'h' or 'y',^waz.*h.*y$
words that start with  'waz' and end with  'fa',^waz.*fa$
words that start with  'ya' and followed by 'd' and 'g' and end with  'r',^ya.*d.*g.*r$
words that start with  'ya' and followed by 'r' and end with  'i',^ya.*r.*i$
words that start with  'ya' and followed by 'k' or 'q' and end with  'een',^ya.*k.*q.*een$
words that start with  'ya' and followed by 'k' or 'q' and followed by 'n' and end with  'n',^ya.*k.*q.*n.*n$
words that start with  'ya' and followed by 'k' or 'q' and end with  'eeni',^ya.*k.*q.*eeni$
"words that start with  'z' and followed by 'b' , 'r' , 'd' and 's' and end with  't' or 'th'",^z.*b.*r.*d.*s.*t.*th$
words that start with  'zah' and followed by 'o' or 'u' and end with  'r',^zah.*o.*u.*r$
words that start with  'z' and end with  'qa' or 'ka',^z.*qa.*ka$
words that start with  'z' or 'x' and followed by 'r' end with  'k',^z.*x.*r.*k$
words that start with  'zam' and end with  'n',^zam.*n$
words that start with  'zar' and end with  'n',^zar.*n$
words that start with  'zarkh' and end with  'zi',^zarkh.*zi$
words that start with  'z' and followed by 'r' end with  'ri',^z.*r.*ri$
words that start with  'z' and end with  'ti',^z.*ti$
words that start with  'zim' and followed by 'd' and end with  'ar',^zim.*d.*ar$
words that start with  'zim' and followed by 'd' and end with  'ari',^zim.*d.*ari$
words that start with  'z' and end with  'k' or 'q',^z.*k.*q$
words that start with  'z' and followed by 'y' or 'i' or 'e' and end with  'da',^z.*y.*i.*e.*da$
words that start with  'int' and end with  'zar',^int.*zar$
words that start with  'ash' and end with  'b',^ash.*b$
words that start with  'anho' and end with  'ni',^anho.*ni$
words that start with  'a' or 'u' and followed by 'ndek' end with  'a',^a.*u.*ndek.*a$
words that start with  'as' and followed by 'o' or u' and end with  'l',^as.*o.* and end with  $
words that start with  'aqw' and end with  'l',^aqw.*l$
words that start with  'a' and followed by 's'' and end with  'a',^a.*s.* and end with  $
words that start with  'tar' or ''tr' and followed by 'q' or 'k' and end with  'e' or 'y',^tar.*.* and followed by .* or .* and end with  .* or $
words that start with  'm' and followed by 'naf' and end with  'k' or 'q',^m.*naf.*k.*q$
words that start with  'a' and followed by 'm' and end with  'n',^a.*m.*n$
words that start with  'p' and followed by 'kh' and 't' and end with  'a' or 'h',^p.*kh.*t.*a.*h$
words that start with  'ihk' or 'ahk' or 'ehk' and end with  'm',^ihk.*ahk.*ehk.*m$
words that start with  'aj' or 'ij' and followed by 'tama' and end with  'i' or 'e',^aj.*ij.*tama.*i.*e$
words that start with  'inf' and followed by 'rad' and end with  'i',^inf.*rad.*i$
words that start with  'ikht' or 'akht' and followed by 'y' and end with  'r',^ikht.*akht.*y.*r$
words that start with  'iq' or 'aq' and followed by 'd' and end with  'r',^iq.*aq.*d.*r$
words that start with  'a' and followed by 'l' and end with  'g',^a.*l.*g$
words that start with  'kir' or 'kr' and followed by 'd' end with  'r',^kir.*kr.*d.*r$
words that start with  'bar' or 'ber' or 'br' and followed by 'sht'',^bar.*ber.*br.*sht$
words that start with  'zar' and end with  'ia' or 'ya',^zar.*ia.*ya$
words that start with  'ud' and followed by 's' and end with  'i',^ud.*s.*i$
words that start with  'adh' and followed by 'o' or 'u' and end with  'ra',^adh.*o.*u.*ra$
words that start with  'and' and end with  'r',^and.*r$
words that start with  'am' and followed by 'e' or 'i' end with  'r',^am.*e.*i.*r$
words that start with  'itt' and followed by 'f' and end with  'q',^itt.*f.*q$
words that start with  'au' or 'ou' and followed by 'z' and end with  'r',^au.*ou.*z.*r$
words that start with  'u' or 'o' and followed by 'nch' and end with  'a',^u.*o.*nch.*a$
words that start with  'ist' and followed by 'm' and end with  'l',^ist.*m.*l$
words that start with  'int' and followed by 'h' and end with  'a',^int.*h.*a$
words that start with  'im' or 'em' and followed by 'ndar' and end with  'i',^im.*em.*ndar.*i$
words that start with  'ish' and followed by 'k' or 'q' and end with  'a',^ish.*k.*q.*a$
words that start with  'm' and followed by 'haf' and end with  'z',^m.*haf.*z$
words that start with  'inq' and followed by 'l' and end with  'ab',^inq.*l.*ab$
words that start with  'ib' or 'eb' and followed by 'r' and end with  't'',^ib.*eb.*r.*t$
words that start with  'ib' or 'eb'  or 'ab' and followed by 'd' and end with  'at',^ib.*eb.*ab.*d.*at$
words that start with  'n' and followed by 'm' and end with  'z',^n.*m.*z$
words that start with  'w' and followed by 'f' and end with  'a',^w.*f.*a$
words that start with  'kh' and followed by 'b' and end with  'r',^kh.*b.*r$
words that start with  'p' and followed by 'y' and end with  'r',^p.*y.*r$
words that start with  'taf' and followed by 's' and end with  'l',^taf.*s.*l$
words that start with  'ta' and followed by 'l' and end with  'a' or 'h',^ta.*l.*a.*h$
words that start with  'aj' and end with  'r',^aj.*r$
words that start with  'a' and followed by 'kh' and end with  'r',^a.*kh.*r$
words that start with  'ag' and followed by 'w' or 'v' end with  'a' or 'h',^ag.*w.*v.*a.*h$
words that start with  'aq' or 'ak' and end with  'li',^aq.*ak.*li$
words that start with  'a' and followed by 'h' and end with  'ng',^a.*h.*ng$
words that start with  'a' and end with  'yash',^a.*yash$
words that start with  'adr' and end with  'k',^adr.*k$
words that start with  'as' and end with  'l',^as.*l$
words that start with  'at' or 'it' and end with  'r',^at.*it.*r$
words that start with  'ata' and followed by 'lw' and end with  'e' or 'y' or 'i',^ata.*lw.*e.*y.*i$
words that start with  'a' and followed by 'r' and end with  'zi',^a.*r.*zi$
words that start with  'ab' and end with  'r',^ab.*r$
words that start with  'a' and followed by 'ngr' and end with  'i',^a.*ngr.*i$
words that start with  'f' and followed by 'l' and end with  'd',^f.*l.*d$
words that start with  'feh' and end with  'm',^feh.*m$
words that start with  'f' and followed by 'r' and end with  'n',^f.*r.*n$
words that start with  'f' and followed by 's' and end with  'de' or 'di',^f.*s.*de.*di$
words that start with  'fo' or 'fu' and followed by 'z' end with  'la',^fo.*fu.*z.*la$
words that start with  'fo' or 'fa' or 'fu' and followed by 'l' end with  'd',^fo.*fa.*fu.*l.*d$
words that start with  'f' and followed by 't' and end with  'h',^f.*t.*h$
words that start with  'fo' or 'fa' and followed by 'j' or 'g' and end with  'e' or 'i',^fo.*fa.*j.*g.*e.*i$
words that start with  'fo' or 'fa' and end with  'g' or 'j',^fo.*fa.*g.*j$
words that start with  'f' and followed by 's' and end with  'l',^f.*s.*l$
words that start with sring 'f' and followed by 's' and end with  'k' or 'q',^f.*s.*k.*q$
words that start with  'fakh' and end with  'r',^fakh.*r$
words that start with  'f' and followed by 'r' and end with  'sh',^f.*r.*sh$
words that start with  'f' or 'f' and end with  'rka' or 'rqa,^f.*f.*rka$
words that start with  'far' or 'fur' and followed by 'l' and end with  'ng',^far.*fur.*l.*ng$
words that start with  'far' and end with  'r',^far.*r$
words that start with  'f' and followed by 'k' and end with  'r',^f.*k.*r$
words that start with  'fa' and end with  'teh',^fa.*teh$
words that start with  'f' and end with  'da',^f.*da$
words that start with  'faz' or 'faaz' or 'fuz' and end with  'la' or 'lah',^faz.*faaz.*fuz.*la.*lah$
words that start with  'fa' and followed by 't' end with  'mi' or 'me' or 'my',^fa.*t.*mi.*me.*my$
words that start with  'fr' and end with  'd',^fr.*d$
words that start with  'far' or 'faar' and followed by 'g',^far.*faar.*g$
words that start with  'fa' or 'fi' and end with  'yaz',^fa.*fi.*yaz$
words that start with  'fa' and end with  'l',^fa.*l$
words that start with  'fahm' or 'fehm' and end with  'da',^fahm.*fehm.*da$
words that start with  'f'' and followed by 'r' and end with  'k' or 'q',^f.* and followed by .* and end with  .* or $
words that start with  'fr' or 'far' and end with  'zi' or 'ze',^fr.*far.*zi.*ze$
words that start with  'far' and contain substraing 'b' end with  'e' or 'i',^far.*b.*e.*i$
words that start with  'fal' or 'faal' and contain substraing 't' and end with  'o' or 'u',^fal.*faal.*t.*o.*u$
words that start with  'faz' or 'faaz' and end with  'l',^faz.*faaz.*l$
words that start with  'faris' and end with  'a',^faris.*a$
words that start with  'a' and followed by 'br' and 'r' and end with  'z' or 'x',^a.*br.*r.*z.*x$
words that start with  'aap' and followed by 's' or 'bah' and end with  'r',^aap.*s.*bah.*r$
words that start with  'a' and followed by 'f' and end with  't',^a.*f.*t$
words that start with  'a' and followed by 'fat' and 'anga' and end with  'z',^a.*fat.*anga.*z$
words that start with  'a' and followed by 'fat' and 'za' and end with  'da' or 'dah',^a.*fat.*za.*da.*dah$
words that start with  'a' and followed by 'g' or 'bag' and end with sub 'ola',^a.*g.*bag.*ola$
words that start with  'a' and followed by 'g' or 'laga' and end with sub 'na',^a.*g.*laga.*na$
words that start with  'a' and end with  'g' or 'gh',^a.*g.*gh$
words that start with  'a' and followed by 'ghaz' or 'e' and end with  'jung',^a.*ghaz.*e.*jung$
words that start with  'aah' and followed by 'o' or 'za' and end with  'ri',^aah.*o.*za.*ri$
words that start with  'aah' and followed by 'o' or 'za' and end with  'ri',^aah.*o.*za.*ri$
words that start with  'a' and followed by 'lo' or 'loo' or 'lu' and end with  'da',^a.*lo.*loo.*lu.*da$
words that start with  'a' and end with  'm',^a.*m$
words that start with  'a' and followed by 'nk' or 'nka' and end with  'ra',^a.*nk.*nka.*ra$
words that start with  'aap' and followed by 's' or 'bah' and end with  'r',^aap.*s.*bah.*r$
words that start with  'a' and followed by 'a' or 'r' and end with  'r',^a.*a.*r.*r$
words that start with  'aar' and end with  'a' or 'h',^aar.*a.*h$
words that start with  'a' and followed by 'r' and end with  'i' or 'ee' or 'y',^a.*r.*i.*ee.*y$
words that start with  'a' and followed by 'sabi' and 'p' and end with  'reshani',^a.*sabi.*p.*reshani$
words that start with  'a' and followed by 's' and end with  'i' or 'y' or 'ee' or 'ey',^a.*s.*i.*y.*ee.*ey$
words that start with  'aat' or 'at' and followed by 'sh' and 'af' and end with  'roz',^aat.*at.*sh.*af.*roz$
words that start with  'aat' or 'at' and followed by 'sh' and 'd' and end with  'n',^aat.*at.*sh.*d.*n$
words that start with  'a' and followed by 'w' and end with  'ara',^a.*w.*ara$
words that start with  'a' and end with  'z' or 'zh' or 's',^a.*z.*zh.*s$
words that start with  'a' and followed by 'z' and end with  'ar',^a.*z.*ar$
words that start with  'a' and followed by 'z' and 'rda' and end with  'dil',^a.*z.*rda.*dil$
words that start with  'a' and followed by 'bhag' and end with  'i' or 'hi' or 'ee' or 'y',^a.*bhag.*i.*hi.*ee.*y$
words that start with  'abla' and followed by 'ang' and end with  'z',^abla.*ang.*z$
words that start with  'a' or 'i' and followed by 'blees' and end with  'ana',^a.*i.*blees.*ana$
words that start with  'a' and followed by 'br' and 'al' and end with  'od',^a.*br.*al.*od$
words that start with  'a' and followed by 'bta' and 'r' and end with  'i' or 'ee' or 'ey',^a.*bta.*r.*i.*ee.*ey$
words that start with  'a' and followed by 'ch' and 'an' and end with  'k',^a.*ch.*an.*k$
words that start with  'adam' and followed by 'ehs' and end with  's',^adam.*ehs.*s$
words that start with  'adam' and followed by 'tas' and 'l' and end with  'sal',^adam.*tas.*l.*sal$
words that start with  'adam' and followed by 'taw' and 'z' and end with  'n',^adam.*taw.*z.*n$
words that start with  'a' and followed by 'da' and 'wa' or 'va' and end with  't' or 'h',^a.*da.*wa.*va.*t.*h$
words that start with  'a' and followed by 'dh' and end with  'ra',^a.*dh.*ra$
words that start with  'adh' and followed by 'ra' and end with  'pan',^adh.*ra.*pan$
words that start with  'a' and followed by 'dn' and end with  'a' or 'ah',^a.*dn.*a.*ah$
words that start with  'a' and followed by 'e' or 'i' and end with  'za',^a.*e.*i.*za$
words that start with  'a' or 'i' and followed by 'fr' and 'a' and end with  't',^a.*i.*fr.*a.*t$
words that start with  'a' and followed by 'fso' and 'sn' and end with  'ak',^a.*fso.*sn.*ak$
words that start with  'a' and followed by 'fs' and 'o' or 'u' and end with  's',^a.*fs.*o.*u.*s$
words that start with  'a' and followed by 'fs' and 'r' and end with  'da' or 'dah',^a.*fs.*r.*da.*dah$
words that start with  'a' or 'i' and followed by 'g' and 'w' and end with  'a',^a.*i.*g.*w.*a$
words that start with  'a' and followed by 'it' and 'r' and end with  'az',^a.*it.*r.*az$
words that start with  'a' and followed by 'j' and end with  'l',^a.*j.*l$
words that start with  'a' and followed by 'j' and 'i' or 'e' and end with  'b',^a.*j.*i.*e.*b$
words that start with  'a' and followed by 'kh' and end with  'r',^a.*kh.*r$
words that start with  'a' and followed by 'l' and 'hd' and end with  'a' or 'ah',^a.*l.*hd.*a.*ah$
words that start with  'a' and followed by 'l' and 'd' and end with  'a' or 'h',^a.*l.*d.*a.*h$
words that start with  'a' and followed by 'l' and 'd' and end with  'gi',^a.*l.*d.*gi$
words that start with  'a' and followed by 'na' and end with  'ri',^a.*na.*ri$
words that start with  'a' and followed by 'ndh' and end with  'r',^a.*ndh.*r$
words that start with  'a' and followed by 'ndh' and end with  'ra',^a.*ndh.*ra$
words that start with  'a' or 'u' and followed by 'nj' and end with  'an',^a.*u.*nj.*an$
words that start with  'ant' or 'int' and followed by 'p' and 's' and 'n' and edn with  'do' or 'don',^ant.*int.*p.*s.*n.*do.*don$
words that start with  'a' and followed by 's' and 'e' or 'ai' and end with  'b',^a.*s.*e.*ai.*b$
words that start with  'a' and followed by 't' and end with  'l',^a.*t.*l$
words that start with  'a' and followed by 'y' and end with  'ar',^a.*y.*ar$
words that start with  'a' and followed by 'y' and end with  'ri',^a.*y.*ri$
words that start with  'a' and followed by 'ya' and end with  'sh',^a.*ya.*sh$
words that start with  'a' and followed by 'za' and end with  'b',^a.*za.*b$
words that start with  'a' or 'i' and followed by 'z' and 'y' and end with  'at',^a.*i.*z.*y.*at$
words that start with  'b' and followed by 'a' and 'g' and end with  'i',^b.*a.*g.*i$
words that start with  'b' and followed by 'a' and 't' and end with  'l',^b.*a.*t.*l$
words that start with  'b' and followed by 'chn' and end with  'a',^b.*chn.*a$
words that start with  'bad' or 'bd' and followed by 'kh' and 'l' and end with  'qi',^bad.*bd.*kh.*l.*qi$
words that start with  'b' or 'at' and followed by 'd l' or 'dl' and 'ha' and end with  'z',^b.*at.*d l.*dl.*ha.*z$
words that start with  'b' and followed by 'd' and 'u' and end with  'a',^b.*d.*u.*a$
words that start with  'b' and followed by 'adg' and 'm' and end with  'n',^b.*adg.*m.*n$
words that start with  'b' and followed by 'adg' and 'm' and end with  'ni',^b.*adg.*m.*ni$
words that start with  'b' and followed by 'dh' or 'rh' or 'rr' and end with  'e' or 'ay' or 'ey',^b.*dh.*rh.*rr.*e.*ay.*ey$
words that start with  'b' and followed by 'dn' and 's' and end with  'b',^b.*dn.*s.*b$
words that start with  'b' and followed by 'dr' and 'o' or 'u' and end with  'h',^b.*dr.*o.*u.*h$
words that start with  'b' and followed by 'ds' and 'r' and end with  'at',^b.*ds.*r.*at$
words that start with  'b' and followed by 'ds' and 'r' and end with  'ti',^b.*ds.*r.*ti$
words that start with  'b' and followed by 'd' or 't' and 'm' and end with  'zi' or 'xi',^b.*d.*t.*m.*zi.*xi$
words that start with  'b' and followed by 'g' and 'awa' and end with  't',^b.*g.*awa.*t$
words that start with  'b' and followed by 'g' and 'a' or e and end with  'r',^b.*g.*a.*r$
words that start with  'b' and followed by 'e' or 'a' and 'k' and end with  'ar',^b.*e.*a.*k.*ar$
words that start with  'b' and followed by 'r' and end with  'ni',^b.*r.*ni$
words that start with  'b' and followed by 'k' and end with  'na',^b.*k.*na$
words that start with  'b' and followed by 'kwa' and end with  's',^b.*kwa.*s$
words that start with  'b' and followed by 'kwa' and end with  'si',^b.*kwa.*si$
words that start with  'ba' and end with  'l',^ba.*l$
words that start with  'b' and followed by 'l' and end with  'a' or 'h',^b.*l.*a.*h$
words that start with  'b' and followed by 'n' and end with  'd' or 'dd',^b.*n.*d.*dd$
words that start with  'b' and followed by 'n' and end with  'di',^b.*n.*di$
words that start with  'b' and followed by 'nj' and end with  'r',^b.*nj.*r$
words that start with  'b' and followed by 'an' and end with  'j' or 'h',^b.*an.*j.*h$
words that start with  'b' and followed by 'rh' and end with  'm',^b.*rh.*m$
words that start with  'b' and followed by 'rh' and end with  'mi',^b.*rh.*mi$
words that start with  'b' and followed by 'a' or 'o' and 'w' or 'u' and end with  'la',^b.*a.*o.*w.*u.*la$
words that start with  'b' and followed by 'y' or 'e' and 'r' and end with  'am',^b.*y.*e.*r.*am$
words that start with  'b' and followed by 'y' or 'e' and 'a' and end with  's',^b.*y.*e.*a.*s$
words that start with  'b' and followed by 'y' or 'e' and 'im' or 'am' and end with  'n',^b.*y.*e.*im.*am.*n$
words that start with  'b' and followed by 'b' and 'a' or 'u' and end with  's',^b.*b.*a.*u.*s$
words that start with  'b' and followed by 'y' or 'e' and 'ch' and end with  'n',^b.*y.*e.*ch.*n$
words that start with  'b' and followed by 'y' or 'e' and 'ch' and end with  'ni',^b.*y.*e.*ch.*ni$
words that start with  'b' and followed by 'y' or 'e' and 'h' and end with  'da',^b.*y.*e.*h.*da$
words that start with  'b' and followed by 'y' or 'e' and 'ho' and end with  'sh',^b.*y.*e.*ho.*sh$
words that start with  'b' and followed by 'y' or 'e' and 'ho' and end with  'shi',^b.*y.*e.*ho.*shi$
words that start with  'b' and followed by 'y' or 'e' and 'ch' and end with  'n',^b.*y.*e.*ch.*n$
words that start with  'b' and followed by 'iz' or 'ez' and end with  'at',^b.*iz.*ez.*at$
words that start with  'b' and followed by 'y' or 'e' and end with  'ja' or 'jah',^b.*y.*e.*ja.*jah$
words that start with  'b' and followed by 'j' and end with  'an',^b.*j.*an$
words that start with  'b' and followed by 'kh' and 'b' and end with  'r',^b.*kh.*b.*r$
words that start with  'b' and followed by 'l' or 'g' and end with  'am',^b.*l.*g.*am$
words that start with  'b' and followed by 'l' or 'o' or 'u' and end with  's',^b.*l.*o.*u.*s$
words that start with  'b' and followed by 'mo' or 'mau' and end with  'ka' or 'qa',^b.*mo.*mau.*ka.*qa$
words that start with  'b' and followed by 'p' and end with  'rwa' or 'rwah',^b.*p.*rwa.*rwah$
words that start with  'b' and followed by 'r' and 'b' and end with  'at',^b.*r.*b.*at$
words that start with  'b' and followed by 'r' and 'b' and end with  'ati',^b.*r.*b.*ati$
words that start with  'b' and followed by 'r' and 'hm' and end with  'i',^b.*r.*hm.*i$
words that start with  'b' and followed by 's' and 'b' and end with  'r',^b.*s.*b.*r$
words that start with  'b' and followed by 'sh' and 'r' and end with  'm',^b.*sh.*r.*m$
words that start with  'bay' and followed by 's' and 'o' or 'u' and end with  'l',^bay.*s.*o.*u.*l$
words that start with  'b' and followed by 'yak' or 'yaq' and end with  'n',^b.*yak.*yaq.*n$
words that start with  'bay' and followed by 'z' and 'u' and end with  'k' or 'q',^bay.*z.*u.*k.*q$
words that start with  'b' and followed by 'g' and end with  'rz',^b.*g.*rz$
words that start with  'b' and followed by 'ka' and end with  'r',^b.*ka.*r$
words that start with  'b' and followed by 'ch' and end with  'rgi',^b.*ch.*rgi$
words that start with  'be' or 'bay' and followed by 'h' and end with  'al',^be.*bay.*h.*al$
words that start with  'be' and followed by 'h' and end with  'd',^be.*h.*d$
words that start with  'be' and followed by 'h' and 'ya' and end with  'i' or 'e',^be.*h.*ya.*i.*e$
words that start with  'be' and followed by 'hu' or 'ho' and end with  'dgi' or 'dagi',^be.*hu.*ho.*dgi.*dagi$
words that start with  'be' and followed by 'j' and end with  'a',^be.*j.*a$
words that start with  'be' or 'bay' and followed by 'k' and end with  'si',^be.*bay.*k.*si$
words that start with  'b' and followed by 'ho' or 'hu' and end with  'da',^b.*ho.*hu.*da$
words that start with  'b' and followed by 'ho' or 'hu' and end with  'dgi',^b.*ho.*hu.*dgi$
words that start with  'ba' or 'be' and followed by 'ho' and end with  'sh',^ba.*be.*ho.*sh$
words that start with  'ba' or 'be' and followed by 'ho' and end with  'shi',^ba.*be.*ho.*shi$
words that start with  'ba' or 'be' and end with  'ja',^ba.*be.*ja$
words that start with  'b' and followed by 'ka' and end with  'ri',^b.*ka.*ri$
words that start with  'b' and followed by 'ma' and end with  'r',^b.*ma.*r$
words that start with  'b' and followed by 'ma' and end with  'ri',^b.*ma.*ri$
words that start with  'ba' or 'be' and end with  'r',^ba.*be.*r$
words that start with  'b' and followed by 'wa' and end with  'fa',^b.*wa.*fa$
words that start with  'b' and followed by 'w' and 'k' or 'q' and end with  'of',^b.*w.*k.*q.*of$
words that start with  'b' and followed by 'za' and end with  'r',^b.*za.*r$
words that start with  'b' and followed by 'za' and end with  'ri',^b.*za.*ri$
words that start with  'b' and followed by 'ya' and end with  'nak',^b.*ya.*nak$
"words that start with  'b' and end with  'hi', 'he', 'hy', 'e'",^b.*hi.*he.*hy.*e$
words that start with  'b' and followed by 'k' and end with  'ari',^b.*k.*ari$
words that start with  'b' and followed by 'o' or 'u' and 'k' and end with  'a',^b.*o.*u.*k.*a$
words that start with  'bh' and followed by 'o' or 'u' and end with  'l',^bh.*o.*u.*l$
words that start with  'bh' and followed by 'l' and end with  'na',^bh.*l.*na$
words that start with  'b' and followed by 'h' and end with  't',^b.*h.*t$
words that start with  'b' and followed by 'k' and h and end with  'ar',^b.*k.*ar$
words that start with  'b' and followed by 'd' and end with  'at',^b.*d.*at$
words that start with  'b' and followed by 'g' and end with  'ar',^b.*g.*ar$
words that start with  'b' and followed by 'y' and 'b' and end with  'an',^b.*y.*b.*an$
words that start with  'b' and end with  'jh' or 'je',^b.*jh.*je$
words that start with  'b' and followed by 'o' and 'u' and end with  'jh',^b.*o.*u.*jh$
words that start with  'bos' and end with  'dah' or 'da',^bos.*dah.*da$
words that start with  'b' and followed by 'y' and 'c' or 'k' and end with  't',^b.*y.*c.*k.*t$
words that start with  'b' and followed by 'p' and end with  'ta',^b.*p.*ta$
words that start with  'b' and end with  'd',^b.*d$
words that start with  'b' and followed by 'dka' and end with  'r',^b.*dka.*r$
words that start with  'b' and followed by 'dm' and end with  'zaj',^b.*dm.*zaj$
words that start with  'bud' or 'bad' or 'bd' and followed by 's' and 'l' and end with  'ki',^bud.*bad.*bd.*s.*l.*ki$
words that start with  'b' and followed by 'dz' and 'ba' and end with  'n',^b.*dz.*ba.*n$
words that start with  'bud' or 'bad' or 'bd' and end with  'a',^bud.*bad.*bd.*a$
words that start with  'bud' or 'bad' or 'bd' and followed by 'kir' and 'd' and end with  'ri',^bud.*bad.*bd.*kir.*d.*ri$
words that start with  'bud' or 'bad' or 'bd' and followed by 'za' and end with  't',^bud.*bad.*bd.*za.*t$
words that start with  'bud' or 'bd' and followed by 'h' and end with  'u' or 'oo',^bud.*bd.*h.*u.*oo$
words that start with  'bu' and followed by 'g' and end with  'z',^bu.*g.*z$
words that start with  'b' and end with  'k',^b.*k$
words that start with  'b' and followed by 'l' and end with  'a',^b.*l.*a$
words that start with  'b' and followed by 'r' and end with  'a',^b.*r.*a$
words that start with  'b' and followed by 'ra' or 'ray' and end with  'i' or 'e',^b.*ra.*ray.*i.*e$
words that start with  'b' and followed by 'r' and end with  'e' or 'y',^b.*r.*e.*y$
words that start with  'b' and followed by 'r' and end with  'i',^b.*r.*i$
words that start with  'ch' and followed by 'k' and end with  'r',^ch.*k.*r$
words that start with  'ch' and followed by 'k' and end with  'u' or 'o',^ch.*k.*u.*o$
words that start with  'ch' and followed by 'l' and end with  'a' or 'h',^ch.*l.*a.*h$
words that start with  'c' and followed by 'hapl' and end with  'si',^c.*hapl.*si$
words that start with  'c' and followed by 'h' and 'th' and end with  'ra',^c.*h.*th.*ra$
words that start with  'c' and followed by 'h' and 'e' or 'a' and end with  'd',^c.*h.*e.*a.*d$
words that start with  'c' and followed by 'ha' and end with  'p',^c.*ha.*p$
words that start with  'c' and followed by 'h' and end with  'o' or 'u',^c.*h.*o.*u$
words that start with  'c' and followed by 'ho' or 'hu' and end with  'ra',^c.*ho.*hu.*ra$
words that start with  'c' and followed by 'ho' or 'hu' and end with  't' or 'th',^c.*ho.*hu.*t.*th$
words that start with  'c' and followed by 'ho' and end with  'r',^c.*ho.*r$
words that start with  'c' and followed by 'hu' and end with  'ra',^c.*hu.*ra$
words that start with  'c' and followed by 'h' and end with  'k' or 'ke',^c.*h.*k.*ke$
words that start with  'c' and followed by 'h' and 'k' and end with  'r',^c.*h.*k.*r$
words that start with  'c' and followed by 'h' and 'o' or 'ou' and end with  't',^c.*h.*o.*ou.*t$
words that start with  'c' and followed by 'h' and 'o' or 'ow' and end with  'k',^c.*h.*o.*ow.*k$
words that start with  'c' and followed by 'h' and 'g' and end with  'li',^c.*h.*g.*li$
words that start with  'c' and followed by 'hu' and 'r' and end with  'e' or 'i',^c.*hu.*r.*e.*i$
words that start with  'd' and followed by 'a' and end with  'g' or 'h',^d.*a.*g.*h$
nan,^$
words that start with  'd' and followed by 'an' and end with  't',^d.*an.*t$
words that start with  'd' and followed by 'b' and end with  'a',^d.*b.*a$
words that start with  'd' and followed by 'ba' and end with  'na',^d.*ba.*na$
words that start with  'd' and followed by 'b' and end with  'ao',^d.*b.*ao$
words that start with  'd' and followed by 'b' and end with  'na',^d.*b.*na$
words that start with  'd' and followed by 'fa' and end with  'tan',^d.*fa.*tan$
words that start with  'd' and followed by 'gha' or 'ga' and 'b' and end with  'z',^d.*gha.*ga.*b.*z$
words that start with  'd' and followed by 'gha' or 'ga' and 'b' and end with  'zi',^d.*gha.*ga.*b.*zi$
words that start with  'd' and followed by 'g' or 'gh' and end with  'a',^d.*g.*gh.*a$
words that start with  'd' and followed by 'kh' and end with  'l',^d.*kh.*l$
words that start with  'd' and followed by 'nda' and end with  'y',^d.*nda.*y$
words that start with  'd' and followed by 'n' and end with  'ga',^d.*n.*ga$
words that start with  'd' and followed by 'nt' and end with  'na',^d.*nt.*na$
words that start with  'd' and followed by 'w' or 'ga' and 'n' and end with  'dol',^d.*w.*ga.*n.*dol$
words that start with  'd' and followed by 'k' or 'q' and 'yan' and end with  'si',^d.*k.*q.*yan.*si$
words that start with  'd' and end with  'r',^d.*r$
words that start with  'd' and end with  'ra',^d.*ra$
words that start with  'd' and followed by 'ara' and end with  'z',^d.*ara.*z$
words that start with  'd' and followed by 'ra' and end with  'na',^d.*ra.*na$
words that start with  'd' and followed by 'rao' and end with  'na',^d.*rao.*na$
words that start with  'd' and followed by 'ra' and end with  'wa',^d.*ra.*wa$
words that start with  'd' and followed by 'r' and end with  'd',^d.*r.*d$
words that start with  'd' and followed by 'r' or 'd e ' and 's' and end with  'r',^d.*r.*d e .*s.*r$
words that start with  'd' and followed by 'are' and end with  'g' or 'kh' or 'gh',^d.*are.*g.*kh.*gh$
words that start with  'd' and followed by 'rp' and 'o' and end with  'k' or 'e',^d.*rp.*o.*k.*e$
words that start with  'd' and end with  'rz',^d.*rz$
words that start with  'd' and followed by 'e' or 'i' and end with  'wana',^d.*e.*i.*wana$
words that start with  'd' and followed by 'e' or 'i' and end with  'wanagi',^d.*e.*i.*wanagi$
words that start with  'd' and followed by 'hsha' and end with  't' or 'th',^d.*hsha.*t.*th$
words that start with  'd' and followed by 'r' and 'r' and end with  's',^d.*r.*r.*s$
words that start with  'd' and followed by 'wali' and end with  'a',^d.*wali.*a$
words that start with  'd' or 'dh' and followed by 'b' and end with  'a',^d.*dh.*b.*a$
words that start with  'd' or 'dh' and followed by 'k' and end with  'a',^d.*dh.*k.*a$
words that start with  'd' or 'dh' and followed by 'm' and end with  'ki',^d.*dh.*m.*ki$
words that start with  'd' and followed by 'h' and 't' and end with  'i',^d.*h.*t.*i$
words that start with  'd' or 'dh' and followed by 'e' or 'i' and end with  'la',^d.*dh.*e.*i.*la$
words that start with  'd' and followed by 'h' and 'e' or 'i' and end with  'mi',^d.*h.*e.*i.*mi$
words that start with  'd' and followed by 'ok' and end with  'ka',^d.*ok.*ka$
words that start with  'd' and followed by 'ok' and end with  'ay' or 'e',^d.*ok.*ay.*e$
words that start with  'd' or 'dh' and end with  'ng',^d.*dh.*ng$
words that start with  'di' and followed by 'l' and 'to' and end with  'r' or 'd',^di.*l.*to.*r.*d$
words that start with  'd' and end with  'qat',^d.*qat$
words that start with  'd' and followed by 'o' or 'u' and 'b' and end with  'na',^d.*o.*u.*b.*na$
words that start with  'd' and followed by 'oo' or 'u' and end with  'r',^d.*oo.*u.*r$
words that start with  'd' and followed by 'oo' or 'u' and end with  'ri',^d.*oo.*u.*ri$
words that start with  'd' and followed by 'ro' and end with  'na',^d.*ro.*na$
words that start with  'd' and followed by 'r' oand 'sh' and end with  'ti',^d.*r.*sh.*ti$
words that start with  'd' and followed by 'sh' and end with  'man',^d.*sh.*man$
words that start with  'd' and followed by 'ush' and end with  'mano',^d.*ush.*mano$
words that start with  'f' and followed by 'alt' and end with  'u' or 'o',^f.*alt.*u.*o$
words that start with  'f' and followed by 'h' and end with  'sh',^f.*h.*sh$
words that start with  'f' and followed by 'aq' and end with  'r',^f.*aq.*r$
words that start with  'f' and followed by 'ar' and end with  'b',^f.*ar.*b$
words that start with  'f' and followed by 'ar' and end with  'q' or 'k',^f.*ar.*q.*k$
words that start with  'f' and followed by 'r' and 'k' or 'q' and end with  'wala',^f.*r.*k.*q.*wala$
words that start with  'f' and followed by 'r' and end with  'xi' or 'zi',^f.*r.*xi.*zi$
words that start with  'f' and followed by 'z' or 'x' and end with  'ul' or 'ol',^f.*z.*x.*ul.*ol$
words that start with  'f' and followed by 'z' and 'l' and 'kh' and end with  'rch' or 'rach,^f.*z.*l.*kh.*rch$
words that start with  'f' and followed by 'h' and end with  'sh',^f.*h.*sh$
words that start with  'f' and followed by 'ik' and end with  'r',^f.*ik.*r$
words that start with  'f' and end with  'ri',^f.*ri$
words that start with  'f' and end with  't' or 'th',^f.*t.*th$
words that start with  'f' and followed by 'r' and end with  'b',^f.*r.*b$
words that start with  'f' and followed by 'ra' and end with  'd',^f.*ra.*d$
words that start with  'f' and followed by 'qd' and end with  'an',^f.*qd.*an$
words that start with  'f' and followed by 'z' and end with  'ul' or 'ol',^f.*z.*ul.*ol$
words that start with  'g' and end with  'nj',^g.*nj$
words that start with  'g' and followed by 'r' and end with  'm',^g.*r.*m$
words that start with  'g' and followed by 'aza' and end with  'b',^g.*aza.*b$
words that start with  'g' and followed by 'ab' and end with  'raya',^g.*ab.*raya$
words that start with  'g' and followed by 'ad' and end with  'ar',^g.*ad.*ar$
words that start with  'g' and followed by 'ad' and end with  'ari',^g.*ad.*ari$
words that start with  'g' and followed by 'af' and end with  'lat',^g.*af.*lat$
words that start with  'gh' and end with  'bi',^gh.*bi$
words that start with  'gh' and followed by 'a' or 'e' and end with  'r',^gh.*a.*e.*r$
words that start with  'g' and followed by 'a' or 'e' and end with  'rat',^g.*a.*e.*rat$
words that start with  'g' and followed by 'a' or 'e' and 'r' and end with  'na',^g.*a.*e.*r.*na$
words that start with  'g' and followed by 'l' and 'a' and end with  't',^g.*l.*a.*t$
words that start with  'g' and followed by 'l' and 'a' and end with  'ti',^g.*l.*a.*ti$
words that start with  'g' and followed by 'h' and end with  'm',^g.*h.*m$
words that start with  'g' and followed by 'h' and 'm' and end with  'and',^g.*h.*m.*and$
words that start with  'g' and followed by 'h' and 'm' and end with  'geen',^g.*h.*m.*geen$
words that start with  'g' and followed by 'h' and 'm' and end with  'geeni',^g.*h.*m.*geeni$
words that start with  'g' and followed by 'a' and 'r' and end with  'b',^g.*a.*r.*b$
words that start with  'g' and followed by 'a' and 'r' and end with  'k' or 'q',^g.*a.*r.*k.*q$
words that start with  'g' and followed by 'h' and 't' and end with  'ya' or 'a',^g.*h.*t.*ya.*a$
words that start with  'g' and followed by 'h' and end with  't',^g.*h.*t$
words that start with  'g' and followed by 'z' and 'a' and end with  'b',^g.*z.*a.*b$
words that start with  'g' and followed by 'h' and end with  'ra',^g.*h.*ra$
words that start with  'g' and followed by 'h' and end with  'rao',^g.*h.*rao$
words that start with  'gh' and followed by 'o' or 'u' and 'r' and end with  'na',^gh.*o.*u.*r.*na$
words that start with  'g' and followed by 'u' or 'o' and end with  'baar',^g.*u.*o.*baar$
words that start with  'g' and followed by 'u' or 'o' and end with  'lam',^g.*u.*o.*lam$
words that start with  'g' and followed by 'u' or 'o' and end with  'lami',^g.*u.*o.*lami$
words that start with  'g' and followed by 'mra' and end with  'h',^g.*mra.*h$
words that start with  'g' and end with  'roor',^g.*roor$
words that start with  'g' and followed by 'o' or 'u' and end with  'sna',^g.*o.*u.*sna$
words that start with  'g' and followed by 'o' or 'u' and end with  'sa',^g.*o.*u.*sa$
words that start with  'g' and followed by 'o' or 'u' and end with  'nga',^g.*o.*u.*nga$
words that start with  'g' and followed by 'dm' and end with  'd',^g.*dm.*d$
words that start with  'g' and followed by 'h' and end with  'r',^g.*h.*r$
words that start with  'g' and followed by 'n' and end with  'ah',^g.*n.*ah$
words that start with  'g' and followed by 'n' and 'h' and end with  'gar',^g.*n.*h.*gar$
words that start with  'g' and followed by 'o' or 'u' and end with  'sa',^g.*o.*u.*sa$
words that start with  'g' and followed by 'st' and end with  'kh' or 'k',^g.*st.*kh.*k$
words that start with  'g' and followed by 'st' and end with  'khi' or 'ki',^g.*st.*khi.*ki$
words that start with  'h' and followed by 'b' and end with  's',^h.*b.*s$
words that start with  'h' and followed by 'lch' and end with  'l',^h.*lch.*l$
words that start with  'h' and end with  'lka',^h.*lka$
words that start with  'h' and end with  'mla',^h.*mla$
words that start with  'h' and followed by 'q' and end with  'er',^h.*q.*er$
words that start with  'h' and followed by 's' and end with  'd',^h.*s.*d$
words that start with  'h' and followed by 't' and end with  'k',^h.*t.*k$
words that start with  'h' and followed by 'l' and 'n' and end with  'nak',^h.*l.*n.*nak$
words that start with  'h' and followed by 'y' and end with  'l',^h.*y.*l$
words that start with  'h' and followed by 'r' and end with  'an',^h.*r.*an$
words that start with  'h' and followed by 'w' or 'v' and end with  'an',^h.*w.*v.*an$
words that start with  'h' and followed by 'w' or 'v' and end with  'ani',^h.*w.*v.*ani$
words that start with  'h' and followed by 'ma' and end with  'qat',^h.*ma.*qat$
words that start with  'h' and followed by 'q' or 'k' and end with  'arat',^h.*q.*k.*arat$
words that start with  'h' and followed by 'ir' and end with  's',^h.*ir.*s$
words that start with  'h' and followed by 'l' and end with  'nak',^h.*l.*nak$
words that start with  'h' and followed by 'l' and end with  'naki',^h.*l.*naki$
words that start with  'h' and followed by 'u' or 'o' and 'k' and end with  'm',^h.*u.*o.*k.*m$
words that start with  'h' and followed by 'nga' and end with  'ma',^h.*nga.*ma$
"words that start with  'i' or 'a',and followed by 'b' and 'l' and end with  's'",^i.*a.*b.*l.*s$
words that start with  'ikh' and followed by 'l' and end with  'laaf',^ikh.*l.*laaf$
words that start with  'i' or 'a'. and followed by 'l' and 'z' and end with  'am',^i.*a.*l.*z.*am$
words that start with  'a' and followed by 'n' and 'b' and end with  'n',^a.*n.*b.*n$
words that start with  'i' 'a' or 'u' and followed by 'n ' and 'p' and end with  'rh',^i.*a.*u.*n .*p.*rh$
words that start with  'in' and followed by 'k' and end with  'ar',^in.*k.*ar$
words that start with  'in' or 'an' and followed by 'q' or 'k' and 't' and end with  'a',^in.*an.*q.*k.*t.*a$
words that start with  'in' and followed by 't' and 'sh' and end with  'ar',^in.*t.*sh.*ar$
words that start with  'in' and followed by 't' and 'q' and end with  'al',^in.*t.*q.*al$
words that start with  'ish' and followed by 'r' and end with  'ra' or 'rah',^ish.*r.*ra.*rah$
words that start with  'j' and followed by 'h' and end with  'l',^j.*h.*l$
words that start with  'j' and followed by 'a' and end with  'l',^j.*a.*l$
words that start with  'j' and followed by 'a' and end with  'li',^j.*a.*li$
words that start with  'ja' and followed by 'b' and end with  'r',^ja.*b.*r$
words that start with  'ja' and followed by 'ab' and end with  'r',^ja.*ab.*r$
words that start with  'ja' and followed by 'b' and end with  'rana',^ja.*b.*rana$
words that start with  'j' and followed by 'ad' and end with  'o' or 'u',^j.*ad.*o.*u$
words that start with  'ja' and followed by 'han' and end with  'm',^ja.*han.*m$
words that start with  'ja' and followed by 'han' and end with  'mi',^ja.*han.*mi$
words that start with  'ja' and followed by 'h' and end with  'l',^ja.*h.*l$
words that start with  'j' and end with  'la',^j.*la$
words that start with  'jald' and followed by 'd' and 'b' and end with  'zi',^jald.*d.*b.*zi$
words that start with  'ja' and followed by 's' and end with  'os' or 'us',^ja.*s.*os.*us$
words that start with  'j' and followed by 'lsa and end with  'zi',^j.*lsa and end with  $
words that start with  'j' and end with  'lsa',^j.*lsa$
words that start with  'j' and followed by 'o' or 'u' and end with  't' or 'th',^j.*o.*u.*t.*th$
words that start with  'j' and followed by 'oo' or 'u' and 't' and 'm' and end with  't' or 'th',^j.*oo.*u.*t.*m.*t.*th$
words that start with  'j' and followed by 'o' or 'u' and 't' and end with  'ta',^j.*o.*u.*t.*ta$
words that start with  'j' and followed by 'o' or 'u' and 't' and end with  'ti',^j.*o.*u.*t.*ti$
words that start with  'j' and followed by 'a' or 'u' and 'n' and end with  'g',^j.*a.*u.*n.*g$
words that start with  'j' and followed by 'a' or 'u' and 'ng' and end with  'li' or 'lee',^j.*a.*u.*ng.*li.*lee$
words that start with  'j' and followed by 'n' and 'o' or 'u' and end with  'ni',^j.*n.*o.*u.*ni$
words that start with  'ju' and followed by 'r' and end with  'm',^ju.*r.*m$
words that start with  'k' and followed by 'ch' and end with  'mar',^k.*ch.*mar$
words that start with  'k' or 'q' and followed by 'a' and end with  'fir',^k.*q.*a.*fir$
words that start with  'ka' or 'q' and followed by 'fir' and end with  'rana',^ka.*q.*fir.*rana$
words that start with  'k' and followed by 'a' and end with  'm',^k.*a.*m$
words that start with  'k' and followed by 'm' and 'h' and 'm' and end with  'yat',^k.*m.*h.*m.*yat$
words that start with  'ka' and followed by 'm' and end with  'na',^ka.*m.*na$
words that start with  'ka' and followed by 'mz' and end with  'r' or 're',^ka.*mz.*r.*re$
words that start with  'k' or 'q' and followed by 'ar' and 'w' or 'v' and end with  'a',^k.*q.*ar.*w.*v.*a$
words that start with  'k' and followed by 'sh' and end with  'fi',^k.*sh.*fi$
words that start with  'k' or 'c' and followed by 't' and 'p' and 't' and end with  'li',^k.*c.*t.*p.*t.*li$
words that start with  'k' or 'q' and followed by 'e' and end with  'na',^k.*q.*e.*na$
words that start with  'k' and followed by 'ha' and end with  'li' or 'le',^k.*ha.*li.*le$
words that start with  'kh' and followed by 'le' or 'li' and end with  'pan',^kh.*le.*li.*pan$
words that start with  'k' and followed by 'ha' and end with  'm',^k.*ha.*m$
words that start with  'k' and followed by 'ha' and end with  'mi',^k.*ha.*mi$
words that start with  'k' and followed by 'ha' and end with  'ti',^k.*ha.*ti$
words that start with  'kh' and followed by 'b' and 'r' and 'd' and end with  'ar',^kh.*b.*r.*d.*ar$
words that start with  'k' and followed by 'h' and 'b' and end with  't',^k.*h.*b.*t$
words that start with  'k' and followed by 'h' and 'b' and end with  'ti',^k.*h.*b.*ti$
words that start with  'k' and followed by 'h' and end with  'fa',^k.*h.*fa$
words that start with  'kh' and followed by 'a' and end with  'f',^kh.*a.*f$
words that start with  'kh' and followed by 'a' or 'e' and end with  'nch',^kh.*a.*e.*nch$
words that start with  'k' and followed by 'nz' and end with  'r',^k.*nz.*r$
words that start with  'kh' and followed by 'rab' and 'i' or 'y' and end with  'n',^kh.*rab.*i.*y.*n$
words that start with  'kh' and followed by 't' and 'r' and end with  'nak',^kh.*t.*r.*nak$
words that start with  'kh' and followed by 'a' or 'o' and end with  'f',^kh.*a.*o.*f$
words that start with  'kh' and followed by 'a' or 'i' and 'l' and end with  'af',^kh.*a.*i.*l.*af$
words that start with  'kh' and end with  'chao',^kh.*chao$
words that start with  'kh' and followed by 'uf' and 'i' or 'y' and end with  'a',^kh.*uf.*i.*y.*a$
words that start with  'k' and followed by 'n' and end with  'ara',^k.*n.*ara$
words that start with  'k' and followed by 'of' and end with  't',^k.*of.*t$
words that start with  'k' and end with  'ra',^k.*ra$
words that start with  'ku' and followed by 'f' and end with  'r',^ku.*f.*r$
words that start with  'k' and followed by 'f' and 'r' and end with  'ia',^k.*f.*r.*ia$
words that start with  'ku' and followed by 't' and 'i' or 'y' and end with  'a',^ku.*t.*i.*y.*a$
words that start with  'la' and followed by 'p' and 'rw' and end with  'hi',^la.*p.*rw.*hi$
words that start with  'la' and followed by 'p' and 'rw' and end with  'hi',^la.*p.*rw.*hi$
words that start with  'la' and followed by 'l' and end with  'chi',^la.*l.*chi$
words that start with  'la' and followed by 'n' and 'a' or 'u' and end with  't',^la.*n.*a.*u.*t$
words that start with  'la' and followed by 'n' and end with  'ti',^la.*n.*ti$
words that start with  'la' and followed by 'l' and 'a' or 'i' and end with  'ch',^la.*l.*a.*i.*ch$
words that start with  'la' and followed by 'd' or 'r' and end with  'ai',^la.*d.*r.*ai$
words that start with  'la' and followed by 'd' or 'r' and end with  'aka',^la.*d.*r.*aka$
words that start with  'l' and followed by 'r' or 'd' and end with  'na',^l.*r.*d.*na$
words that start with  'l' and end with  'nda',^l.*nda$
words that start with  'l' and followed by 'o' or 'u' and end with  't',^l.*o.*u.*t$
words that start with  'm' and followed by 'ar' and end with  'e' or 'y',^m.*ar.*e.*y$
words that start with  'ma' and followed by 'bh' and end with  't',^ma.*bh.*t$
words that start with  'm' and followed by 'hr' and 'o' or 'u' and end with  'm',^m.*hr.*o.*u.*m$
words that start with  'm' and followed by 'aj' and 'o' or 'u' and end with  'r',^m.*aj.*o.*u.*r$
words that start with  'm' and followed by 'aj' and 'o' or 'u' and end with  'ri',^m.*aj.*o.*u.*ri$
words that start with  'ma' and followed by 'khm' and 'o' or 'u' and end with  'r' or 're',^ma.*khm.*o.*u.*r.*re$
words that start with  'm' and followed by 'mn' and end with  'u' or 'o',^m.*mn.*u.*o$
words that start with  'ma' and followed by 'm' and end with  'li',^ma.*m.*li$
words that start with  'm' and followed by 'naz' and end with  'ra',^m.*naz.*ra$
words that start with  'ma' and followed by 'nh' and end with  's',^ma.*nh.*s$
words that start with  'm' and followed by 'ns' and 'o' or 'u' and end with  'kh',^m.*ns.*o.*u.*kh$
words that start with  'm' and followed by 'ar' and 'i' or 'e' and end with  'z' or 'x',^m.*ar.*i.*e.*z.*x$
words that start with  'm' and end with  'rg',^m.*rg$
words that start with  'm' and followed by 'rh' and 'o' or 'u' and end with  'm',^m.*rh.*o.*u.*m$
words that start with  'm' and followed by 'r' and end with  'na',^m.*r.*na$
words that start with  'm' and followed by 'sm' and end with  'arr',^m.*sm.*arr$
words that start with  'm' and followed by 's' and end with  't',^m.*s.*t$
words that start with  'm' and followed by 'a' or 'i' and end with  'ti',^m.*a.*i.*ti$
words that start with  'm' and followed by 'f' and end with  'q',^m.*f.*q$
words that start with  'm' and followed by 'ay' and 'o' or 'u' and end with  'b',^m.*ay.*o.*u.*b$
words that start with  'm' and followed by 'ay' and 'o' or 'u' and end with  's',^m.*ay.*o.*u.*s$
words that start with  'm' and followed by 'y' and 'o' or 'u' and end with  'si',^m.*y.*o.*u.*si$
words that start with  'm' and followed by 'zah' and 'm' and end with  't',^m.*zah.*m.*t$
words that start with  'm' and followed by 'az' and 'o' or 'u' and end with  'r',^m.*az.*o.*u.*r$
words that start with  'm' and followed by 'h' and 'n' and end with  'ga',^m.*h.*n.*ga$
words that start with  'm' and followed by 'hr' and 'o' or 'u' and end with  'mi',^m.*hr.*o.*u.*mi$
words that start with  'm' and followed by 'a' or 'e' and end with  'la',^m.*a.*e.*la$
words that start with  'mo' and followed by 'h' and 'e' or 'i' and end with  'b',^mo.*h.*e.*i.*b$
words that start with  'm' and followed by 'u' or 'o' and 'ph' and end with  't',^m.*u.*o.*ph.*t$
words that start with  'm' and followed by 'u' or 'o' and end with  't',^m.*u.*o.*t$
words that start with  'm' and followed by 'o' or 'u' and end with  'sar',^m.*o.*u.*sar$
words that start with  'm' and followed by 'd' and 'kh' and end with  'lat',^m.*d.*kh.*lat$
words that start with  'm' and followed by 'g' and 'lt' and end with  'a',^m.*g.*lt.*a$
words that start with  'm' and followed by 'h' and 'm' and end with  'l',^m.*h.*m.*l$
words that start with  'm' and followed by 'kh' and 'l' and end with  'f',^m.*kh.*l.*f$
words that start with  'm' and followed by 'l' and 't' and end with  'wi',^m.*l.*t.*wi$
words that start with  'm' and followed by 'na' and end with  'fiq',^m.*na.*fiq$
words that start with  'm' and followed by 'n' and 'f' and end with  'qat',^m.*n.*f.*qat$
words that start with  'm' and followed by 'nha' and end with  'raf',^m.*nha.*raf$
words that start with  'm' and followed by 'n' and 'q' or 'k' and end with  'ta',^m.*n.*q.*k.*ta$
words that start with  'm' and followed by 'n' and 't' and 'sh' and end with  'r',^m.*n.*t.*sh.*r$
words that start with  'm' and followed by 'r' and 'd' and end with  'a' or 'ah',^m.*r.*d.*a.*ah$
words that start with  'm' and followed by 'r' and 'd' and end with  'dil',^m.*r.*d.*dil$
words that start with  'm' and followed by 'r' and 'd' and end with  'dili' or 'dilli',^m.*r.*d.*dili.*dilli$
words that start with  'm' and followed by 'r' and 'd' and end with  'dili' or 'dilli',^m.*r.*d.*dili.*dilli$
words that start with  'm' and followed by 'r' and 'j' and end with  'na',^m.*r.*j.*na$
words that start with  'm' and followed by 'r' and 'j' and end with  'ya',^m.*r.*j.*ya$
words that start with  'm' and followed by 'si' or 'se' and end with  'bat',^m.*si.*se.*bat$
words that start with  'm' and followed by 'shk' and end with  'l',^m.*shk.*l$
words that start with  'm' and followed by 'shk' and 'l' and end with  'at',^m.*shk.*l.*at$
words that start with  'mu' and followed by 'sh' and 'r' and end with  'k' or 'q',^mu.*sh.*r.*k.*q$
words that start with  'm' and followed by 't' and 'z' and end with  'ad',^m.*t.*z.*ad$
words that start with  'm' and followed by 'tn' and 'ff' and end with  'r',^m.*tn.*ff.*r$
words that start with  'm' and followed by 'z' and 'h' and end with  'm',^m.*z.*h.*m$
words that start with  'm' and followed by 'z' and 'h' and end with  'mat',^m.*z.*h.*mat$
words that start with  'mo' or 'mu' and followed by 'z' and end with  'r',^mo.*mu.*z.*r$
words that start with  'm' and followed by 'zta' and 'r' and end with  'b',^m.*zta.*r.*b$
words that start with  'm' and followed by 'z' and 'm' and end with  't',^m.*z.*m.*t$
words that start with  'na' and followed by 'e' or 'a' and end with  'l',^na.*e.*a.*l$
words that start with  'na' and followed by 'ch' and end with  'ki',^na.*ch.*ki$
words that start with  'na' and followed by 'f' and 'r' and end with  'mani',^na.*f.*r.*mani$
words that start with  'na' and followed by 'g' and 'z' and end with  'r',^na.*g.*z.*r$
words that start with  'na' and followed by 'n' and 's' and end with  'fi',^na.*n.*s.*fi$
words that start with  'na' and followed by 'man' and 'z' and end with  'r',^na.*man.*z.*r$
words that start with  'na' and followed by 'm' and 'jo' and end with  'd',^na.*m.*jo.*d$
words that start with  'na' and followed by 'm' and 'n' and end with  'sib',^na.*m.*n.*sib$
words that start with  'na' and followed by 'p' and 'e' or 'i' and end with  'dar',^na.*p.*e.*i.*dar$
words that start with  'na' and followed by 'p' and 's' and end with  'nd',^na.*p.*s.*nd$
words that start with  'na' and followed by 'q' or 'k' and end with  'bil',^na.*q.*k.*bil$
words that start with  'nag' and followed by 'h' and end with  'ni',^nag.*h.*ni$
words that start with  'na' and followed by 'm' and 'z' and end with  'd',^na.*m.*z.*d$
words that start with  'na' and followed by 'z' and end with  'k',^na.*z.*k$
words that start with  'na' and followed by 'd' and 'r' and end with  'sat' or 'st',^na.*d.*r.*sat.*st$
words that start with  'n' and followed by 'f' and end with  'rat',^n.*f.*rat$
words that start with  'nag' and followed by 'w' and end with  'r',^nag.*w.*r$
words that start with  'nag' and followed by 'h' and end with  'ni',^nag.*h.*ni$
words that start with  'n' and followed by 'go' and end with  'ra' or 'da',^n.*go.*ra.*da$
words that start with  'na' and followed by 'g' and 'w' and end with  'r',^na.*g.*w.*r$
words that start with  'na' and followed by 'g' and 'w' and end with  'ri',^na.*g.*w.*ri$
words that start with  'na' and followed by 'h' and 's' and end with  'a',^na.*h.*s.*a$
words that start with  'na' and followed by 'h' and 's' and end with  't',^na.*h.*s.*t$
words that start with  'na' and followed by 'j' and end with  'z',^na.*j.*z$
words that start with  'nakh' and followed by 'r' and 'b' and end with  'z',^nakh.*r.*b.*z$
words that start with  'nam' and followed by 'r' and end with  'di',^nam.*r.*di$
words that start with  'n' and followed by 'r' and end with  'z' or 'x',^n.*r.*z.*x$
words that start with  'n' and followed by 'w' and 'k' or 'q' and end with  'f',^n.*w.*k.*q.*f$
words that start with  'n' and followed by 'd' and end with  'al',^n.*d.*al$
words that start with  'n' and followed by 'o' and 'u' and end with  'an',^n.*o.*u.*an$
words that start with  'n' and followed by 'k' and 'ch' and end with  'ra' or 'rha',^n.*k.*ch.*ra.*rha$
words that start with  'n' and followed by 'q' and end with  's',^n.*q.*s$
words that start with  'n' and followed by 'q' and 's' and end with  'an',^n.*q.*s.*an$
words that start with  'p' and followed by 'g' and end with  'l',^p.*g.*l$
words that start with  'p' and followed by 'b' and 'n' and 'd' and end with  'i',^p.*b.*n.*d.*i$
words that start with  'p' and followed by 'aga' and end with  'l',^p.*aga.*l$
words that start with  'p' and followed by 'g' and 'l' and end with  'pan',^p.*g.*l.*pan$
words that start with  'p' and followed by 'g' and end with  'la',^p.*g.*la$
words that start with  'p' and followed by 'a' or 'e' and end with  'ch',^p.*a.*e.*ch$
words that start with  'p' and followed by 'ch' and 'd' and end with  'a',^p.*ch.*d.*a$
words that start with  'p' and followed by 'ch' and 'd' and end with  'gi',^p.*ch.*d.*gi$
words that start with  'p' and followed by 'sh' and 'go' and end with  'i' or 'e',^p.*sh.*go.*i.*e$
words that start with  'p' and followed by 'r' and 'fr' or 'far' and end with  'b',^p.*r.*fr.*far.*b$
words that start with  'p' and followed by 'r' and 'sh' and end with  'n',^p.*r.*sh.*n$
words that start with  'p' and followed by 'r' and 'sh' and end with  'ni',^p.*r.*sh.*ni$
words that start with  'p' and followed by 'r' and 'sh' and end with  'n kun',^p.*r.*sh.*n kun$
words that start with  'p' and followed by 'rl' and end with  'a' or 'y',^p.*rl.*a.*y$
words that start with  'p' and followed by 'ta' and end with  'ai' or 'yi',^p.*ta.*ai.*yi$
words that start with  'p' and followed by 'ch' and end with  'e' or 'y',^p.*ch.*e.*y$
words that start with  'p' and followed by 's' and end with  'na',^p.*s.*na$
words that start with  'p' and followed by 'rw' and end with  'a' or 'h',^p.*rw.*a.*h$
words that start with  'p' or 'f' and followed by 'as' and end with  'di',^p.*f.*as.*di$
words that start with  'ph' and followed by 't' and end with  'na',^ph.*t.*na$
words that start with  'pho' and followed by 't' and end with  'na',^pho.*t.*na$
words that start with  'p' and followed by 'sh' and end with  'ab' or 'ap',^p.*sh.*ab.*ap$
words that start with  'p' and followed by 'sh' and 'd' and end with  'a',^p.*sh.*d.*a$
words that start with  'p' and followed by 'r' and 'jo' and end with  'sh',^p.*r.*jo.*sh$
words that start with  'p' and followed by 'ra' and end with  'na',^p.*ra.*na$
words that start with  'qa' or 'ka' and followed by 'si' and end with  'r',^qa.*ka.*si.*r$
words that start with  'qa' and followed by 'ti' and end with  'l',^qa.*ti.*l$
words that start with  'q' and followed by 'be' or 'bi' and end with  'h',^q.*be.*bi.*h$
words that start with  'q' or 'k' and followed by 'a' and end with  'd',^q.*k.*a.*d$
words that start with  'q' and followed by 's' and end with  'ai' or 'ayi',^q.*s.*ai.*ayi$
words that start with  'q' and 'k' and followed by 's' and end with  'r',^q.*k.*s.*r$
words that start with  'qas' or 'kas' and followed by 'r' and 'wa' and end with  'r',^qas.*kas.*r.*wa.*r$
words that start with  'q' or 'k' and followed by 't' and end with  'l',^q.*k.*t.*l$
words that start with  'q' or 'k' and followed by 'z' and end with  'a',^q.*k.*z.*a$
words that start with  'q' and followed by 'h' and end with  'r',^q.*h.*r$
words that start with  'q' and followed by 'h' and 'r al' and end with  'ud' or 'od',^q.*h.*r al.*ud.*od$
words that start with  'q' and followed by 'l' and end with  't',^q.*l.*t$
words that start with  'q' and followed by 'am' and end with  'at',^q.*am.*at$
words that start with  'raf' and followed by 'ch' and end with  'kar',^raf.*ch.*kar$
words that start with  'r' and followed by 'n' and end with  'di',^r.*n.*di$
words that start with  'r' and followed by 'n' and end with  'j',^r.*n.*j$
words that start with  'r' and followed by 'o' or 'u' and end with  'la',^r.*o.*u.*la$
words that start with  'ri' or 're' and followed by 'ak' or 'a k' and end with  'ri',^ri.*re.*ak.*a k.*ri$
words that start with  'r' and followed by 'hl' and end with  'at',^r.*hl.*at$
words that start with  'ri' and followed by 'ak' or 'a k' and end with  'ar',^ri.*ak.*a k.*ar$
words that start with  'r' and followed by 'khn' and end with  'y',^r.*khn.*y$
words that start with  'r' and followed by 's' and end with  'wa' or 'va',^r.*s.*wa.*va$
words that start with  'sa' and followed by 'da' and 'lo',^sa.*da.*lo$
words that start with  's' and may followed by 'n' or 'm' and end with  'p',^s.*n.*m.*p$
words that start with  'sa' and followed by 'z' and end with  'sh',^sa.*z.*sh$
words that start with  'sa' and followed by 'kh' and end with  't',^sa.*kh.*t$
words that start with  'sakh' and end with  'ti',^sakh.*ti$
words that start with  's' and followed by 'n' and end with  'g',^s.*n.*g$
words that start with  's' and followed by 'ng' and 'd' and end with  'l',^s.*ng.*d.*l$
words that start with  's' and followed by 'r' and 'kash' and end with  'i',^s.*r.*kash.*i$
words that start with  's' and followed by 'r' and 's' and end with  'am',^s.*r.*s.*am$
words that start with  'sa' and followed by 'z' and end with  'sh',^sa.*z.*sh$
words that start with  'sa' and followed by 'z' and end with  'shi',^sa.*z.*shi$
words that start with  'sh' end with  'k' or 'q',^sh.*k.*q$
words that start with  'sh' and end with  'ki' or 'qi',^sh.*ki.*qi$
words that start with  'sh' and end with  'k' or 'q',^sh.*k.*q$
words that start with  'sh' and followed by 'd' and end with  'd',^sh.*d.*d$
words that start with  'sh' and end with  'k' or 'q',^sh.*k.*q$
words that start with  'sh' and end with  'k' or 'q',^sh.*k.*q$
words that start with  'sh' and followed by 'r' and end with  'm',^sh.*r.*m$
words that start with  'sh' and followed by 'rm' and 'n' and end with  'da',^sh.*rm.*n.*da$
words that start with  'sh' and followed by 't' and end with  'ani',^sh.*t.*ani$
words that start with  'sh' and followed by 'khi' and 'b' and end with  'az',^sh.*khi.*b.*az$
words that start with  'sh' and followed by 't' and end with  'an',^sh.*t.*an$
words that start with  'sh' and followed by 'ka' and end with  'yat',^sh.*ka.*yat$
words that start with  'sh' and followed by 'k' or 'q' and end with  'wa' or 'va',^sh.*k.*q.*wa.*va$
words that start with  'sh' and followed by 'k' or 'q' and 'wa' or 'va' and end with  'sanj' or 'sanjh',^sh.*k.*q.*wa.*va.*sanj.*sanjh$
words that start with  'sh' and followed by 'o' or 'u' and end with  kh',^sh.*o.*u$
words that start with  'sh' and followed by 'o' or 'u' and end with  khi',^sh.*o.*u$
words that start with  'sh' and followed by 'l' and end with  'y',^sh.*l.*y$
words that start with  'sh' and followed by 'o' and end with  r',^sh.*o$
words that start with  'sho' and followed by 'r' and end with  'sh',^sho.*r.*sh$
words that start with  's' and followed by 'fak' and end with  'kana',^s.*fak.*kana$
words that start with  's' and followed by 'ya' and end with  'h',^s.*ya.*h$
words that start with  's' and followed by 'ya' and end with  'hi',^s.*ya.*hi$
words that start with  'so' or 'sau' and followed by 'd' and end with  'a',^so.*sau.*d.*a$
words that start with  'so' or 'sau' and followed by 'd' and end with  'i',^so.*sau.*d.*i$
words that start with  's' and followed by 'kh' and end with  'na',^s.*kh.*na$
words that start with  's' and followed by 'u' or 'o' and end with  'ka' or 'kha',^s.*u.*o.*ka.*kha$
words that start with  's' and followed by 'u' or 'o' and end with  'r',^s.*u.*o.*r$
words that start with  's' and followed by 'ra' and end with  'kh',^s.*ra.*kh$
words that start with  's' and followed by 'k' or 'q' and end with  'ut' or 'ot',^s.*k.*q.*ut.*ot$
words that start with  's' and followed by 'n' or 's' and end with  'n',^s.*n.*s.*n$
words that start with  's' and followed by 's' and end with  't',^s.*s.*t$
words that start with  's' and followed by 's' and end with  'ti',^s.*s.*ti$
words that start with  'ta' and followed by 'l' and 'ma' and 't' and end with  'ole' or 'ol',^ta.*l.*ma.*t.*ole.*ol$
words that start with  'ta' and followed by 'n' and end with  'e' or 'y',^ta.*n.*e.*y$
words that start with  't' and followed by 'r' and another 't' and end with  'r',^t.*r.*t.*r$
words that start with  't' and followed by 'b' and end with  'a' or 'ah',^t.*b.*a.*ah$
words that start with  't' and followed by 'ba' and 'k' and end with  'n',^t.*ba.*k.*n$
words that start with  't' and followed by 'ba' and 'h' and end with  'i' or 'e',^t.*ba.*h.*i.*e$
words that start with  't' and followed by 'b' or 's' and end with  'ra' or 'rah',^t.*b.*s.*ra.*rah$
words that start with  't' and followed by 'fr' and end with  'k' or 'q',^t.*fr.*k.*q$
words that start with  't' and followed by 'hl' and end with  'l',^t.*hl.*l$
words that start with  'ta' or 'te' and end with  'sh',^ta.*te.*sh$
words that start with  't' and end with  'z' or 'x',^t.*z.*x$
words that start with  't' and followed by 'z' or 'x' and end with  'i',^t.*z.*x.*i$
words that start with  't' and followed by 'jaw' and end with  'z',^t.*jaw.*z$
words that start with  't' and followed by 'kab' and end with  'r',^t.*kab.*r$
words that start with  't' and followed by 'ka' and end with  'n',^t.*ka.*n$
words that start with  'ta' and followed by 'k' and end with  'd',^ta.*k.*d$
words that start with  'ta' and followed by 'kh' and end with  'r',^ta.*kh.*r$
words that start with  't' and followed by 'khf' and end with  'f',^t.*khf.*f$
words that start with  't' and followed by 'kk' and end with  'r',^t.*kk.*r$
words that start with  't' and followed by 'kl' and end with  'f',^t.*kl.*f$
words that start with  't' and followed by 'kl' and 'f' and end with  'da' or 'dah',^t.*kl.*f.*da.*dah$
words that start with  't' and followed by 'kl' and 'f' and end with  'dehi' or 'dahi',^t.*kl.*f.*dehi.*dahi$
words that start with  't' and followed by 'kl' and 'f' and end with  'deh' or 'dah',^t.*kl.*f.*deh.*dah$
words that start with  't' and followed by 'kl' and 'f' and end with  'dena' or 'dana',^t.*kl.*f.*dena.*dana$
words that start with  't' and followed by 'kr' and end with  'na',^t.*kr.*na$
words that start with  't' and followed by 'l' and end with  'kh',^t.*l.*kh$
words that start with  't' and followed by 'l' and end with  'khi',^t.*l.*khi$
words that start with  't' and followed by 'lm' and end with  'lana',^t.*lm.*lana$
words that start with  't' and followed by 'm' and 'skh' and end with  'r',^t.*m.*skh.*r$
words that start with  'tam' and followed by 'k' and end with  'nat',^tam.*k.*nat$
words that start with  't' and followed by 'n' and 'z' and end with  'a',^t.*n.*z.*a$
words that start with  't' and followed by 'nb' and end with  'i' or 'e' or 'h',^t.*nb.*i.*e.*h$
words that start with  't' and followed by 'n' and end with  'g',^t.*n.*g$
words that start with  't' and followed by 'ng' and end with  'i',^t.*ng.*i$
words that start with  'tan' or 'ten' and followed by 'ha' and end with  'i' or 'e',^tan.*ten.*ha.*i.*e$
words that start with  't' and followed by 'nq' or 'nk' and end with  'd',^t.*nq.*nk.*d$
words that start with  't' and followed by 'n' and end with  'z',^t.*n.*z$
words that start with  't' and followed by 'nz' and end with  'ia' or 'ya',^t.*nz.*ia.*ya$
words that start with  't' and followed by 'p' and 'ka' and end with  'na',^t.*p.*ka.*na$
words that start with  't' and followed by 'p' and 'k' and end with  'na',^t.*p.*k.*na$
words that start with  't' and followed by 'ks' and 'qs' and end with  'm',^t.*ks.*qs.*m$
words that start with  't' and followed by 'r' or 'd' and 'p' and end with  na',^t.*r.*d.*p$
words that start with  'ta' and followed by 'r' and end with  'ek' or 'ik',^ta.*r.*ek.*ik$
words that start with  't' and followed by 'r' and end with  'z',^t.*r.*z$
words that start with  't' and followed by 're' or 'ri' and end with  'q' or 'k',^t.*re.*ri.*q.*k$
words that start with  't' and followed by 'r' and end with  'q' or 'k',^t.*r.*q.*k$
words that start with  'tasa' and followed by 'd' and end with  'm',^tasa.*d.*m$
words that start with  't' and followed by 'sh' and 'd' and end with  'd',^t.*sh.*d.*d$
words that start with  't' and followed by 'sh' and another 'h' and end with  'r',^t.*sh.*h.*r$
words that start with  't' and followed by 'sh' and 'w' or 'v' and end with  'sh',^t.*sh.*w.*v.*sh$
words that start with  't' and followed by 'he' or 'hi' and end with  'n',^t.*he.*hi.*n$
words that start with  'ta' and followed by 'va' or 'wa' and end with  'n',^ta.*va.*wa.*n$
words that start with  't' and end with  'sh',^t.*sh$
words that start with  't' and followed by 'za' and end with  'd',^t.*za.*d$
words that start with  't' and followed by 'z' and 'h' and end with  'k',^t.*z.*h.*k$
words that start with  't' and followed by 'h' and 'q' and end with  'r',^t.*h.*q.*r$
words that start with  't' and followed by 'h' ad 'r' and end with  'k',^t.*h.*r.*k$
words that start with  'te' and followed by 'o' or 'w' or 'v' and end with  'ri',^te.*o.*w.*v.*ri$
words that start with  'te' and followed by 'r' or 'd' and end with  'a',^te.*r.*d.*a$
words that start with  't' and followed by 'za' and end with  'b',^t.*za.*b$
words that start with  'th' and followed by 'k' and end with  'n',^th.*k.*n$
words that start with  'th' and followed by 'r' and 'k' and end with  'i' or 'y',^th.*r.*k.*i.*y$
words that start with  'th' and followed by 'k' and end with  'r',^th.*k.*r$
words that start with  'th' and followed by 'k' and end with  'na',^th.*k.*na$
words that start with  'th' and followed by 'ns' and end with  'na',^th.*ns.*na$
words that start with  'th' and followed by 'd' and 'r' and end with  'a',^th.*d.*r.*a$
words that start with  'th' and followed by 't' or 'th' and end with  'a',^th.*t.*th.*a$
words that start with  't' and followed by 'h' or 'm' and end with  't',^t.*h.*m.*t$
words that start with  't' and followed by 'f' and end with  'an',^t.*f.*an$
words that start with  't' and followed by 'o' or 'u' and end with  't',^t.*o.*u.*t$
words that start with  't' and followed by 'ta' and 'h' and end with  'wa',^t.*ta.*h.*wa$
words that start with  't' and followed by 'ta' and 'ph' and end with  'ta' or 'tha',^t.*ta.*ph.*ta.*tha$
words that start with  't' and followed by 't' or 'n' and end with  'a',^t.*t.*n.*a$
words that start with  't' and followed by 'r' or 'd' and end with  'a',^t.*r.*d.*a$
words that start with  't' and followed by 'r' or 'd' and end with  'na',^t.*r.*d.*na$
words that start with  'to' or 'tau' and followed by 's' or 'q' and end with  'shuda',^to.*tau.*s.*q.*shuda$
words that start with  't' and followed by 'k' and end with  'da' or 'ra',^t.*k.*da.*ra$
words that start with  't' and followed by 'n' and 'z' and end with  'l',^t.*n.*z.*l$
words that start with  't' and followed by 'r' and end with  'sh',^t.*r.*sh$
words that start with  'u' or 'o' and followed by 'd' and end with  's',^u.*o.*d.*s$
words that start with  'u' or 'o' and followed by 'd' and end with  'si',^u.*o.*d.*si$
words that start with  'u' or 'o' and followed by 'd' and end with  'r',^u.*o.*d.*r$
words that start with  'u' or 'o' and followed by 'd' and end with  'm',^u.*o.*d.*m$
words that start with  'u' or 'o' and followed by 'j' and end with  'r',^u.*o.*j.*r$
words that start with  'u' or 'o' and followed by 'j' and end with  'ra',^u.*o.*j.*ra$
words that start with  'u' or 'o' and followed by 'ks' and end with  'na',^u.*o.*ks.*na$
words that start with  'u' or 'o' and followed by 'ks' and end with  'ya',^u.*o.*ks.*ya$
words that start with  'u' or 'o' and followed by 'kt' and end with  'ya',^u.*o.*kt.*ya$
words that start with  'u' and followed by 'lat' and 'p' and end with  'at',^u.*lat.*p.*at$
words that start with  'u' or 'o' and followed by 'lj' and end with  'n',^u.*o.*lj.*n$
words that start with  'u' or 'o' and followed by 'lj' and end with  'a',^u.*o.*lj.*a$
words that start with  'u' or 'o' and followed by 'lj' and end with  'na',^u.*o.*lj.*na$
words that start with  'u' or 'o' and followed by 'lj' and end with  'o' or 'w',^u.*o.*lj.*o.*w$
words that start with  'u' or 'o' and followed by 'l' and end with  'u' or 'o',^u.*o.*l.*u.*o$
words that start with  'u' or 'o' and followed by 'lt' and end with  'a' or 'h',^u.*o.*lt.*a.*h$
words that start with  'u' and followed by 'd' or 'r' and end with  'ta',^u.*d.*r.*ta$
words that start with  'u' or 'o' and followed by 'ta' and end with  'r',^u.*o.*ta.*r$
words that start with  'u' or 'o' and followed by 'ta' and 'r' and end with  'na',^u.*o.*ta.*r.*na$
words that start with  'w' and followed by 'h' and 'm' and end with  'y' or 'i',^w.*h.*m.*y.*i$
words that start with  'wa' and followed by 'rd' and end with  't',^wa.*rd.*t$
words that start with  'w' and followed by 'ba' and 'm' and end with  'l',^w.*ba.*m.*l$
words that start with  'w' and followed by 'f' and 'a' and end with  't',^w.*f.*a.*t$
words that start with  'w' or 'v' and followed by 'rg' and 'la' and end with  'na',^w.*v.*rg.*la.*na$
words that start with  'w' and followed by 'sw' and 's' and end with  'y' or 'i',^w.*sw.*s.*y.*i$
words that start with  'w' or 'v' and followed by 'ra' and end with  'ni',^w.*v.*ra.*ni$
words that start with  'w' or 'v' and followed by 'h' and end with  'm',^w.*v.*h.*m$
words that start with  'w' or 'v' and followed by 'h' and end with  'mi',^w.*v.*h.*mi$
words that start with  'w' and followed by 'sh' and end with  'i',^w.*sh.*i$
words that start with  'w' or 'v' and followed by 'ra' and end with  'n',^w.*v.*ra.*n$
words that start with  'w' or 'v' and followed by 'ra' and end with  'ni',^w.*v.*ra.*ni$
words that start with  'yar' and followed by 'g' and 'm' and end with  'l',^yar.*g.*m.*l$
words that start with  'z' and followed by 'b' and 'rd' and end with  'sti',^z.*b.*rd.*sti$
words that start with  'z' and followed by 'b' and end with  'o' or 'u' or 'n',^z.*b.*o.*u.*n$
words that start with  'z' and followed by 'h' and 'm' and end with  't',^z.*h.*m.*t$
words that start with  'z' and followed by 'r' and 'aa' and end with  'b',^z.*r.*aa.*b$
words that start with  'z' and followed by 'kh' and end with  'm',^z.*kh.*m$
words that start with  'za' and followed by 'l' and 'm' and end with  'l',^za.*l.*m.*l$
words that start with  'z' and followed by 'l' and end with  'm',^z.*l.*m$
words that start with  'z' and followed by 'h' and 'm' and end with  't',^z.*h.*m.*t$
words that start with  'z' and followed by 'r' and 'm' and end with  'r',^z.*r.*m.*r$
words that start with  'z' and followed by 'r' and another 'r' and 's' and end with  'ai',^z.*r.*r.*s.*ai$
words that start with  'z' and contain two sub  s 'r' and one sub 'ras' and end with  'an',^z.*r.*ras.*an$
words that start with  'z' and followed by 'lza' and end with  'la',^z.*lza.*la$
words that start with  'z' and followed by 'w' and end with  'l',^z.*w.*l$
words that start with  'z' and followed by 'y' or 'd' and end with  'ti',^z.*y.*d.*ti$
words that start with  'z' and followed by 'h' and 'm' and end with  't',^z.*h.*m.*t$
words that start with  'z' and followed by 'i' and end with  'd',^z.*i.*d$
words that start with  'z' and followed by 'i' and end with  'di',^z.*i.*di$
words that start with  'z' and followed by 'l' and end with  't',^z.*l.*t$
words that start with  'zil' and followed by 't' and 'am' and and end with  'z',^zil.*t.*am.*z$
words that start with  'z' and followed by 'a' and end with  'a',^z.*a.*a$
words that start with  'z' and followed by 'n' and 'k' and end with  'r',^z.*n.*k.*r$
words that start with  'z' and followed by 'n' and 'k' and end with  'ri',^z.*n.*k.*ri$
words that start with  'zo' or 'zu' and followed by 'ma' and end with  'ni',^zo.*zu.*ma.*ni$
words that start with  'zor' and followed by 'r' and 'w' or 'v' and end with  'ar',^zor.*r.*w.*v.*ar$
words that start with  'z' and followed by 'rd' and end with  'r',^z.*rd.*r$
words that start with  'z' and followed by 'l' and end with  'm',^z.*l.*m$
words that start with 'r'  and  followed by 'kh' ,^r.*kh$
words that start with 'sh'  and  followed by 'ru' or 'ro' ,^sh.*ru.*ro$
words that start with 'a' and followed by 'g' and  end with' r' ,^a.*g.* r$
words that start with 'k' and followed by one 'r'  and  end with 'n' ,^k.*r.*n$
words that start with 'k'  and followed by one 'r' in between,^k.*r$
words that start with 'li' or 'ly' and  end with 'e' or 'a',^li.*ly.*e.*a$
words that start with 'le' or 'li' and  end with 'y' or 'h',^le.*li.*y.*h$
words that start with 'd' optionally followed by another character  and  end with 'n' ,^d.*n$
words that start with 't' and followed by 'r'  and  end with 'h' or 'a' ,^t.*r.*h.*a$
words that start with 'tar'  and  end with 'n'  followed by 'ha',^tar.*n.*ha$
words that start with 'k'  and followed by 'rt' in between ,^k.*rt$
words that start with 'chah' and  end with 'y' 'a' 'e' or 'n',^chah.*y.*a.*e.*n$
words that start with 'ch'  and followed by another 'h' or 'y' and  end with 'e' or 'y',^ch.*h.*y.*e.*y$
"words that start with 'd',  followed by 'u'  and  'o' in between,  followed by 'sr'",^d.*u.*o.*sr$
"words that start with 'ba','bh'  and  end with 'a','e','I'",^ba.*bh.*a.*e.*I$
"words that start with 'ba','bh'  and  end with 'I' or 'a'  followed by 'y' or 'yy'",^ba.*bh.*I.*a.*y.*yy$
"words that start with 'm'  and  end with 't',  followed by one 'a' in between",^m.*t.*a$
"words that start with 'p'  and  end with 'x','z','g',  contain one or more 'l'",^p.*x.*z.*g.*l$
"words that start with 'b',  followed by one 'h'  and  end with 't'",^b.*h.*t$
words that start with  'b'  and  end with 't',^b.*t$
words that start with 'bh'  and  end with 't',^bh.*t$
words that start with 'b' and followed by one or two 'h' ,^b.*h$
words that start with 'ba'  and  end with 't',^ba.*t$
words that start with 'b' and followed by one 'h' in between  and  end with 't',^b.*h.*t$
words that start with 'boha' and  and  end with 't',^boha.*t$
words that start with 'bo'  and  end with 't',^bo.*t$
words that start with 'farm' or 'frm' and  end with  'y',^farm.*frm.*y$
"words that start with 'farm' or 'frm' and  end with 'a','e' ,'I'",^farm.*frm.*a.*e.*I$
"words that start with 'fram', 'ferm' or 'farm' and  end with 'n'",^fram.*ferm.*farm.*n$
words that start with 'f' or 'p'  and followed by 'may' in between,^f.*p.*may$
words that start with 'in'  and followed by one 's'  and  one 'b',^in.*s.*b$
"words that start with 'sh'  and  end with 'm',  followed by one 'r'",^sh.*m.*r$
"words that start with 'h'  and  end with 'y' or 'I',  followed by 'm' in between",^h.*y.*I.*m$
"words that start with 'k',  followed by one 'r'  and  end with 'u' or 'o'",^k.*r.*u.*o$
words that start with 'kh'  followed by one 'l'  and  end with 'n',^kh.*l.*n$
"words that start with 'p'  and  end with 'a',  followed by one 'd'",^p.*a.*d$
"words that start with 'kh'  and  end with 'sh',  followed by 'o' or 'a' in between",^kh.*sh.*o.*a$
"words that start with 's'  and followed by one 'h', and  end  ing with 'e' or 'I', not more than  four letters in total",^s.*h.*e.*I$
words that start with 'k'  and  end with 'r' and followed by vowel in between,^k.*r$
"words that start with 'k'  and followed by one 's', and  end  ing with 'y' or 'e'",^k.*s.*y.*e$
"words that start with 'm',  followed by one 'r'  and  end with 'I'",^m.*r.*I$
"words that start with 'nah'  and  end with 'I','e' or 'n'",^nah.*I.*e.*n$
words that start with 'nh'  and  end with 'n',^nh.*n$
words that start with 'th' or 't'  and  end with 'y' or 'I',^th.*t.*y.*I$
"words that start with 'r'  and  end with 'y' , followed by one 'h'",^r.*y.*h$
"words that start with 'l'  and  end with 'I' or 'y' or 'h', followed by 'a' or 'e' in between",^l.*I.*y.*h.*a.*e$
words that start with 's'  followed by one 'k'  and  end with 'y' or 'I',^s.*k.*y.*I$
words that start with 'hu'  and  end with 'a',^hu.*a$
words that start with 'h'  and  end with 'va' or 'wa',^h.*va.*wa$
words that start with 'de'  followed by  'kh' or 'k' and  end with 'na',^de.*kh.*k.*na$
words that start with 'da'  followed by  'kh' and  end with 'na',^da.*kh.*na$
words that start with 'd' and  end with 'khna',^d.*khna$
words that start with 'n'  followed by 'k' and  end  ing with 'I',^n.*k.*I$
words that start with 'aa' or 'ay' and  end with 'n' or 'a',^aa.*ay.*n.*a$
words that start with 'a' and  end with 'I' or 'y',^a.*I.*y$
words that start with 'a' or 'aa' and  end with 'e',^a.*aa.*e$
words that start with 'm'  followed by 'hrb' or 'rb' in between,^m.*hrb.*rb$
words that start with 'ko'  and  followed by 'sh' or 's' inbetween and  end  ing with 's' or 'sh',^ko.*sh.*s.*s.*sh$
words that start with 'j'  and followed by one 'g' and  end with 'a',^j.*g.*a$
words that start with 'jag' and  end with 'a' or 'h',^jag.*a.*h$
words that start with 'rah' and  end with 'y',^rah.*y$
"words that start with 'r' or 'rah' and  end with 'I','e' or 'y'",^r.*rah.*I.*e.*y$
"words that start with 'k'  and followed by 'k', 'n'  and  'r' in between",^k.*k.*n.*r$
words that start with 'mj' and  end with 'a' or 'y',^mj.*a.*y$
words that start with 'muj' and  end with 'I' or 'h',^muj.*I.*h$
words that start with 'muj' and  end with 'e' or 'y',^muj.*e.*y$
"words that start with 'l'  followed by 'a','e', or 'I'  and end with 'n'",^l.*a.*e.*I.*n$
three or four letter words that start with 'do' or 'du' and  end with 'a',^do.*du.*a$
words that start with 'do' or 'du'  and  end with 'ein',^do.*du.*ein$
words that start with 'dua' and  end with 'en' or 'in' ,^dua.*en.*in$
"words that start with 'd'  and  end with 'ya',  followed by one 'n'",^d.*ya.*n$
words that start with 'chaht' ,^chaht$
words that start with 't'  followed by 'y'  and  end with 'ar',^t.*y.*ar$
words that start with 'w'  followed by 'es' or 'as' ,^w.*es.*as$
words that start with 'w' and  end with 'sa',^w.*sa$
words thagt start with 'we' and  end with 'a',^we.*a$
"words that start with 'h'  and  end with 'r',  followed by 'e' ,'u' ,'a' in between",^h.*r.*e.*u.*a$
words that start with 'la' and  end with 'ty' or 'ay',^la.*ty.*ay$
words that start with 'lyt' and  end with 'I' or 'y',^lyt.*I.*y$
words that start with 'l' and  end with 'te',^l.*te$
words that start with 'zab' and  end with 'dast',^zab.*dast$
words that start with 'zab'  followed by 'berd' or 'bard' and  end with 'st' or 'sth',^zab.*berd.*bard.*st.*sth$
words that start with 'zab'  and  one 'r'  followed by digit with and  end  ,^zab.*r$
words that start with 'z' and  end with  'brdst',^z.*brdst$
words that start with 'bta' and  end with 'n',^bta.*n$
words that start with 'bat' and  end with  'e' or 'n'  followed by  one 'I',^bat.*e.*n.*I$
"words that start with 'k'  and  end with 'c','s' or 'x',  followed by 'I' ",^k.*c.*s.*x.*I$
words that start with 'me' or 'ma' and  end with 'e'  followed by  one 'r',^me.*ma.*e.*r$
"words that start with 'mer' and  end with 'y','I' or 'e'",^mer.*y.*I.*e$
words that start with 'm'  followed by  one 'r' and  end with 'y' or 'e',^m.*r.*y.*e$
words that start with 'kami'  and  end with 'ab',^kami.*ab$
words that start with 'mehn' and  end with 't',^mehn.*t$
words that start with 'm'  followed by  'hn' and  end with 't',^m.*hn.*t$
words that start with 'm'  followed by 'nat'  and  end with 'a' or 'y',^m.*nat.*a.*y$
"words that start with 'ga' or 'ge' and  end with 'e','a' or 'I'",^ga.*ge.*e.*a.*I$
"words that start with 'gy' and  end with 'a','y' or 'I'",^gy.*a.*y.*I$
words that start with 'b'  followed by  'nan' and  end with 'y' or 'I',^b.*nan.*y.*I$
"words that start with 'banan' and  end with 'e','y'  ",^banan.*e.*y$
words that start with 'b' and  end with 'da',^b.*da$
words that start with 'b' and  end with 'ra',^b.*ra$
words that start with 'her'  and  end with 'an',^her.*an$
words that start with 'h' and  end with 'ran',^h.*ran$
words that start with 'k' or 'q' and  end with 'o'  followed by 'I',^k.*q.*o.*I$
words that start with 'ky' and  end with 'n',^ky.*n$
words that start with 'ki' and  end with 'un',^ki.*un$
words that start with 'b'  and  end with 'rosa',^b.*rosa$
words that start with 'b'  followed by 'd' or 'r'  and  end with 'ao',^b.*d.*r.*ao$
words that start with 'p'  and  end with 'ra',^p.*ra$
"words that start with 'p'  followed by 'r'  and  with 'e', 'a' or 'y'",^p.*r.*e.*a.*y$
words that start with 'h' muct followed by 'm'  and  end with 'sha',^h.*m.*sha$
words that start with 'la'  followed by 'd' and  end with 'e' or 'y',^la.*d.*e.*y$
words that start with 'l'  followed by  'r'  and  end with 'y' or 'I',^l.*r.*y.*I$
words that start with 'a'  followed by  'sh' or 'ch' and  end with 'a' or 'w',^a.*sh.*ch.*a.*w$
words that start with 'a'  followed by  one 'h' and  end  ing with 'a' or 'e',^a.*h.*a.*e$
words that start with 'hoja' and  end with 'y',^hoja.*y$
"words that start with 'hoja' and  end  ing with 'I','e' or 'n'",^hoja.*I.*e.*n$
words that start with 'de' and  end with 'kha',^de.*kha$
words that start with 'da' and  end with 'kha',^da.*kha$
words that start with 'd' and  end with 'kha',^d.*kha$
words that start with 'kh'  and  end with 'hish',^kh.*hish$
"words that start with 'k'  followed by 'ht'  and  end with 'a' ,'e' or 'y'",^k.*ht.*a.*e.*y$
"words that start with 'a'  followed by 'ja'  and  end with 'e','I' or 'y'",^a.*ja.*e.*I.*y$
words that start wit 'm' followed by 'sib'  and  end with 't',^m.*sib.*t$
words that start with 'h'  and  end with 'mat' with any number of 'm'  and  'a',^h.*mat.*m.*a$
words that start with 'v' or 'w'  and  end with 'sta',^v.*w.*sta$
words that start with 'peh' and  end with 'e' or 'y',^peh.*e.*y$
words that start with 'ph' and  end  ing with 'y' or 'a',^ph.*y.*a$
words that start with 'e' or 'a'  and  end with 'tmad',^e.*a.*tmad$
words that start with 'b'  and followed by 'ta' and  end  ing with 'u' or 'o',^b.*ta.*u.*o$
words that start  and  end with any number of 'a'  and  'o' respectively  followed by a 'y' or 'w',^a.*o.*y.*w$
"words that start with 'b'  followed by 'th'  and  end with 'I','y' or 'n'",^b.*th.*I.*y.*n$
words that start with 'd'  followed by another 'd' in between  and  end with 'y' or 'n',^d.*d.*y.*n$
words that start with 'kh'  followed by 'lt' and  end  ing with 'y' or 'e',^kh.*lt.*y.*e$
words that start with 'in' or 'an'  followed by  a 'll' and  end with 'h',^in.*an.*ll.*h$
words that start with 'a' or 'I'  followed by 'sh'  and  'll' and  end with 'h',^a.*I.*sh.*ll.*h$
words that start with 'z' and  end with 'yada',^z.*yada$
words that start with 'z' and  end with 'da',^z.*da$
words that start with 'x' or 'z'  and  end with 'da',^x.*z.*da$
words that start with 't' and  end with 'y'  followed by  one 'r',^t.*y.*r$
words that start with 'ter'  and  end  ing with 'e' or 'y',^ter.*e.*y$
words that start with 'bh'  and  followed by 'la' in between,^bh.*la$
words that start with 'ko' and  end with 'm',^ko.*m$
words that start  'qo' or 'qa'  and  end with 'm',^qo.*qa.*m$
words that start with ' and '  and  end with 'r',^ and .*r$
words that start with 'mel' and  end with 'e' or 'y',^mel.*e.*y$
words that start with 'mil' and  end with 'y' or 'e',^mil.*y.*e$
words that start with 'ist'  followed by one 'm'  and  end with 'l',^ist.*m.*l$
words that start with 'su' or 'so'  followed by  'k' and  'r' and  end with 'ia' or 'ya',^su.*so.*k.*r.*ia.*ya$
words that start with 'shokr' and  end with 'ya',^shokr.*ya$
words that start with 'shkr' and  end with 'ia' or 'ya',^shkr.*ia.*ya$
words that start with 'shuk' and  end with 'ria',^shuk.*ria$
words that start with 'shukr' and  end with 'ya',^shukr.*ya$
words that start with 'shuk' and  end with 'a' or 'h',^shuk.*a.*h$
words that start with 'ch' and  end with 'x',^ch.*x$
words that start with 'che' and  end with 'z' or 'e',^che.*z.*e$
words that start with 'b'  followed by 'fi' and followed by 'k' or 'q'  and  end with 'r',^b.*fi.*k.*q.*r$
words that start with 'b'  followed by one 'z'  and  end with 'rg',^b.*z.*rg$
words that start with 'm'  followed by 'h'  and  'b'  and  end with 't',^m.*h.*b.*t$
words that start 'jay',^jay$
words that start with 'ja' and  end with 'e' or 'I',^ja.*e.*I$
words that start with 'ta'  followed by one 'r'  and  end with 'f',^ta.*r.*f$
words that start with 'kh'  and  end with 'b',^kh.*b$
words that start with 'Is'  followed by 'me',^Is.*me$
words that start wit 'is'  followed by 'may',^is.*may$
words that start with 'is' and  end with 'n' or 'in' ,^is.*n.*in$
words that start with 'm'  and  end with 'dad',^m.*dad$
words that start with 'da' and  end with 'khtay',^da.*khtay$
words that start with 'd' and  end with 'khte',^d.*khte$
words that start with 'de'  followed by  'kht'  and  end with 'y',^de.*kht.*y$
four letter words that start wit 'sh' and  end with 'r',^sh.*r$
words that start with 'sh' and  end with 'r'  followed by  'e' or 'a' in between,^sh.*r.*e.*a$
words that start with 'sha' and  end with 'r' or 'e',^sha.*r.*e$
words that start with 'tar' and  end with 'qi',^tar.*qi$
words that start with 'tarak' and  end with 'I',^tarak.*I$
words that start with 't' and  end with 'raqqi',^t.*raqqi$
words that start with 'ach' and  end with 'e',^ach.*e$
words that start with 'a' and  end with 'e' or 'I'  followed by  digit in between,^a.*e.*I$
words that start with 'ach' and  end with 'y' or 'e',^ach.*y.*e$
words that start with 'ach' and  end with 'y',^ach.*y$
words that start with 'h'  followed by 'g'  and  end with 'e' or 'I',^h.*g.*e.*I$
words that start with 'd'  and  end with 'ti',^d.*ti$
words that start with 'bh' and  end with 'ye' or 'ay',^bh.*ye.*ay$
"words that start with 'bho' and  end with 'ye' or 'ay' , 'u'",^bho.*ye.*ay.*u$
words that start with 'fa' or 'fy'  and  end with 'da',^fa.*fy.*da$
words that start with 'r'  followed by 'wa'  and  end with 'ya' or 'ye',^r.*wa.*ya.*ye$
words that start with 'tare' and  end with 'ka',^tare.*ka$
words that start with 'tareek' and  end with 'y' or 'e',^tareek.*y.*e$
words that start with 'tariq' and  end with 'y',^tariq.*y$
words that start with 'tare' and  end with 'e' or 'y' mjst followed by  'eq',^tare.*e.*y.*eq$
words that start with 't' and  end with 'qa'  followed by  'ri' or 're',^t.*qa.*ri.*re$
words that start with 'p' or 'f'  followed by 'lan'  and  end with 'y',^p.*f.*lan.*y$
"words that start with 'kh'  followed by 'sh'  and  end with 'I', 'y' or 'e'",^kh.*sh.*I.*y.*e$
words that start wih 'es' and  end with 'e' or 'y',^es.*e.*y$
words that start with 'a' or 'I' and  end with 'y'  followed by  one 's',^a.*I.*y.*s$
words that start  and  end with 'a'  followed by  one 'la',^a.*la$
words that start with 'a' and  end with 'a' or 'w'  followed by  one 'l' in between,^a.*a.*w.*l$
words that start with 'k'  and  end with 'y' or 'e',^k.*y.*e$
words that start with 'm' or 'M'  followed by  'sha'  and  'allah',^m.*M.*sha.*allah$
words that start with 'ma'  followed by  'sa' or 'sha' and  end with 'lah' or 'lh',^ma.*sa.*sha.*lah.*lh$
words that start with 'dyt' and  end with 'y' or 'I',^dyt.*y.*I$
words that start with 'da' or 'de' and  end with 'tay',^da.*de.*tay$
"words that start with 'l'  followed by  'ki' ,'ke' or 'ka' and  end with 'n'",^l.*ki.*ke.*ka.*n$
words that start with 'la' and  end with 'en' or 'in'  followed by  'k',^la.*en.*in.*k$
words that start with 'alh'  followed by 'md'  and  end with 'lillah',^alh.*md.*lillah$
words that start with 'm' must conain 'f'  and  end with 'd',^m.*f.*d$
words that start with 'h'  followed by 'as' many as  and  end with 'a',^h.*as.*a$
words that start with 'j'  followed by 'og'  and  end with 'y',^j.*og.*y$
words that start with 'walikum'  and  followed by  'as' afterwards,^walikum.*as$
words that start with 'wa'  followed by  'kum'  and  'ass' in between,^wa.*kum.*ass$
words that start with 'w' and  end with 'salam',^w.*salam$
words that start with 'walekum' or 'Walekum' and  end with 'lam' or 'lm',^walekum.*Walekum.*lam.*lm$
words that start with 'walaikum' and  end with 'lam' or 'laam',^walaikum.*lam.*laam$
words that start with 'Wa'  followed by  'alikUm' ,^Wa.*alikUm$
words that start with 'walikum' and  end with 'lam',^walikum.*lam$
words that start with 'p'  followed by 'h'  and  end with 'l',^p.*h.*l$
words that start with 'As'  followed by  'lam'  and  end with 'kum' or 'kam',^As.*lam.*kum.*kam$
words that start with 'ass'  followed by  'lam' and  end with 'kum' or 'km',^ass.*lam.*kum.*km$
words that start with 's' or 'ss'  followed by  'lam' or 'lm' and  end with 'ikum',^s.*ss.*lam.*lm.*ikum$
words that start with 'assalam' and  end with 'kum',^assalam.*kum$
words that start with 'as'  followed by  'lam' and  end with 'ikum',^as.*lam.*ikum$
words that start with 'um' and  end with 'ed' or 'id',^um.*ed.*id$
words that start with 'o'  followed by  one 'm' and  end with 'id' or 'ed',^o.*m.*id.*ed$
words that start with 'kh'  followed by 'l'  and  end with 's',^kh.*l.*s$
words that start with 'mubar' and  end with 'k',^mubar.*k$
words that start with 'mub' or 'mb' and  end with 'k'  followed by  'br',^mub.*mb.*k.*br$
four letter words that start with 't' and  end with 'k',^t.*k$
words that start with 'the' and  end with 'k',^the.*k$
words that start with 's'  followed by 'd' and followed by 'k' or 'q',^s.*d.*k.*q$
words that start with 'b'  followed by 'n' and followed by 'I' or 'a'  and  end with 'a',^b.*n.*I.*a.*a$
words that start with 'n'  followed by 'm'  and  't' and  end  ing with 'n',^n.*m.*t.*n$
words that start with 'hu'  followed by  'w' and  end with 'e' or 'y',^hu.*w.*e.*y$
words that start with 'h'  followed by  'v' and  end with 'ay',^h.*v.*ay$
words that start with 'mehs'  and  end with 's',^mehs.*s$
words that start with 'tauf' and  end with 'q',^tauf.*q$
words that start with 'tof' and  end with 'k' or 'q',^tof.*k.*q$
words that start with 'sum' or 'sm'  followed by  'jhay' and  end with 'e' or 'a',^sum.*sm.*jhay.*e.*a$
words that start with 'samjha' and  end with 'I' or 'y',^samjha.*I.*y$
words that start with 'm'  followed by 'z' or 'x'  and  end with 'd',^m.*z.*x.*d$
words that start with 'b' and  end with 'shumar',^b.*shumar$
words that start with 'u' or 'o'  followed by 'mda',^u.*o.*mda$
words that start with 'p'  and  end with 'sh',^p.*sh$
words that start with 's'  followed by 'k'  and  'n' and  end with 'y',^s.*k.*n.*y$
words that start with 'int'  followed by 'za'  and  end with 'r',^int.*za.*r$
words that start with 'p'  followed by 'rh'  and  end with 'I' or 'e',^p.*rh.*I.*e$
words that start with 'b'  followed by 'n'  and  'ee' or 'aa',^b.*n.*ee.*aa$
words that start with 'beht'  followed by 'r'  and  end with 'n',^beht.*r.*n$
words that start with 'j'  and  end with 'sa',^j.*sa$
words that start with 'a' must cintain 'nkh'  and  end with 'I' or 'n',^a.*nkh.*I.*n$
words that start with 'l' and followed by 'o'  and  end with 'g',^l.*o.*g$
words that start with 'p'  and  end with 'r' with total three or four letters,^p.*r$
words that start with 'm'  followed by 'g'  and  end with 'r',^m.*g.*r$
words that start with 'b'  followed by 'dl'  and  edn with 'I' or 'y',^b.*dl.*I.*y$
four letter words that start with 'd'  and followed by one 'n',^d.*n$
words that start with 'it'  followed by 'fa'  and  end with 'q',^it.*fa.*q$
four letter words that start with 'mo' ,^mo$
four letter words that start with 'mu',^mu$
"words that start with 'k'  followed by 'rw'  and  one 'y' and  end with 'e','y', 'n'",^k.*rw.*y.*e.*y.*n$
words that start with 'mang' and  end with 'e' or 'y',^mang.*e.*y$
words that start with 'z'  followed by 'r'  and  end with 'y' or 'e',^z.*r.*y.*e$
words that start with 'p'  followed by 'rh'  and  end with 'n',^p.*rh.*n$
words that start with 's'  followed by 'u' or 'w'  and  end with 'k' or 'q',^s.*u.*w.*k.*q$
words that start with 'smust' and followed by 'yas'  and  end with 't',^smust.*yas.*t$
words that start with 'rah' and  end with 'y' or 'e'  followed by  'hi',^rah.*y.*e.*hi$
words thet start with 'r' and  end with 'yeh' or 'yei',^r.*yeh.*yei$
words that start with 'p'  followed by  'y' and  end with 'ar',^p.*y.*ar$
four letter words that start with 'p' and  end with 'r',^p.*r$
words that start with 'y'  followed by 'k' or 'q'  and  end with 'een',^y.*k.*q.*een$
words that start with 'sh'  followed by 'r'  and  end with 'f',^sh.*r.*f$
words that start with 'g'  followed by 're'  and  'bo',^g.*re.*bo$
words that start with 'd'  and  end with 'lat',^d.*lat$
words that start with 's'  and  followed by 'l' with and  end with 'k',^s.*l.*k$
words that start with 'mz' or 'maz' and  end with 'dar',^mz.*maz.*dar$
words that start with 'mazed' and  end with 'r',^mazed.*r$
words that start with 'dij' and  end with 'y',^dij.*y$
words that start with 'dej' or 'dij' and  end with 'ye' or 'ee',^dej.*dij.*ye.*ee$
words that start with 'dej' and  end with 'yy' or 'e',^dej.*yy.*e$
words that start with 'maz' and  end with 'ey' or 'iy',^maz.*ey.*iy$
words that start with 'maz' and  end with 'e',^maz.*e$
words that start with 'm' and  end with 'y'  followed by  'z' in between,^m.*y.*z$
words that start with 'h' and  end with 'dayat',^h.*dayat$
words that start with 'mo' and  end with 'af' followed by  'k' or  'q' in between,^mo.*af.*k.*q$
words that start with 'm' and  end with 'qif' or 'qaf',^m.*qif.*qaf$
words that start with 'tm' and  end with 'ry' or 'rai',^tm.*ry.*rai$
words that start with 'tum' and  end with 'ea' or 'ay',^tum.*ea.*ay$
"words that start with 'k'  followed by 'j'  and  end with 'e','y','a'",^k.*j.*e.*y.*a$
"words that start with 'g' and followed by 'h','a','y'  and  end with 'b'",^g.*h.*a.*y.*b$
"words that start with 'I' or 'e'  and followed by 'rad' and  end with 'e','a','y'",^I.*e.*rad.*e.*a.*y$
words that start with 'w'  followed by 'g' and  end with 'ra',^w.*g.*ra$
words that start with 'naz'  followed by 'ri' or 're' and  end with 'a' or 'h',^naz.*ri.*re.*a.*h$
words that start with 'j'  followed by with least one 'w' and  end with 'b',^j.*w.*b$
"words that start with 'pak'  followed by 'rn' and  end with 'e','a','y'",^pak.*rn.*e.*a.*y$
words that start with 'ba' or 'bh'  followed by 'rhao',^ba.*bh.*rhao$
words that start with 'inho'  followed by another 'n' in between,^inho.*n$
words that start with 'b'  followed by 'r'  and  end with 'hay',^b.*r.*hay$
words that start with 'aks'  followed by 'r'  and  end with 't',^aks.*r.*t$
words that start with 'z'  followed by 'm'  and  'da'  and  end with 'ri',^z.*m.*da.*ri$
words that start with 'b'  followed by 'l' and  end with 'nd',^b.*l.*nd$
words that start with 'j' and  end with 'th'  followed by one or two 'o' in between,^j.*th.*o$
words that start with 'jh' and  end with 't',^jh.*t$
"words that start with 'sa'  followed by 'l'  and  end with 'ht', 'th' or 't'",^sa.*l.*ht.*th.*t$
words that start with 'g'  followed by  'l' and  end with 't',^g.*l.*t$
words that start with 'ghal' and  end with 't',^ghal.*t$
words that start with 'h'  followed by 'k' and  end with 'mat',^h.*k.*mat$
words that start with 'zar' and  end with 'orat',^zar.*orat$
words that start with 'zar' or 'zr' and  end with 'th' or 'at',^zar.*zr.*th.*at$
"words that start with 'ko' and  end with 'e','I'",^ko.*e.*I$
words that start with 'm'  followed by 'z'  and  'l' and followed by with least one 'o' or 'u' and  end with 'm',^m.*z.*l.*o.*u.*m$
words that start with 'd' and followed by 'u' or 'a'  and  end with 'r'  and  end with 'st' or 'sat',^d.*u.*a.*r.*st.*sat$
words that start with 'm'  followed by 'z'  and  end with 'k' or 'qw',^m.*z.*k.*qw$
words that start with 'utha' and  end with 'y' or 'a',^utha.*y.*a$
words that start with 'bay' and  end with 'e' or 'y',^bay.*e.*y$
words that start with 'bech' and  end with 'e' or 'y',^bech.*e.*y$
words that start with 'p' and  end with 'yaray',^p.*yaray$
words that start with 'p'  followed by  'yar' and  end with 're' or 'ry',^p.*yar.*re.*ry$
words that start with 'chal' and  end with 'in',^chal.*in$
words that start with 'ch' and  end with 'y'  followed by  'l',^ch.*y.*l$
six letter words that start with 'chal' and  end with 'n',^chal.*n$
words that start with 'ch' and  end with 'lye',^ch.*lye$
words that start with 'chal' and  end with 'ye',^chal.*ye$
words that start with 'b' and  end with 'k'  followed by  'l',^b.*k.*l$
words that start with 'balk',^balk$
words that start with 'kha'  followed by  'n' and  end with 'y',^kha.*n.*y$
"words that start with 'kha' and  end with 'nai','ne' or 'nye'",^kha.*nai.*ne.*nye$
"words that start with 'kah' and  end with 'y','e'",^kah.*y.*e$
"words that start with 'd' and followed by 'a','e','y','I'  and  end with 'na'",^d.*a.*e.*y.*I.*na$
words that start with 'kha'  followed by  't' and  end with 'I' or 'y',^kha.*t.*I.*y$
words that start with 'milt' and  end with 'e' or 'y',^milt.*e.*y$
words that start with 'r'  followed by 'hn'  and  end with  'yi' or 'ye',^r.*hn.*yi.*ye$
words that start with 'bag' and followed by 'a' or 'e' and  end with 'r',^bag.*a.*e.*r$
words that start with 'kar' and  end with 'n',^kar.*n$
words that start with 'b'  followed by 'r'  and  'ha' and  end with 'y' or 'e',^b.*r.*ha.*y.*e$
words that start with 'kam'  and followed by  'zor' or 'zur' in between,^kam.*zor.*zur$
words that start with 'sho'  and followed by  one 'r',^sho.*r$
words that start with 'gh'  and  end with 's',^gh.*s$
words that start with 'mar' and  end with 'y' or 'n',^mar.*y.*n$
words that start with 'b'  followed by  'kt' or 'gt' and  end with 'y' or 'e',^b.*kt.*gt.*y.*e$
words that start with 'muq' or 'maq' and  end with 'dar',^muq.*maq.*dar$
words that start with  'q' and  end with 'm',^q.*m$
words that start with 'k' and  end with 'm',^k.*m$
words that start with 'may' and  end with 's',^may.*s$
words that start with 'p' and  end with  'shani',^p.*shani$
words that start with 'p'  followed by  'shan' with and  end  ,^p.*shan$
words that start with 'gh' or 'g'  followed by  one 'r'  and  end with 'b' or 'I',^gh.*g.*r.*b.*I$
words that start with 'g'  followed by  't' and  end with 'a',^g.*t.*a$
words that start with 'g' and  end with 'pla',^g.*pla$
words that start with 'g'  followed by  two 'r's with any number of 'u'  and  'o' in between them,^g.*r.*u.*o$
words that start with 'd'  followed by  'kh' and  end with 'wa',^d.*kh.*wa$
words that start with 'g' and  end with 'nah',^g.*nah$
words that start with 'sh'  followed by  one 'r'  and  end with 'm',^sh.*r.*m$
words that start with 'ch' and  end with 'mcha',^ch.*mcha$
words that start with  'b'  followed by  'g' and  end with 'rat' or 'ret' or 'rt',^b.*g.*rat.*ret.*rt$
"words that start with 'b'  followed by  'g' ,'h',  and  'r' and  end with 'I'",^b.*g.*h.*r.*I$
words that start with 'zi' and  end with 'ti' or 'dti',^zi.*ti.*dti$
words that start with 'aa' or 'a' might followed by  'ns'  and  end with 'su' or 'soo' may followed by 'n',^aa.*a.*ns.*su.*soo.*n$
words that start with 'z' and  end with 'da' or 'dah',^z.*da.*dah$
words that start with 'z'  followed by  two 'r's in between and  end with 't',^z.*r.*t$
words that start with 'z' and  end with 'ri' and followed by  another 'r' in between,^z.*ri.*r$
words that start with 'd'  followed by  'mag' of 'mak' may and  end with 'h',^d.*mag.*mak.*h$
words that start with 'b' and  end with 'l'  followed by  'o' or 'u' in between,^b.*l.*o.*u$
words that start with 'ch' or 'sh'  followed by  'ot',^ch.*sh.*ot$
words that start with 't'  followed by  'or' and  end with 'do',^t.*or.*do$
words that start with 'b'  followed by  'sub' or 'sab' in between,^b.*sub.*sab$
words that start with 'm'  followed by  's'  and  end with 'kil' or 'kal' or 'kel',^m.*s.*kil.*kal.*kel$
words that start with 'n' and  end with 'cha' ,^n.*cha$
words that start with 'd'  followed by  'y' or  'I' in between and  end with 'an',^d.*y.*I.*an$
words that start with 'b'  followed by  'cha' in between  and  end with 'ni',^b.*cha.*ni$
words that start with 'eh' or 'ah'  followed by  'sa' and  end with 'n',^eh.*ah.*sa.*n$
words that start with 'g'  followed by  's' or 'ss' in between and  end with 'a' or 'ah',^g.*s.*ss.*a.*ah$
words that start with 'g'  followed by  's' or 'ss' in between and  end with 'e' or 'y',^g.*s.*ss.*e.*y$
words that start with 'la' and  end with 'chi',^la.*chi$
words that start with 'il' or 'el' and  end with 'ja' or 'jah',^il.*el.*ja.*jah$
words that start with 'mag'  followed by  'g'  and  two 'r's,^mag.*g.*r$
words that start with 'bad' or 'bd'  followed by  'ni' or 'ne' or 'ny' before and  end  ing with 't',^bad.*bd.*ni.*ne.*ny.*t$
words that start with 'a' or 'o'  followed by  'k' and  end with 'at',^a.*o.*k.*at$
words that start with 'g'  followed by  'l' in between and  end with 'ti' or 'ty',^g.*l.*ti.*ty$
"words that start with 'b'  followed by  'char' and  end with 'I', 'e' or 'y'",^b.*char.*I.*e.*y$
words that start with 'kh'  followed by  'la' and  end with 'af' ,^kh.*la.*af$
words that start with 'ga'  followed by  'li' and  end with 'an',^ga.*li.*an$
"words that start with 'd'  followed by  'rn' and  end with 'a' ,'e' or 'y'",^d.*rn.*a.*e.*y$
words that start with 'm'  followed by  'jb' and  end with 'ri',^m.*jb.*ri$
words that start with 'I' or 'e'  followed by  'z' and  end with 't',^I.*e.*z.*t$
words that start with 'adh' and  end with 'ri',^adh.*ri$
words that start with 'b'  followed by  'g' and  end with 'er' or 'ir',^b.*g.*er.*ir$
words that start with 'sh'  followed by  't' and  end with 'an',^sh.*t.*an$
words that start with 'm'  followed by  'nh' and  end with 's',^m.*nh.*s$
words that start with 's'  followed by  'fa' and  end with 'rish',^s.*fa.*rish$
words that start with 'hat'  followed by  'y' and  end with 'ar',^hat.*y.*ar$
words that start with 'kh' and  end with 'f',^kh.*f$
words that start with 'ka' and  end with 'ti'  followed by  'np' or 'mp' in between,^ka.*ti.*np.*mp$
words that start with 'mart' and  end  t with 'y' or 'I',^mart.*y.*I$
words that start with 'b'  followed by  'r' in between and  end with 'a',^b.*r.*a$
words that start with 'ch' followed by  another 'h' in between and  end with 'e' or 'y' or 'a',^ch.*h.*e.*y.*a$
words that start with 'b' and  end with 'zat' or 'zatt',^b.*zat.*zatt$
words that start with 'b'  followed by  'z' or 's' in between and  end with 'ti' or 'tii',^b.*z.*s.*ti.*tii$
words that start with 'zal' and  end with 'l',^zal.*l$
words that start with 'r'  followed by  's' in between and  end with 'va' or 'wa',^r.*s.*va.*wa$
words that start with 'tanq' and  end with 'd',^tanq.*d$
words that start with 'g'  followed by  'si' or 'se' in between and  end with 'ta',^g.*si.*se.*ta$
words that start with 'm'  followed by  'z' or 'j' in between and  end with 'k' or 'q',^m.*z.*j.*k.*q$
words that start with 'gad' and  end with 'e' or 'y',^gad.*e.*y$
words that start  and  end with 'u'  followed by  'll' in between,^u.*ll$
words that start with 'kam' and  end with 'e' or 'y'  followed by  'n' in between,^kam.*e.*y.*n$
words that start with 'ba'  followed by  'me' in between and  end with 'ez',^ba.*me.*ez$
words that start with 'gh' and  end with 'r' followed by  'o' or 'u' in between,^gh.*r.*o.*u$
words that start with 'maqs' and  end with 'd',^maqs.*d$
words that start with 'la'  followed by  'n' in between and  end with 't',^la.*n.*t$
words that start with 's' or 'z'  followed by  another 'z' in between and  end with 'ish' or 'esh',^s.*z.*z.*ish.*esh$
words that start with 'k' or 'q'  followed by  'as' in between and  end with 'r',^k.*q.*as.*r$
words that start with 'n'  followed by  'ya' in between and  end with 't',^n.*ya.*t$
words that start with 'pha'  followed by  one 'n' in between and  end with 's',^pha.*n.*s$
words that start with 'bad'  followed by  one 't' in between and  end with 'r',^bad.*t.*r$
words that start with 'b'  followed by  'ad' in between and  end with 'bi,^b.*ad$
words that start with 'b'  followed by  'wa' in between and  end with 'uf' or 'of',^b.*wa.*uf.*of$
words that start with 'm'  followed by  'n' in between and  end with 't',^m.*n.*t$
words that start with 'b'  followed by  'kw' or 'qw' in between and  end with 'as',^b.*kw.*qw.*as$
words that start with 'za'  followed by  another 'a' with and  end  ,^za.*a$
words that start with 'm'  followed by  'f' in between and  end with 'I',^m.*f.*I$
words that start with 'tak'  followed by  'le' in between and  end with 'f',^tak.*le.*f$
words that start with 'im'  followed by  one 't' in between and  end with 'an',^im.*t.*an$
words that start with 'af' and  end with 's',^af.*s$
words that start with 'b'  followed by  'h' in between and  end with 'd',^b.*h.*d$
words that start with 'nala' and  end with 'k' or 'q',^nala.*k.*q$
words that start with 'ud'  followed by  'as' and  end with 'I',^ud.*as.*I$
words that start with 'm'  followed by  'z' in between and  end with 'aj' ,^m.*z.*aj$
words that start with 't'  followed by  'b' and  end with 'a' or 'h',^t.*b.*a.*h$
words that start with 'nu'  followed by  'k' or 'q' and  end with 'an',^nu.*k.*q.*an$
words that start with 'aaf'  followed by  't' and  end with 'y' or 'n',^aaf.*t.*y.*n$
words that start with 'ki' or 'qi'  followed by  's' and  end with 'm',^ki.*qi.*s.*m$
words that start with 'beh' and  end with 'sh',^beh.*sh$
words that start with 'bh'  followed by  'k' and  end with 'y' or 'e',^bh.*k.*y.*e$
words that start with 'be' or 'ba'  followed by  'man' and  end with 'I',^be.*ba.*man.*I$
words that start with 'mag' or 'mug'  followed by  'f'  and  'r' in between and  end with 't',^mag.*mug.*f.*r.*t$
words that start with 'p'  followed by  's'  and  'n' in between and  end with 'd',^p.*s.*n.*d$
words that start with 'kanj' and  end with 's',^kanj.*s$
words that start with 'zi'  followed by  'd' and  end with 'ti',^zi.*d.*ti$
words that start with 'b'  followed by  'r'  and  'd' and  end with 'shth' or 'sht',^b.*r.*d.*shth.*sht$
words that start with 'e' or 'a'  followed by  'tj' and  end with 'aj',^e.*a.*tj.*aj$
words that start with 'int' and  end with 'hai',^int.*hai$
words that start with 'kh'  followed by  't' and  end with 'm',^kh.*t.*m$
words that start with'b'  followed by  'ch'  and  'g' in between and  end with 'na',^b.*ch.*g.*na$
words that start with 'faz' or 'fuz' and  end with 'l',^faz.*fuz.*l$
words that start with 'b' followed by  'rb' and  end with 'd',^b.*rb.*d$
words that start with 'ghis'  followed by  'p' and  end with 'ti',^ghis.*p.*ti$
words that start witg 'sh' and  end with 'k',^sh.*k$
words that start with 'zul' and  end with 'm',^zul.*m$
words that start with 'zi'  followed by  'd' and  end with 'I' or 'y',^zi.*d.*I.*y$
words that start with 'bh'  followed by  'r' or 'd' in between and  end with 'ka',^bh.*r.*d.*ka$
words that start with 'adh' and  end with 'ra',^adh.*ra$
words that start with 'k' or 'c'  followed by  't' and  end with 'putli',^k.*c.*t.*putli$
words that start with 'ru' or 'ro'  followed by  'la' and  end with 'y' or 'e' ,^ru.*ro.*la.*y.*e$
"words that start with 'kam' followed by  'n' and  end with 'I' , 'e' or 'y'",^kam.*n.*I.*e.*y$
words that start with 'bayg' or 'beg'  and  end with 'na' or 'nah',^bayg.*beg.*na.*nah$
words that start with 'ch'  followed by  'r'  and  end with 'se' or 'si',^ch.*r.*se.*si$
words that start with 'falt' and  end with 'o' or 'u',^falt.*o.*u$
words that start with 't'  followed by  'm' and  end with 'z',^t.*m.*z$
words that start with 'bura' and  end with 'yan',^bura.*yan$
words that start with 'bek' or 'bayk' and  end with 'ar',^bek.*bayk.*ar$
words that start with 'ru' or 'ro'  followed by  'kaw' and  end with 't',^ru.*ro.*kaw.*t$
words that start with 'gham' or 'gam'  followed by  'b' and  end with 'ir' or 'er',^gham.*gam.*b.*ir.*er$
words that start with 'm'  followed by  'zd' and  end with 'ur' or 'or',^m.*zd.*ur.*or$
words that start with 'g' and  end with 'flat',^g.*flat$
words that start with 'd'  followed by  'j' and  end with 'a' or 'n',^d.*j.*a.*n$
words that start with 'm' and  end with 'f',^m.*f$
words that start with 'g'  followed by  'ta' and  end with 'khi',^g.*ta.*khi$
words that start with 'bad'  followed by  's'  and  end with 'rat',^bad.*s.*rat$
words that start with 'taw' or 'tav' and  end with 'z',^taw.*tav.*z$
words that start with 'ku'  followed by  't' and  end with 'e' or 'y',^ku.*t.*e.*y$
words that start with 'mo'  followed by  'k' or 'q' in between and  end with 'f',^mo.*k.*q.*f$
words that start with 'bera'  followed by  'ghar' or 'gar' and  end with 'k' or 'q',^bera.*ghar.*gar.*k.*q$
words that start with 'maf' or 'muf'  followed by  'ad'  and  'par' in between and  end with 'st' or 'sth',^maf.*muf.*ad.*par.*st.*sth$
words that start with 'khudg' and  end with 'rz',^khudg.*rz$
words that start with 'nik'  followed by  'mm' in between and  end with 'I' or 'y',^nik.*mm.*I.*y$
"words that start with 'd'  followed by  'sh'  and  't' and followed by 'gr' or 'gar' and  end with 'di','do' or 'don'",^d.*sh.*t.*gr.*gar.*di.*do.*don$
words that start with 'g'  followed by  'd' and  end with 'r' or 'ri',^g.*d.*r.*ri$
words that start with 'bd' or 'bad'  followed by  'q' or 'k' in between and  end with 'mati',^bd.*bad.*q.*k.*mati$
words that start with 'na'  followed by  'eh' or 'ah' and  end with 'li',^na.*eh.*ah.*li$
words that start with 'darp' and  end with 'k',^darp.*k$
words that start with 'a'  followed by  'm' and  end with 'yat' or 'yath',^a.*m.*yat.*yath$
"words that start with 'jh'  followed by  't' and  end with 'a', 'e' or 'y'",^jh.*t.*a.*e.*y$
"words that start with 'a', 'o' or 'u'  followed by  'l' and  end with 'ad'",^a.*o.*u.*l.*ad$
words that start with 'm'  followed by  'n'  and  'f' in between and  end with 'qat',^m.*n.*f.*qat$
words that start with 'bim' or 'bem' and  end with 'r' or 'ri',^bim.*bem.*r.*ri$
four letter words that  start with 'm' and  end with 't' or 'th',^m.*t.*th$
words that start with 'p'  followed by  'ng' and  end with 'a' or 'y'  ,^p.*ng.*a.*y$
words that start with 'sa'  and  end with 'I',^sa.*I$
words that start with 'b'  and  end with 't' and followed by one or many 'a',^b.*t.*a$
"words that start with 'k'  and  end with 'a', may cotntain 'I' or 'y'",^k.*a.*I.*y$
words that start with 'j' or 'g'  and  may and  end with 'e',^j.*g.*e$
words that start with 'w'  and followed by  one 'h' or 'a' or both,^w.*h.*a$
words that start with 'l'  and followed by 'kh',^l.*kh$
words that start with 'kh'  and followed by 'biya',^kh.*biya$
words that start with 'itn' ,^itn$
three or two letter words that start with 'h'  and  end with 'm',^h.*m$
words that start with 'a'  and  end with 'n'  followed by one 'm',^a.*n.*m$
words that start with 'ye'  and  end with 'h' or 'a',^ye.*h.*a$
words that start with 'n'  followed by one 'y'  and  end with 'I',^n.*y.*I$
words that start with 'k'  followed by one 'r'  and  end with 'e' or 'y',^k.*r.*e.*y$
words that start with 'I' or 'e'  and  end with 'f' with one 'ns' in between,^I.*e.*f.*ns$
words that start with 'a' or 'e'  and  end with 'y' or 'e'  followed by one 's' in between,^a.*e.*y.*e.*s$
words that start with 'th'  and  end with 'k',^th.*k$
two or three letter words that start with 'h'  and  end with 'I' or 'y',^h.*I.*y$
words that start with 'ko'  and  end with 'I' or 'e' ,^ko.*I.*e$
words that start with 't'  and followed by 'o' or 'u' ,^t.*o.*u$
words that start with 'y'  and  end with 'r' with as many 'a' in between,^y.*r.*a$
words that start with 'l'  and  end with 'g' with vowels in between,^l.*g$
words that start with 'b'  followed by one 'h'  and  end with 't',^b.*h.*t$
words that start with 'reht',^reht$
three or four letter words that start with 'k'  and  end with 'a',^k.*a$
words that start with 'kh'  and  end with 'b',^kh.*b$
words that start with 'b'  followed by 'h'  and  end with 'I' or 'e',^b.*h.*I.*e$
words that start with 'p'  and followed by 'd' or 'r',^p.*d.*r$
three or two letter words that start with 'h'  and  end with 'k' or 'q',^h.*k.*q$
words that start with 'a' 'e' or 'I'  and  end with 'k',^a.*e.*I.*k$
words that start with 'j'  and followed by one 'sa' or 'se' in between,^j.*sa.*se$
words that start with 'm' or 'moo' and  end with 'k',^m.*moo.*k$
words that start with 'mubar' and  end  ing with 'k',^mubar.*k$
words that start with 't'  and followed by 'ra' ,^t.*ra$
words that start with 'k' or 'q'  and  end with 'r',^k.*q.*r$
words that start with 'is'  and  end with 'e' or 'y',^is.*e.*y$
words that start with 'a'  and followed by 'dm',^a.*dm$
three or two  letter words that start with 'm'  and  end with 'y',^m.*y$
words that start with 'a' or 'o'  and  end with 'r',^a.*o.*r$
words that start with 's'  and followed by 'mjha',^s.*mjha$
words that start with 'b' or 'bh'  and  end with 'I' or 'e',^b.*bh.*I.*e$
words that start with 'sh'  followed by 'r' in between,^sh.*r$
words that start with 'd'  and followed by one 't',^d.*t$
words that start with 'b'  and followed by one 'na',^b.*na$
words that start with 'yah' ,^yah$
words that start with 'hon',^hon$
words that start with 'bal'  and followed by one 'k',^bal.*k$
words that start with 'r'  and  end with 'a' with with least one 'h',^r.*a.*h$
words that start with 'l'  and followed by one 'n'  and  end with 'e' or 'y',^l.*n.*e.*y$
words that start with 'l'  and followed by one 'g'  and  end with 'I' or 'y',^l.*g.*I.*y$
words that start with 'kart' ,^kart$
words that start with 'p'  and followed by one 'r' and  end with 'I',^p.*r.*I$
words that start with 'wo',^wo$
three or four words that start with 'h'  and  end with 'a',^h.*a$
words that start with 's' and followed by one 'r'  and  end with 'f',^s.*r.*f$
words that start with 'j'  and followed by one 'g'  and  one 'h',^j.*g.*h$
words that start with 'j'  and  end with 'b' or 'bh',^j.*b.*bh$
words that start with 'ga'  and followed by 'e' or 'y',^ga.*e.*y$
words that start with 'p'  and followed by 'hl' and  end  ing with 'e' or 'I',^p.*hl.*e.*I$
words that start with 's' and followed by 'e' 'a' or 'y',^s.*e.*a.*y$
words that start with 'm'  followed by 'e' 'a' or 'I',^m.*e.*a.*I$
words that start with 'l' and  end with 'rkee',^l.*rkee$
words that start with 'l'  followed by 'd' or 'r'  and  end with 'ki',^l.*d.*r.*ki$
words that start with 's'  and  end with 'b'  followed by  vowels in between,^s.*b$
words that start with 'hot' and followed by 'e' or 'a',^hot.*e.*a$
words that start with 's'  and  end with 'th',^s.*th$
words that start with 'karan' and followed by 'a' or 'e',^karan.*a.*e$
words that start with 't'  and  end with 'k',^t.*k$
words that start with 'p'  and followed by 'ch' and  end  ing with 'y' or 'e',^p.*ch.*y.*e$
words that start with 'h' and followed by 'o' or 'u',^h.*o.*u$
words that start with 't' and followed by 'a' 'o' or 'u' and  end  ing with 'r',^t.*a.*o.*u.*r$
two or three letter words that start with 'h'  and  end with 'r',^h.*r$
words that start with 'hon'  and  end with 'e' 'y' or 'I',^hon.*e.*y.*I$
words that start with 'g'  and  end with 'r',^g.*r$
words that start with 'gay' ,^gay$
words that start with 'g' and  end with 'I',^g.*I$
words that start with 'apn',^apn$
words that and  end with 'lawa',^lawa$
words that start with 'd'  and followed by 'kha',^d.*kha$
words that start with 'l' and  end with 'kin',^l.*kin$
words that start with 'l'  followed by one 'k'  and  end with 'n',^l.*k.*n$
words that start with 'm'  and  end with 'la',^m.*la$
words that start with 'a' or 'e'  and  end with 'ham',^a.*e.*ham$
words that start with 'zar'  and  end with 'ye',^zar.*ye$
words that start with 'la' and  end with 'I',^la.*I$
words that start with 'la' and  end with 'I' or 'e',^la.*I.*e$
words that start with 'dilch'  and  end with 'sp',^dilch.*sp$
words that start with 'na' and  end with 'a' 'h' or 'w',^na.*a.*h.*w$
words that start with 'mil' and  end with 'y',^mil.*y$
words that start with 'm'  followed by one 'l'  and  end with 'y' or 'e',^m.*l.*y.*e$
words that start with 'a'  and  end with 'r',^a.*r$
words that start with 'ais' ,^ais$
words that start with 'qasm',^qasm$
words that start with 'a'  and  end with 'p',^a.*p$
words that start with 'b'  followed by 'h'  and  end with 't' and followed by one or many 'a',^b.*h.*t.*a$
words that start with 'p'  followed by 'kb'  and  end with 'z',^p.*kb.*z$
words that start with 'ch'  and  end with 'ti',^ch.*ti$
 two letter words that start with 's' or 'c',^s.*c$
words that start with 'p'  followed by 'r'  and  end with 'I',^p.*r.*I$
words that start with 'a'  followed by 'kh'  and  end with 'r',^a.*kh.*r$
words that start with 'w' and  end with 'ol'  followed by  's' ,^w.*ol.*s$
words that start with 'wasu' and  end with 'l',^wasu.*l$
words that start with 'ja'  followed by 'e' or 'I' in between,^ja.*e.*I$
two or three letter words that start with 'd'  and  end with 'e' or 'y',^d.*e.*y$
words that start with 'ka'  followed by  'mi' and  end with 'ab',^ka.*mi.*ab$
words that start with 'k'  followed by 'm'  and  'ya' and  end with 'b',^k.*m.*ya.*b$
words that start with 'rakh' and  end with 'e' 'y' or 'n',^rakh.*e.*y.*n$
words that start with 'sh'  followed by  'y' and  end with 'd',^sh.*y.*d$
words that start with 'shi'  and  must and  end with 'd',^shi.*d$
words that start with 'chah' and  end with 'e',^chah.*e$
words that start with 'chah'  and  end with 'ye',^chah.*ye$
words that start with 'p' and  end with 'yari',^p.*yari$
words  that start with 'p'  and followed by 'yare',^p.*yare$
words that start with 'd'  and  end with 'kh',^d.*kh$
words that start with 'kh'  and  end with 'wab',^kh.*wab$
three letter words that start with 'k' and  end with 'a',^k.*a$
four words that start with 'k' and  end with 'ya' ,^k.*ya$
three letter words that start with 'ho' and  end with 'I' or 'e',^ho.*I.*e$
words that start with 'ho'  and  end with 'ii' or 'ee',^ho.*ii.*ee$
two or three letter words that start with 'h'  and  followed by 'y' 'a' or 'e',^h.*y.*a.*e$
words that start with 'shukr'  and  end with 'a',^shukr.*a$
words that start with 'y'  and  end with 'ni',^y.*ni$
words that start with 'k'  followed by  'y' and  end with 'n',^k.*y.*n$
three or four letter words that start with 'k'  and followed by 'I' and  end with 'o',^k.*I.*o$
words that start with 'm'  followed by  one 'r'  and  end with 'e' or 'y',^m.*r.*e.*y$
words that start with 'a' or 'e'  and  end with 'k',^a.*e.*k$
words that start with 'dh'  and  end with 'nd' or 'ndh',^dh.*nd.*ndh$
words that start with 'h'  followed by  one 'm'  and  end with 'a' 'e' or 'y',^h.*m.*a.*e.*y$
two or three letter words that start with 'm'  and  end with 'e' 'I' or 'y',^m.*e.*I.*y$
words that start with 'b'  and  followed by  'lk' and  end with 'l',^b.*lk.*l$
two or three letter words that start with 'n' and followed by 'a' 'e' or 'y',^n.*a.*e.*y$
words that start with 'l' and followed by 'I' or 'e' and  end  ing with 'y' or 'e',^l.*I.*e.*y.*e$
words that start with 'b'  and  end with 't' ,^b.*t$
words that start with 'po' and  end with 'ray' or 'rey',^po.*ray.*rey$
words that start with 'p' and  end with 're' or 'ray',^p.*re.*ray$
three letter words that start with 'j' and  end with 'e',^j.*e$
 words that start with 'ja'  and  end with 'e' or 'n',^ja.*e.*n$
four letter words that start with 'l' and followed by 'e' or 'I',^l.*e.*I$
words that start with 'w' or 'v'  and followed by 'ala',^w.*v.*ala$
words that start with 'fa'  followed by 'd'  and  end with 'y' or 'a',^fa.*d.*y.*a$
words that start with 'h'  and  end with 'mara',^h.*mara$
words  that start with 'b' and  end with 'ri',^b.*ri$
words that start with 'd'  and  end with 'h' 'y' or 'n',^d.*h.*y.*n$
words that start with 'n' and  end with 'I',^n.*I$
words that start with 'na'  and  end with 'I',^na.*I$
words that start with 'sa' and  end with ' I' or 'e',^sa.* I.*e$
words that start with 'ch'  and  end with 'lo',^ch.*lo$
words that start with 's'  followed by 'k'  and  end with 'n',^s.*k.*n$
three or four words that start with 'g' and  end with 'y' or 'a',^g.*y.*a$
words that start with 'kar' and followed by 'e' or 'a',^kar.*e.*a$
words that start with 'a'  followed by 's'  and  end with 'e' or 'y',^a.*s.*e.*y$
words that start with 'p'  followed by 't'  and  'a',^p.*t.*a$
words that start with 'h'  and followed by  'I' or 'e',^h.*I.*e$
three letter words that start with 'k' and  end with 'h',^k.*h$
words that start with 'sh' and  end with 'k' or 'q',^sh.*k.*q$
words that start with m  followed by 'sna',^sna$
words that start with 'sha'  followed by 'r'  and  end with 'f',^sha.*r.*f$
words that start with 'ja' and  end with 'o' or 'n',^ja.*o.*n$
words that start with 'ke' or 'ka'  followed by 'hn',^ke.*ka.*hn$
two or three letter words that start with 'se' or 'sa',^se.*sa$
words that start with 'b'  followed by 'I' 'e' or 'h',^b.*I.*e.*h$
words that start with 'ga' 'gi' or 'gy',^ga.*gi.*gy$
words that start with 'h'  and  end with 'n'  followed by one vowel in between,^h.*n$
words that start with 'ya' and  end with 'd',^ya.*d$
words that start with 'n'  followed by  'z'  and  end with 'r',^n.*z.*r$
words that start with 'w' and  end with 'se',^w.*se$
words that start with 'g' and  end with 'zal',^g.*zal$
words that start with 'a' and  end with 'ha',^a.*ha$
words that start with 'm' and  end with 'ra',^m.*ra$
four or five letter words that start with 'wad' ,^wad$
words that start with 't'  followed by 'yar',^t.*yar$
words that start with 'sub'  followed by  one  'a',^sub.*a$
words that start with 'j' and  end with' g',^j.* g$
words that start with 'furs' and  end with 't',^furs.*t$
words that start with 'd' and  end with 'oka',^d.*oka$
words that start with 'ma' and  end with 'z',^ma.*z$
words that start with 'l'  followed by 'te',^l.*te$
words that start with 'd' and  end with 'kha',^d.*kha$
words that start with 's'  followed by 'are' and  end with 'f',^s.*are.*f$
words that start with 'f'  followed by 'k' and  end with 'r',^f.*k.*r$
words that start with 'l'  followed by 'ngo',^l.*ngo$
words that start with 'sal' and  end with 'n',^sal.*n$
words that start with 't and r' and  end with 'st',^t and r.*st$
words that start with 'm'  followed by 'hm' and  end with 'n',^m.*hm.*n$
words that start with 'say' and  end with 'ni',^say.*ni$
words that start with 's'  followed by 'l',^s.*l$
words that start with 's' and  end with 'kh',^s.*kh$
words that start with 'f'  followed by 'k' and  end with 'ar',^f.*k.*ar$
words that start with 'tab' and  end with 'yt' or 'yat',^tab.*yt.*yat$
words that start with 'b'  followed by 'h'  and  end with 'n',^b.*h.*n$
words that start with 'k'  followed by 'b'  and  end with 'r',^k.*b.*r$
words that start with 'm' and  end with 'sni',^m.*sni$
words that start with 'j' and  end with 'th',^j.*th$
words that start with 'b'  followed by 'sh' and  end with 'k',^b.*sh.*k$
words that start with ' and ' and  end with 'r',^ and .*r$
words that start with 'm' and  end with 'r' with any number of  'a' in between,^m.*r.*a$
words that start with 'h'  followed by 'm' and  end with 'ri',^h.*m.*ri$
words that start withn'n' and  end with 'klo',^n.*klo$
words that start with 't'  followed by 'mh' and  end with 'ri',^t.*mh.*ri$
words that start with 'm'  followed by  'n' and  end with 'y',^m.*n.*y$
words that start with 'a'  followed by  'j' and  end with 'o',^a.*j.*o$
three or four letter words  that start with 'h'  and  end with 'n' with 'a' 'o' or 'u' in between,^h.*n.*a.*o.*u$
words that start with 'g' and  end with 'li',^g.*li$
words that start with 'm'  followed by 'rt',^m.*rt$
words that start with 'l'  followed by 'g'  and  't',^l.*g.*t$
words that start with 'shuk' and  end with 'r',^shuk.*r$
words that start with 'k'  followed by 's'  and  end with 'so',^k.*s.*so$
words that start with 'chah' and  end with 't',^chah.*t$
words that start with 'n'  followed by 'm' and  end with 'k' or 'q',^n.*m.*k.*q$
words that start with 'kh'  and  end with 'sh',^kh.*sh$
words that start with 'gh'  followed by 'rel',^gh.*rel$
words that and  end with 'fla',^fla$
words that start with 'w'  followed by 'ha',^w.*ha$
words that start with 'r' and  end with 'hna',^r.*hna$
words that start with 'f'  followed by  'r' and  end with 'k' or 'q',^f.*r.*k.*q$
words that start with 't'  followed by  'r' and  end with 'f',^t.*r.*f$
words that start with 'bad' and  end with 'lo',^bad.*lo$
words that start with 'd' and  end with 'an' with 'ey' or 'eh' in between,^d.*an.*ey.*eh$
words that start with 'd' and  end with 'khao',^d.*khao$
words that start with 'guz' and  end with 'ro',^guz.*ro$
words that start with 'tumh' and  end with 'e' or 'y',^tumh.*e.*y$
words that start with 'pa' or 'pu' and  end with 'da',^pa.*pu.*da$
words that start with 'a' or 'e' followed by  'has',^a.*e.*has$
words that start with 'g' and  end with 'hra',^g.*hra$
words that start with 'pas' and  end with 'nd',^pas.*nd$
words that start with 'k' and  end with 'hna',^k.*hna$
words that start with 'zar' and  end with 'r' ,^zar.*r$
words that start with 'sh' and  end with 'kriya',^sh.*kriya$
words that start with 'h' and  end with 'so',^h.*so$
words that start with 'apn',^apn$
words that start with 'zaro' and  end with 'r',^zaro.*r$
words that start with 'k'  followed by  'd' and  end with 'r',^k.*d.*r$
words that start with 'k' and  end with 'rna',^k.*rna$
words that start with 'b'  followed by  'h' and  end with 't',^b.*h.*t$
words that start with 'b' and  end with 'ht',^b.*ht$
words that start with 'k' and  end with 'ya',^k.*ya$
words that start with 'par' and  end with 'o' or 'u',^par.*o.*u$
words that start with 'm' and  end with 'in',^m.*in$
words that start with 'd' and  end with 'lha',^d.*lha$
words that start with 'g' and  end with 'zaro',^g.*zaro$
words that start with 'b' and  end with 'ht',^b.*ht$
words that start with 'p' and  end with 're',^p.*re$
words that start with 'ke' and  end with 'y' or 'e',^ke.*y.*e$
words that start with 'ph' and  end with 'pho',^ph.*pho$
words that start with 'l' and  end with 'ty',^l.*ty$
two or three letter words that start with 'm' and  end with 'y',^m.*y$
words that start with 'w' and  end with 'sy',^w.*sy$
words that start with 'sh' and  end with 'khi',^sh.*khi$
words that start with 'm' and  end with 'ri',^m.*ri$
words that start with 'h' and  end with 'n'  followed by  'o' or 'u' or both in between,^h.*n.*o.*u$
words that start with 'a' and  end with 'na',^a.*na$
words that start with 'de' and  end with 'na',^de.*na$
words that start with 'm' and  end with 'sam',^m.*sam$
words that start with 'ankh' and  end with 'n',^ankh.*n$
words that start with 'shuk' and  end with one or two 'r',^shuk.*r$
words that start with 'apn' and  end with 'I' or 'e',^apn.*I.*e$
words that start with  't' and  end with 'ng',^t.*ng$
words that start with 'r' and  end with 'hi',^r.*hi$
words that start with 'w' and  end with 'ha',^w.*ha$
words that start with 'ghat' and  end with 'ya',^ghat.*ya$
words that start with 's'  followed by  'h' and  end with 'I' or 'e',^s.*h.*I.*e$
words that start with 'd' and  end with 'kh',^d.*kh$
words that start with 'n' and  end with 'ya',^n.*ya$
words that start with 'I' or 'e'  followed by  'sra',^I.*e.*sra$
words that start with 'h'  followed by  'm' and  end with 'ra',^h.*m.*ra$
two or three letter words that start with 'q' and  end with 'o' or 'u',^q.*o.*u$
words that start wit 'kar' and  end with 'hi' of 'ai',^kar.*hi.*ai$
words that start with 'n'  followed by  'ya',^n.*ya$
words that start with 'z'  followed by  'h' and  end with 'r',^z.*h.*r$
words that start with 'a'  followed by  'ta',^a.*ta$
words that start with 'ba'  followed by  'ris',^ba.*ris$
words that start with 'n' and  end with 'end' or 'ind',^n.*end.*ind$
words that start with 'h' must and  end with 'rna',^h.*rna$
words that start with 'nam' and  end with 'ona' or 'una',^nam.*ona.*una$
words that start with 'k' and  end with 'ro',^k.*ro$
words that start with 'as' and  end with 'l',^as.*l$
words that start with 'gha' and  end with 'ty',^gha.*ty$
words that start with 'kho' and  end with 'lti' ,^kho.*lti$
words that start with 'be' or 'ba' and  end with 'shk' or 'shak',^be.*ba.*shk.*shak$
words that start with 'b'  followed by  'ht' and  end with 'r',^b.*ht.*r$
words that start with 'bha' and  end with 'r' followed by  't' in between,^bha.*r.*t$
words that start with'h' and  end with 'fazat',^h.*fazat$
words that start with 'zim' and  end with 'dar',^zim.*dar$
words that start with 'zim'  followed by  'yd' and  end with 'r',^zim.*yd.*r$
words that start with 'bat' and  end with 'e' or 'n',^bat.*e.*n$
words that start with 'ba'  followed by  't' and  end with 'in',^ba.*t.*in$
words that start with 'sa' and  end with 'e' or 'I',^sa.*e.*I$
words that start with 'dar' and  end with 'sat' or 'st',^dar.*sat.*st$
words that start with 'the' and  end with 'k',^the.*k$
words that start with 't' and  end with 'k  followed by  'e',^t.*k  followed by  $
words that start with 's' and  end with 'th',^s.*th$
words that start with 'z'  followed by  'r' and  end with 'ri' ,^z.*r.*ri$
words that start with 'yak' or 'yaq' and  end with 'n',^yak.*yaq.*n$
words that start with 'l' and  end with 'kha',^l.*kha$
words that start with 'ko' and  end with 'I' or 'e',^ko.*I.*e$
words that start with 'k' and  end with 'rta',^k.*rta$
words that start with 'z'  followed by  'rd' and  end with 'st',^z.*rd.*st$
words that start with 'b' and  end with 'ghair',^b.*ghair$
words that start with 'b'  followed by  'g' and  end with 'r',^b.*g.*r$
words that start with 'sh'  followed by  'rka' and  end with 't',^sh.*rka.*t$
words that start with 'z'  followed by  'k' and  end with 'r',^z.*k.*r$
three or four letter words that start with 'h' and  end with 'wa' or 'va or simply 'a',^h.*wa.*va or simply $
words that start with 'da' or 'de' and  end with 'na',^da.*de.*na$
words that start with 'be' or 'ba' and  end with 'tha',^be.*ba.*tha$
words that start with 'de'  and  'da' and  end with 'dia',^de.*da.*dia$
words that start with 'm' and  end with 'dad',^m.*dad$
words that start with 'il' or 'el' and  end with 'm',^il.*el.*m$
words that start with 'r' and  end with 'h',^r.*h$
words that start with 'ch' and  end with 'e' or 'y',^ch.*e.*y$
words that start with 'ch' and  end with 'ye',^ch.*ye$
words that start with 'do' or 'du' and  end with 'a' ,^do.*du.*a$
words that start with 'am' or 'um' and  end with 'l',^am.*um.*l$
words that start with 'ki' or 'ka'  followed by  'rayo',^ki.*ka.*rayo$
words that start with 'sa'  followed by 'mn' ,^sa.*mn$
words that start with 'ma' and  end with 'eed',^ma.*eed$
words that start with 'm'  followed by  'z' and  end with 'd',^m.*z.*d$
words that start with 'lo' and  end with 'g',^lo.*g$
words that start with 'dost' and  end with 'n' or 'o',^dost.*n.*o$
words that start with 'p'  followed by  'rhn' and  end with 'y',^p.*rhn.*y$
words that start with 'ka' or 'ke'  followed by  'rn' ,^ka.*ke.*rn$
words that start with 'b' and  end with 'r'  followed by  another 'r'  and  'b' in between,^b.*r.*r.*b$
words that start with 'I' 'e' or 'a' and  end with 'afa',^I.*e.*a.*afa$
words that start with 'ja' and  end with 'gy' or 'ge',^ja.*gy.*ge$
words that start with 'ja' and  end with 'gay',^ja.*gay$
words that start with 'g'  followed by  'l' and  end with 'I',^g.*l.*I$
words that start with 'ag' and  end with 'r',^ag.*r$
words that start with 'ta' or 'te'  followed by  'r' ,^ta.*te.*r$
words that start with 'faq' or 'fak' and  end with 'r',^faq.*fak.*r$
words that start with 'ta' and  end with 'at',^ta.*at$
words that start with 'ma' or 'me' and  end with 'ri',^ma.*me.*ri$
words that start with 'ma'  followed by  'nz' and  end with 'l',^ma.*nz.*l$
words that start with 'da' or de'  followed by  'kh' and  end with 'in',^da.*  followed by  .* and  end with $
words that start with 'w'  followed by  'k' or 'q' and  end with 't',^w.*k.*q.*t$
words that start with 'khan' and  end with 'e' or 'y',^khan.*e.*y$
words that start with 'ja' and  end  followed by  'r' and  end with 'I' or 'e',^ja.*r.*I.*e$
words that start with 'hot' ,^hot$
words that start with 'che' and  end with 'z' or 'x',^che.*z.*x$
words that start with 'a' or 'e'  and followed by 'tba',^a.*e.*tba$
words that start with 'tuj' and  end with 'e' or 'y',^tuj.*e.*y$
words that start with 'ag' and  end with 'z',^ag.*z$
words that start with 'iqra' and  end with 'r',^iqra.*r$
words that start with 'ma'  followed by  'ngn' ,^ma.*ngn$
words that start with 'da' or 'do' and  end with 'r',^da.*do.*r$
words that start with 'm'  followed by  'h'  and  'b' in between and  end with 't',^m.*h.*b.*t$
words that start with 'm'  followed by  'hrb' and  end with 'ni',^m.*hrb.*ni$
words that start with 'meh' and  end with  'bani' ,^meh.*bani$
words that start with 'k'  followed by  'rt' and  end with 'y' or 'e',^k.*rt.*y.*e$
words that start with 'rah' and  end with 'e' or 'y',^rah.*e.*y$
words that start with 'k' or 'q'  followed by  'asr' and  end with 't',^k.*q.*asr.*t$
words that start with 'ish' and  end with 'k' or 'q',^ish.*k.*q$
words that start with 'm'  followed by  't' and  end with 'a',^m.*t.*a$
words that start with 'logo'  and  end with 'o' or 'n',^logo.*o.*n$
words that start with 'muf' and  end with 't',^muf.*t$
words that start with 'kh'  followed by  'ya' and  end with 'l',^kh.*ya.*l$
words that start with 'o' or 'u' and  end with 'cha',^o.*u.*cha$
words that start with 'a'  followed by  'g' and  end with 'y' or 'e',^a.*g.*y.*e$
words that start with 'n'  followed by  'h' and  end with 'I' or 'e',^n.*h.*I.*e$
words that start with 'apn' and  end with 'e' or 'y',^apn.*e.*y$
words that start with 'w'  followed by 'p' and  end with 's',^w.*p.*s$
words that start with 'riz' and  end with 'k' or 'q',^riz.*k.*q$
words that start with 'be' or 'ba'  followed by  'sh' and  end with 'k',^be.*ba.*sh.*k$
words that start with 'om' or 'um' and  end with 'd',^om.*um.*d$
words that start with 'pa' or 'pe' and  end with 'sh',^pa.*pe.*sh$
words that start with 'ja' and followed by 'n' and  end with 'b',^ja.*n.*b$
words that start with 'muzah' and  end with 're',^muzah.*re$
words that  start with 'mu' or 'mo'  followed by  'zah' ,^mu.*mo.*zah$
words that  start with 'zind'  and  followed by 'g',^zind.*g$
words that  start with 'mah'  and  followed by 'l',^mah.*l$
words that  start with 'tal'  and  followed by 'k' or 'q',^tal.*k.*q$
words that  start with 'z'  and  followed by  'hr'  and  'l',^z.*hr.*l$
words that start with 'z' and followed by 'h'  and  end with 'n',^z.*h.*n$
words that start with 's'  and  end with  'hbat',^s.*hbat$
words that start with 'kh'  and  end with  'ish',^kh.*ish$
words that start with 'bag' or 'beg'  and  end with  'wat',^bag.*beg.*wat$
words that start with 'p'  and  end with  'sa',^p.*sa$
words that start with 'ikh' or 'akh'  and  end with 'aq',^ikh.*akh.*aq$
words that begin with 'p'  and  end with 'gli',^p.*gli$
words that start with 'khat'  and  followed by  'rna',^khat.*rna$
words that start with 'a' or 'o'  and  followed by  'rt' or 'rat',^a.*o.*rt.*rat$
words that start with 'kh'  and  followed by  'ch',^kh.*ch$
words that start with 'k' and followed by 'ab'  and  end with 's',^k.*ab.*s$
words that start with 'g'  and  end with 'lazat',^g.*lazat$
words that start with 'bh'  and  end with 'tni',^bh.*tni$
words that start with 'taj'  and  end with 'rba',^taj.*rba$
words that start with 'sh'  and  end with  'rafat',^sh.*rafat$
words that start with 'g'  and  end with 'leez',^g.*leez$
words that start with 'mes' or 'mees'  and  end with  'n',^mes.*mees.*n$
words that start with ' and h'  and  end with  'ra',^ and h.*ra$
words that start with 'c' and followed by 'hala' or 'hla'  and  end with 'k',^c.*hala.*hla.*k$
words that start with 'gun' or 'gon'  and  end with 'h',^gun.*gon.*h$
words that start with 'h' and followed by sub  'm'  and  end with 'sha',^h.*m.*sha$
words that start with 'f'  and  end with  't',^f.*t$
words that start with 'z' and followed by sub  'h'  and  end with 'r',^z.*h.*r$
words that start with 'k' and followed by sub  'nz'  and  end with  'r',^k.*nz.*r$
words that start with 'behaya' ,^behaya$
words that start with 'b' and followed by sub  'tuk'  and  end with  'I',^b.*tuk.*I$
words that start with 'l' and followed by sub  't'  and  end with 'ra',^l.*t.*ra$
"words that start with 'h' and followed by sub  'k','m'  and  'r'  and  end with strng 'an'",^h.*k.*m.*r.*an$
words that start with 'd'  and  end with 'lat',^d.*lat$
words that start with 'haram'  and  followed by sub  'kho',^haram.*kho$
words that start with 'm' and followed by sub  'rda'  and  end with 'ad',^m.*rda.*ad$
words that start with 'g'  and  end with 'lam',^g.*lam$
words that start with 'zam'  and  end with 'r',^zam.*r$
words that start with  'a' and followed by sub  'kh'  and  end with 'rat',^a.*kh.*rat$
words that start with 'n' and followed by sub  'b'  and  end with 't',^n.*b.*t$
words that start with 'm' and followed by sub  'sm'  and  end with 'ar',^m.*sm.*ar$
words that start with 'baha' and followed by sub  'd'  and  end with  'r',^baha.*d.*r$
words that start with 't' and followed by sub  'waq'  and  end with  'o',^t.*waq.*o$
words that start with 'h' and followed by sub  'ras'  and  end with 'sa' or 'san',^h.*ras.*sa.*san$
words that start with 't' and followed by sub  'r'  and  end with 's',^t.*r.*s$
words that start with 't' and followed by sub  'b'  and  end with 'a' or 'ah',^t.*b.*a.*ah$
words that start with 'k' and followed by sub  'nj'  and  end with 'r',^k.*nj.*r$
words that start with 'g' and followed by sub  'r'  and  end with 'k' or 'q',^g.*r.*k.*q$
words that start with 'i' or 'e' and followed by sub  'z'  and  end with 't',^i.*e.*z.*t$
words that start with 'l' and followed by sub  'nd'  and  end with 'a',^l.*nd.*a$
words that start with 'dr' and followed by sub  'po'  and  end with 'k' ,^dr.*po.*k$
words that start with  'a' and followed by 'bro' or 'abr',a(?:abr(?:o[ow]|o|u)|bro(?:[ou])?)
words that start with  'a' and followed by 'd' and followed by  'b' end with  'bajah' or  'baja',(?:A(?:da(?:ab Bajah?|b baja)|adaab Baja)|adab)
words that start with  'aad' or 'ad' and followed by 'lana',A(?:(?:adh|d)lanah|adlanah?)
words that start with  'a' and followed by 'g' and end with  'ah' or 'a',A(?:ag(?:a(?:(?:aha|h)|(?:ah)?)|hah)|ghah)
words that start with  'ag' or 'aag' and end with  'hi' or 'he',A(?:ag(?:ah(?:(?:iyy|e)|i)|h(?:ah|i)i)|gahe)
words that start with  'aag' or 'ag' and followed by 'h' and end with  'z',A(?:ag(?:h(?:aa?z|za)|aaz)|ghaa?z)
words that start with  'ag' or 'aag' and followed by 'guft' and end with  'gu',A(?:aghaz E Gufta|g(?:ha)?az e guft)gu
words that start with  'a' and followed by 'j' end at sub 'zana',a(?:aji|ji?)zana
words that start with  'aj' or 'aaj' and followed by 'zana' and 'anda',A(?:ajizana Anda|jzana And)az
words that start with 'aj' or 'aaj' and end with  'zi' or 'ze',A(?:a?zee|ajzi|jizi)
words that start with  'aa' and end with  'a' or 'ah',Aalah?
words that start with 'al' or 'aal' and followed by 'iqtid' and end with  'ar',A(?:ala Iqtidaa?r|la (?:Iqtidaa?r|iqtidar))
words that start with 'aal' and end with  'i' or 'e' or 'y',Aal(?:eey?|i)
words that start with 'aal' and followed by 'himmat',A(?:al(?:ee Himmat|i Himmat)|l(?:ee|i) Himmat)
words that start with  'aal' or 'al' and end with  'zarf',A(?:al(?:(?:ee|i)|e) Zarf|l(?:ee|i) Zarf)
words that start with  'aal' and end with  'm',Aal(?:ime?|eem)
words that start with  'aan' or 'an' and followed by 'fan' and end with  'n',A(?:an(?:an Fana|un Fanu)n|nan Fanan)
words that start with  'ap' or 'aap' and end with  's',A(?:ap[au]s|(?:p[ai]|p)s)
words that start with  'ap' or 'aap' and end with sub 'dari',A(?:apas Da|pa?s D)ari
words that start with  'aap' and followed by 'as' and 'k',Aapas(?:k(?:ah|a?)| Ka)
words that start with  'aaq' or 'aq' and end with  'l',A(?:aq[ei]l|q[ei]l)
words that start with  'aq' or 'aaq' and followed by 'lan',A(?:(?:qilann?|(?:k[iy]|qy)lan)|aqilan)a
words that start with  'ar' or 'aar' and followed by 'm s',A(?:ara(?:am Sa|m S)y|raa?m Sy)
words that start with  'ar' or 'aar' and end with  'm',A(?:raa?|ara)m
words that start with  'aar' or 'ar' and followed by 'sta',A(?:ara?sta|ra?sta)
words that start with  'aas' or 'as' and end with  'n',A(?:asaa?n|ss?an)
words that start with  'a' and end with  'saish',Aa?saish
words that start with  'aas' or 'as' and followed by 'ni' and end with  'say' or 'sy' or 'se',A(?:sa(?:(?:ani Sei |ni Sy)|ani Se)|asani Se)
words that start with  'a' and followed by 'sh' and end with  'q',A(?:ash(?:(?:ee|i)|e)q|shiq)
words that start with  'a' and followed by 'sh' and 'q' and 'miz' or 'maz' and end with  'aj',A(?:ash[ei]q Miz|shiq Miza)aj
words that start with  'a' and followed by 'sh' and end with  'qana',A(?:ash(?:(?:ee|i)|e)qana|shiqana)
words that start with  'a' and followed by 'sh' and end with  'qi',Aash(?:(?:ee|i)|e)qii
words that start with  'a' and followed by 'sh' and and 'k' end with  'r',A(?:(?:ashkaa|askaa?)|shka)r
words that start with  'a' and followed by 'sh' and and 'na' end with  'i' or 'e',A(?:as(?:hnaa?|chna)i|shnae)
words that start with  'a' and followed by 'sma' end with  'ni',A(?:asman(?:ee|i)|smaani)
words that start with  'a' and followed by 'sh' or 'ch' end with  'a',A(?:ch(?:a(?:(?:ah|'))?|ha)|[sx]ha)
words that start with  'ach' and followed by 'm'or 'n' and 'b' and end with  'a',ach(?:a[mn]bha|a[mn]ba|umba)
words that start with  'ach' and end with  'i' or 'y' or 'e',Ach(?:ha[iy]|a[ei])
words that start with  'ach' and followed by 'i' and 'd' and end with  't',A(?:c(?:ha?|ch)i Aadat|shi adat)
"words that start with  'ach' and followed by 'i' and 't' and 'rh' and end with  'h' ,'n' or 'a'",A(?:ch(?:[ah]i Tarah|i Terhan)|shi terhan)
words that start with  'a' and followed by 'd' and end with  'ab',A(?:daa?|ada)b
words that start with  'a' and followed by 'd' and end with  'l',Ad(?:e(?:[ae])?l|ill?)
words that start with  'ad' and followed by 'n' and end with  'a' or 'ah',Adn(?:a(?:hh|h?)|na )
words that start with  'ad' and followed by 'r' and end with  'k',Ad(?:raa?|hra)k
words that start with  'afa' and followed by 'k' or 'q' and end with  'a',Afa(?:ak|[cq])a
words that start with  'afr' and end with  'at',Afra(?:ath?|t)
words that start with  'afr' and followed by 'at' and 's' and end with  'y' or 'e' ,Afra(?:at(?: Sa|h s)y|t S(?:ay|e))
words that start with  'afr' and end with  'n',Afr(?:eene?|in)
words that start with  'afz' and end with  'a' or 'ah',Afza(?:hh?|a)?
words that start with  'afz' and end with  'l',Afz(?:(?:aa|u)|a)l
words that start with  'a' or 'e' and followed by 'h' and end with  'm',A(?:hemm?|ahem|ham)
words that start with  'a' or 'e' and followed by 'h' and 'mi' and end with  'at',Ah(?:emiy|miy?)at
words that start with  'a' or 'e' or 'i' and followed by 'h' and 's' and end with  'an',(?:(?:Ahasa|(?:Ahsa|Ehs))|Ihsa)an
words that start with  'a' or 'e' or 'i' and followed by 'sa' and 'n m' or 'nm' and end with  'd',Ah(?:asaan m|sa(?:an M|nm))and
words that start with  'a' or 'e' or 'i' and followed by 'sa' and 'n m' or 'nm' and end with  'di',Ah(?:asaan mandi|sa(?:an M|nm)and)i
words that start with  'a' or 'e' and followed by 'h' and 't' and end with  'yaat' or 'yat',Aht(?:ih?yaat|yaat)
words that start with  'a' or 'e' and followed by 'h' and 't' and end with  'tan',(?:Ahtiyaa?tan|Ehtyatan)
words that start with  'a' or 'e' or 'i' and followed by 't' and 'r' and end with  'am',(?:Eht(?:ti)?|[AI]ht)ram
words that start with  'a' or 'e' or 'i' and followed by 't' and 'r' and end with  'man',(?:Ihtiraman|Eht(?:raman|iram)|Ahtraman)
words that start with  'a' and followed by 'k' and end with  'a',A(?:i[ck]|[ey]k)a
words that start with  'a' or 'e' and followed by 's' and end with  'r',[AE][iy]sar
words that start with  'a' and end with  'sh',A(?:e(?:esh|sh)|ish)
words that start with  'a' and followed by 'sh' and end with  'krna' or 'karna',A(?:ish (?:ke?|Ka)rna|esh krna)
words that start with  'a' and followed by 'sh' and 'o' and 'ish' or 'esh' and end with  'rat' or 'rt,(?:A(?:esh o Ishrat|ish (?:O Ishra|o eshar)t)|Eish o eshrt)
words that start with  'a' or 'e' and followed by 'tb' and end with  'r',(?:(?:Aetibaa|Aitb(?:aa)?)|Eitbaa)r
words that start with  'a' or 'e' and followed by 't' and 'm' and end with  'ad',(?:A(?:eti|it)maad|E(?:eti|it)mad)
words that start with  'a' or 'e' and followed by 'tra' and end with  'f',(?:A(?:itra|etr)af|Ei?traaf)
words that start with  'a' and followed by 'j' and end with  'b',(?:Aja?|Eja)b
words that start with  'a' and followed by 'j' and end with  'r',Aj(?:ja|(?:[ae])?)r
words that start with  'a' and followed by 'j' and end with  'ba',Aj(?:(?:oo|u)|o)ba
words that start with  'ak' and end with  'th' or 'the',Ak(?:the?|eth)
words that start with  'a' or 'e' and followed by 'm' and end with  'n',(?:A(?:lii(?:iii Maq| Maqa)am|ali Maqaam)|Elii maqam)
words that start with  'a' or 'e' and followed by 'li' and 'maq' and end with  'am',(?:Amaane?|Emaan )
words that start with  'ama' and followed by 'd' and end with  'a' or 'ah',Ama(?:d(?:ah?|ha)|ada)
words that start with  'a' and followed by 'm' and end with  'n',Am(?:[au])?n
words that start with  'a' and followed by 'mana' and end with  't',(?:(?:Aa|I)mana|Amana?)t
words that start with  'am' and followed by 'n' and 'p' and 's' and 'n' and end with  'dana',Am(?:an [Pp]asandana|n pasndana)
words that start with  'am' and followed by 'n' and 'p' and end with  'sandi',Am(?:an Pa|n p)sandi
words that start with  'ankho' and followed by 'ka ta' and end with  'ra',Ankhon(?: Ka Ta|n ka t)ara
words that start with  'a' or 'u' and followed by 'nm' and end with  'l',(?:anmo(?:le?|ol)|unmol)
words that start with  'a' and followed by 'p' and end with  'na',Aa?pna
words that start with  'ap' and followed by 'na' and 'p' and end with  'n',Apna (?:Pa|p|pu)n
words that start with  'a' and followed by 'q' and end with  'l',Aqa?l
words that start with  'aq' and followed by 'l o'  and 'd' and end with  'nish',Aq(?:al O D|l o d)anish
words that start with  'aq' and followed by 'l m'  and 'n' and end with  'dana',Aq(?:al Man|l ma)dana
words that start with  'a' and followed by 'q' and end with  'l',Aq(?:[ei])?l
words that start with  'a' or'e' or 'i' and followed by 'qrar',[AEI]qrar
words that start with  'a' or'e' or 'i' and followed by 'qrar' and end with  'i',(?:[AI]qrar|Eqa)i
words that start with  'a' and followed by 'r' and end with  'm',A(?:araa|raa?)m
words that start with  'a' and followed by 'r' and 'm' and end with  'deh',A(?:araam D|ra(?:am D|m d))eh
words that start with  'a' and followed by 'ra' and 'm p' and end with  'chana',A(?:ra(?:am P|m p)oha|araam Poh)nchana
words that start with  'a' or 'i' and followed by 'r' and 'f' and end with  'a' or 'ah',(?:a|aa|i)rfah?
words that start with  'a' and followed by 'r' and 'm' and end with  'n',Armaa?n
words that start with  'ar' and followed by 'z' and end with  'u' or 'o',Aa?rz(?:oo|u)
words that start with  'as' and end with  'r',Asa?r
words that start with  'as' and followed by 'r' and 'paz' and end with  'r',As(?:ar (?:Paze|paz)er|r pazir)
words that start with  'a' or 'i' and followed by 's' and end with  'bati',[ai]a?sbati
words that start with  'a' and followed by 'sh' and end with  'ab',Ashaa?b
words that start with  'a' and followed by 's' and end with  'li',A(?:aa)?sli
words that start with  'a' or 'i' and followed by 'sm' and end with  't',[ai]sm[au]t
words that start with  'as' and followed by 'd' and end with  'ah' or 'a',As(?:odah|uda)
words that start with  'a' and followed by 't' and end with  'ya',Aa?ta
words that start with  'a' and followed by 't' and end with  'ya',At(?:[ei])?ya
words that start with  'a' or 'o' or 'u' and followed by 'jag' and end with  'r',(?:Aujaa?g|Ujaga)r
words that start with  'a' and followed by 'w' and end with  'l',Aww?al
words that start with  'az' and followed by 'h' and 'd' and 'kh' and end with  'shi',Az(?: Had K|z hd k)hushi
words that start with  'a' and followed by 'z' and end with  'd',Azaa?d
words that start with  'a' and followed by 'z' and end with  'di',Azaa?di
words that start with  'a' and followed by 'z' and end with  'm',Az(?:ee|i)m
words that start with  'a' and followed by 'z' and 'm' and end with  'shan',Az(?:eem Al S|im al s)
words that start with  'a' and followed by 'z' and end with  'z',Az(?:ee|i)z
words that start with  'a' and followed by 'z' and end with  'z',Az(?:ee|i)z
words that start with  'a' and followed by 'z' and 'm' and end with  't',Azma?t
words that start with  'azr' and followed by 'e' and 'nawaz' and end with  'ish',Azra(?:h E |\-e\-)Nawazish
words that start with  'ba' and followed by 'd' and 'b',Ba (?:Ada|ad)b
words that start with  'ba' and followed by 'sa' and 'ni',Ba (?:aa|A)sani
words that start with  'ba' and followed by 'z' and 'm' and end with  't',Ba Azma?t
words that start with  'ba' and followed by 'b' and 'rk' or 'rq' and end with  't',Ba (?:Barkat|bar[kq]at)
words that start with  'ba' and followed by 'kh' and end with  'laq',Ba [EIA]khlaq
words that start with  'ba' and followed by 'gh' and 'r',ba(?: gh(?:o(?:ore|ur|re)|aur)|gh[ao]ur|ghore|gore)
words that start with  'ba' and followed by 'h' and 'y' and end with  'a',Ba (?:Ha|h)ya
words that start with  'ba' and followed by 'h' and 's' and end with  'at',Ba (?:h(?:aisia|sey)|asiya|esiya)t
words that start with  'ba' and followed by 'him' and end with  't',Ba (?:himma|him|hima)t
words that start with  'ba' and followed by 'i' or 'e' and 'l' and end with  'm',Ba (?:ila|[Ie]l)m
words that start with  'ba' and followed by 'k' and 'm' and end with  'l',Ba kamaa?l
words that start with  'ba' and followed by 'k' and 's' and end with  'rat',Ba (?:Ka|k)srat
words that start with  'ba' and followed by 'kh' and 'b' and end with  'r',Ba (?:Khaba|khb|khabe|khab)r
words that start with  'ba' and followed by 'khab' and end with  'ri' or 're',Ba(?: Khabri| khabre|khabri)
words that start with  'ba' and followed by 'kird' and end with  'r',Ba (?:kirda|Kird)ar
words that start with  'ba' and followed by 'ma' and end with  'ni',Ba (?:Ma|m)ani
words that start with  'ba' and followed by 'm' and 'qs' and end with  'd',Ba (?:Maqsa|mqs)d
words that start with  'ba' and followed by 'm' and 'r' and end with  'd',Ba (?:Mura|mur|mora)ad
words that start with  'ba' and followed by 'nas' and end with  'b',Ba (?:Nasee|nasi)b
words that start with  'ba' and followed by 'tart' and end with  'b',Ba (?:Tartee|tarti)b
words that start with  'ba' and followed by 'as' and end with  'l',Ba (?:Usoo|Asu|asoo)l
words that start with  'ba' and followed by 'waq' and end with  'r',Ba(?: waqa| Waq|waq)ar
words that start with  'ba' and followed by 'sala' and end with  'hiyat',Ba(?: sala|\-sal|sal)ahiyat
words that start with  'ba' and followed by 'tr' and 'q' and 'ahs' and end with  'n',Ba(?:\-tareeq Ahsen| triq ahsn|triq ahsan)
words that start with  'ba' and followed by 'd' and 'sab' and 'ahs' and end with  'a',Baad(?: E S|y s)aba
words that start with  'ba'  and end with  'g' or 'gh',b(?:aagh baagh|haag bhaag|agh bagh|aag baag)
words that start with  'ba' and followed by 'g' and 'riz' and end with  'n',ba(?:gh e r(?:iz(?:wa|v)|azv)|agh e rizw)an
words that start with  'ba' and followed by 'ch' and end with  't',Ba?chatt?
words that start with  'ba' and followed by 'r' or 'd' and end with  'i',Ba(?:day|dha|ray)i
words that start with  'bad' and followed by 'la',Bada?lah?
words that start with  'bad' and followed by 'sh' and end with  'hi',Badshah?i
words that start with  'bah sah' and end with  'lat',Bah Sah(?:oo|u)lat
words that start with  'ba' and followed by 'ha' and end with  'al',Bahaa?l
words that start with  'ba' and followed by 'ha' and 'd' and end with  'r',Bahadurr?
words that start with  'ba' and followed by 'ha' and 'd' and end with  'ri' or 're',bahad(?:ori|ur[ei])
words that start with  'baham' and followed by 'it'  and end with  'faq',Bahami (?:Itta|itte)faq
words that start with  'bah' and followed by 'sh' and end with  't',bah(?:ishth?|eesht)
words that start with  'ba' and followed by 'ja' and 'l' and end with  'ana',B(?:aja L|ja l)ana
words that start with  'ba' and followed by 'kh' and end with  'r',B(?:akh(?:ai|e)|khai)r
words that start with  'bakh' and followed by 'r o' and 'kh' and end with  'bi',Bakh(?:air O Kho|er O kh)obi
words that start with  'ba' and followed by 'kh' and end with  'bi',B(?:akhoo?bi|khobe|akhubi)
words that start with  'b' and followed by 'k' and 'sh' and end with  'sh',b(?:(?:aksh(?:ee|i)|akhshi)|khshi)sh
words that start with  'b' and followed by 'k' and 'sh' and end with  'na',Ba?khshna
words that start with  'ba' and followed by 'la' or 'd' and end with  'sti',Balad[au]?sti
words that start with  'ba' and followed by 'la' and 't' and end with  'r',Ba(?:lataa?r|alatr|later)
words that start with  'ba' and followed by 'l' and end with  'gh',Bal(?:ee|i)gh
words that start with  'b' and followed by 'nda' and 'pr' or 'par' and 'w' and end with  'r',B(?:anda Parwa|nda prw)r
words that start with  'ba' and followed by 'k' or 'q' and end with  'da',Ba[kq]aida
words that start with  'baqa' and followed by 'd' and end with  'gi',Baqa(?:ida|ed)gi
words that start with  'b' and followed by 'r' and 'm' and 'h' and end with  'l',Bar M[ae]h[ae]l
words that start with  'b' and followed by 'r w' and 'q' or 'k' and end with  't',B(?:ar Waqa|(?:ur w|r wa)q)t
words that start with  'b' and followed by 'r' and 'd' and end with  'a',B(?:arr?a|ra|ada)
words that start with  'b' and followed by 'r' and 'aad' or 'ad' and end with  'mi',B(?:ara A|(?:ra a|da ))admi
words that start with  'b' and followed by 'r' and 'd' and end with  'l',B(?:rr?a dill|ara Dil)
words that start with  'b' and followed by 'r' and 'k' and end with  'm',B(?:r(?:ra kaa|a k)|ara Kaa)m
words that start with  'b' and followed by 'rab' and end with  'r',B(?:araba|rabe?)r
words that start with  'b' and followed by 'rab' and end with  're' or 'ri',B(?:arabari|rabr[ei])
words that start with  'b' and followed by 'r' and end with  'dr' or 'dar',B(?:arada|rada?)r
words that start with  'b' and followed by 'r' and 'd' and end with  'ana',B(?:arada|rad|irad)rana
words that start with  'b' and followed by 'rah'  and 'k'  and 'r' and end with  'm',B(?:arah E (?:Kara|kr)m|rahy k(?:ara|r)m)
words that start with  'b' and followed by 'r' and 'd' and end with  'i',B(?:ara[ay]i|dai)
words that start with  'b' and followed by 'rd' or 'rad' and end with  'sht',B(?:radsa?|ardas)ht
words that start with  'b' and followed by 'r' and 'e' or 'i' and end with  'k',B(?:ar(?:e[ei]k|ik)|rek)
words that start with  'b' and followed by 'r' and 'j' and end with  'na',B(?:ar(?:h J| j)ana|r jna)
words that start with  'b' and followed by 'r' or 'd'  and 'ho' or 'hu'  and end with  'a',B(?:arha (?:How|hu)a|dha hua)
words that start with  'b' and followed by 'r' or 'd' and end with  'ana',B(?:a[dr]hana|dhana)
words that start with  'b' and followed by 'r' or 'd' and 'n' and 'k' and end with  'kabil' or 'qabil',B(?:arhan(?:ay Kay Qa|y K Q)abil|dhny k kabil)
words that start with  'b' and followed by 'rk' or 'rq' and end with  't',B(?:ar[kq]at|rqat)
words that start with  'b' and followed by 'rt' and end with  'r',B(?:rt(?:ar |r)|arta?r)
words that start with  'b' and followed by 'rt' and end with  'ri' or 're',B(?:arta?ri|rtre)
words that start with  'b' and followed by 's' and end with  'rat',B(?:asee|s(?:ee|i))rat
words that start with  'b' and followed by 'sh' and end with  'sh',B(?:asha|sh)ash
words that start with  'b' and followed by 'w' and end with  'fa',Bawa?fa
words that start with  'b' and followed by 'ai' and end with  'b',B(?:ay Ai|e (?:ae|Ai))b
words that start with  'b' and followed by 'ai' and end with  'bi' or 'be',B(?:ay Aibi|e aib[ei])
words that start with  'b' and followed by 'an' and end with  'daza',B(?:ay|e) Andaza
words that start with  'b' and followed by 'b' and end with  'ak',B(?:ay Ba|(?:e ba|y b))ak
words that start with  'b' and followed by 'b' and end with  'aq',B(?:ay B|e b)aaq
words that start with  'b' and followed by 'd' and end with  'gh',B(?:(?:ay|e) Da|a d)agh
words that start with  'b' and followed by 'd' and end with  'r',B(?:a(?:y D|id)ar|e(?: d|da)ar)
words that start with  'b' and followed by 'g' and 'r' and end with  'z',B(?:ay Gha|e gh?)rz
words that start with  'b' and followed by 'g' and 'n' and end with  'h',B(?:ay Gu|e g[ou])nah
words that start with  'b' and followed by 'h' and end with  'd' or 'dh',B(?:e(?:y Hadh| Had)|ay Hadd)
words that start with  'b' and followed by 'had' and  'k' and end with  'shi',B(?:e(?:y Hadh| had) k|ay Hadd K)hushi
words that start with  'b' and followed by 'h' and 's' and end with  'ab',B(?:ay Hisa|e(?: hee|hi)s)ab
words that start with  'b' and followed by 'h' and 'd' and  'ko' and end with  'shish',B(?:ay Hud K|e had k)oshish
words that start with  'b' and followed by 'int' and end with  'ha',b(?:ay(?: Inti|inte)ha|e(?: inti|inte)ha)
words that start with  'b' and followed by 'j' and end with  'rm' or 'ram',B(?:ay j|e j)rm
words that start with  'b' and followed by 'kh' and end with  'ti',B(?:ay Kha|e kh)ati
words that start with  'b' and followed by 'kh' and end with  'ta',B(?:ay K|e k)hata
words that start with  'b' and followed by 'kh' and end with  'tar' or 'ter' or 'tr',b(?:(?:ay khata|aykhate?)|e khta)r
words that start with  'b' and followed by 'kh' and end with  'f',B(?:ay Khau|e khoo)f
words that start with  'b' and followed by 'kh' and 'f' and 'o' and end with  'r',B(?:ay Khauf O Khata|e khoof O kht)r
words that start with  'b' and followed by 'l' and end with  'ag',B(?:ay L|e l)aag
words that start with  'b' and followed by 'm' and end with  'l',B(?:ay M|e m)ail
words that start with  'b' and followed by 'm' and 'z' and end with  'rat' or 'rt',B(?:ay Muzra|e muzr)t
words that start with  'b' and followed by 'n' and end with  'wa',B(?:ay Na|e n)wa
words that start with  'b' and followed by 'q' and end with  'aid',B(?:ay Q|e q)aid
words that start with  'b' and followed by 'sh' and end with  'k',B(?:ay Sha|e sh)k
words that start with  'b' and followed by 't' and end with  'kaluf',B(?:ay T|e t)akaluf
words that start with  'b' and followed by 't' and end with  'kalufi',B(?:ay T|e t)akalufi
words that start with  'b' and followed by 'z' and end with  'rar',B(?:ay Z|e z)arar
words that start with  'b' and followed by 'd' and 'q' and end with  't',B(?:ay dqi|e Diqa)t
words that start with  'b' and followed by 'f' and 'k' and end with  'r',b(?:e ?fikar|ay(?: fiq|fika)r)
words that start with  'b' and followed by 'g' and 'n' and end with  'hi' or 'he',b(?:ay gunahee|e(?:g(?:un|o)| gu)nahi)
words that start with  'b' and followed by 'h' and end with  'd',b(?:a(?:yhud| ha)d|e(?: ha|hud)d)
words that start with  'b' and followed by 'mis' and end with  'al',B(?:ay misa|e Mis)al
words that start with  'b' and followed by 'n' and end with  'zeer' or 'zir',b(?:ay nazee|e(?: nazee|nazi))r
words that start with  'b' and followed by 'p' and end with  'rwa',B(?:ay p|e Pa)rwa
words that start with  'b' and followed by 'qaid' and 'o' and end with  'nd',B(?:ay Quaid O b|e Qaid O Ba)nd
words that start with  'b' and followed by 'k' or 'q' and end with  'soor',B(?:ay q|e Q)asoor
words that start with  'b' and followed by 'shub',B(?:ay shubah|e Shuba)
words that start with  'b' and followed by 'd' and end with  'ar',B(?:ay|e)daar
words that start with  'b' and followed by 'd' and end with  'ari',b(?:aydaa?ri|edaa?ri)
words that start with  'b' and followed by 'hra' and 'm' and end with  'nd',B(?:ehra Ma|hra m)nd
words that start with  'b' and followed by 'hra' and 'm' and end with  'ndi',B(?:ehra Ma|hra m)ndi
words that start with  'b' and followed by 'h' and 't' and end with  'r',B(?:[ae]hta|ht)r
words that start with  'b' and followed by 'h' and 't' and 'r' and end with  'nana',B(?:ehtar Ba|htr b)nana
words that start with  'b' and followed by 'h' and 't' and 'r' and end with  'ona',B(?:ehtar H|htr h)ona
words that start with  'b' and followed by 't' and 'r' and 'karkar' and end with  'dgi' or 'dagi',Be(?:htare? Karkardagi|ahter Karkardgi)
words that start with  'b' and followed by 't' and 'r' and 't' and 'r' and 'q',B(?:e(?:htar Tare|ahter Tr)eqay|ahter Tareeqy)
words that start with  'b' and followed by 'h' and 't' and 'r' and end with  'n',B(?:ehtar(?:ee|i)|hetaree)n
words that start with  'b' and followed by 'h' and 't' and 'r' and end with  'i' or 'e',B(?:ehtar(?:ee|i)|hetar)
words that start with  'besh' and followed by 'b' and 'ha',Besh(?: Bah|baha)a
words that start with  'besh' and followed by 'q' and 'm' and end with  't',Besh(?: Qeema|q(?:eemu|ima))t
words that start with  'besh' and followed by 'q' and 'm' and end with  'ti',Besh(?: Qeema|q(?:eem|imq))ti
words that start with  'bha' and followed by 'l' and end with  'a',Bha(?:l(?:aa?|la)|ala)
words that start with  'bha' and followed by 'l' and end with  'a',Bha(?:[aer]r)?
words that start with  'bha' and followed by 'r' and end with  'i' or 'e' or 'y',Bha(?:r(?:ee|i)|ar[iy])
words that start with  'bha' and followed by 'la' and end with  'i' or 'e' or 'y',Bhala(?:y[ei]?|i)
words that start with  'bhar' or 'bar' and followed by 'p' and end with  'r',Bharpo?[ou]r
words that start with  'b' and followed by 'r' and 'k' and end with  'la',b(?:ha(?:ar kee|rk(?:ee|i))la|ar(?: kee|ki)la)
words that start with  'bha' and followed by 'ro' and 's' and end with  'e' or 'i',Bha(?:r(?:oosa[iy]|use)|aroose)
words that start with  'bhar' or 'bar' and followed by 's' and end with  'a',Bh?a(?:aroo?sa|rosaa?)
words that start with  'bhar' and followed by 'p' and end with  'r',Bharpo?[ou]r
words that start with  'bh' and followed by 'o' or 'u' and end with  'la' or 'lah',Bh(?:ullah|ol(?:[al]a|a))
words that start with  'bh' and followed by 'o' or 'u' and end with  'li' or 'le',Bhol(?:i(?:[ei])?|ee)
words that start with  'bho' and followed by 'bha' and end with  'la',Bhol(?:lah bha|(?:aa bha|a(?: Bha|bh)))ala
words that start with  'bho' and followed by 'bha' and end with  'li' or 'le',Bhol(?:ee Bhalee|(?:i Bha|y Bh)ali)
words that start with  'bh' and followed by 'o' or 'u' and end with  'la' or 'lah',Bh(?:ul(?:lah|a)|oola)
words that start with  'bila' and followed by 'f' and end with  'rk',Bila (?:Pharq|Far[kq])
words that start with  'bila' and followed by 'h' and 'j' and end with  't',Bila H(?:oojj?at|ujj[au]t)
words that start with  'bila' and followed by 'kh' and 'f' and 'khat' or 'kht',Bila Kha(?:uf (?:aur Khat|O Khata)r|of O Khatr)
words that start with  'bila' and followed by 'm' and 'kh' and end with  'za',Bila M(?:o(?:wakh|akhz)|uakhz)a
words that start with  'bila' and followed by 'n' and 'k' and end with  's',bila n(?:aks|u[kq]s)
words that start with  'bila' and followed by 'sh' and 'b',Bila S(?:huba|uba[ah])
words that start with  'bila' and followed by 't' and 'fr' and end with  'k' or 'q',Bila (?:Tafreeq|tafri[kq])
words that start with  'bila' and followed by 'tar' and 'fd' and end with  'ri' or 'ry',Bila (?:tar(?:afdaari|fda(?:ary|ri))|Tarfdaari)
words that start with  'bila' and followed by 'taw' and 'k' and end with  'f,Bila (?:(?:tawquu?|tawaku)|Tawaqu)f
words that start with  'b' and followed by 'l' and 'k' and end with  'l',B(?:ilk|elk|ilq)u?l
words that start with  'b' and followed by 'h' and end with  't',(?:Boh[au]t|boht)
words that start with  'b' and followed by 'h' and 't' and 'kh' and end with  'ob or 'ub'',(?:Bohat Kho|boht kh)ob
words that start with  'boh' and followed by 'z' and 'ada' and 'shan' and end with  'dar' or 'daar',Boh(?:at Z(?:iyada Shanda|yda Shand)|ut ziyada Shanda)ar
words that start with  'b' and followed by 'h' and 't' and end with  'd',B(?:oht(?:add?|had)|hotad)
words that start with  'b' and followed by 'd' and end with  'ya',B(?:udiyy?|oodiy)a
words that start with  'b' and followed by 'l' and 'n' and end with  'd',B(?:o(?:ulu|la)|ula)nd
words that start with  'b' and followed by 'l' and 'nd' and 'hosl' and end with  'gi',B(?:oland hoslogi|ul(?:and Hosla|und hoslo)gi)
words that start with  'b' and followed by 'l' and 'nd' and end with  'tar',B(?:oland o bortar|ul(?:and O Ba|und o bo)rtar)
words that start with  'b' and followed by 'l' and 'nd' and end with  'shaan',B(?:oland shaan|ul(?:and S|und s)haan)
words that start with  'b' and followed by 'l' and 'n' and end with  'di',B(?:olandi|ul[au]ndi)
words that start with  'b' and followed by 'n' and 'ya' and end with  'di' or 'de',B(?:oo?nyadi|unyad(?:ee|i))
words that start with  'b' and followed by 'r' and 'b' and end with  'd',Burdb(?:(?:aa|e)|a)r
words that start with  'b' and followed by 'r' and 'b' and end with  'di',Burdba(?:ar[iy]|ree)
words that start with  'b' and followed by 'z' and 'r' and end with  'g',B(?:uz(?:oo|u)rg|ozorg)
words that start with  'b' and followed by 'z' and 'r' and end with  'gana',B(?:uz(?:oo|u)rgana|ozorgana)
words that start with  'b' and followed by 'z' and 'r' and end with  'gi',B(?:uzurgii?|ozorgi)
words that start with  'ch' and followed by 'k o ch' or 'koch' and end with  'nd',Cha(?:a(?:k o|q O) Choband|k o Chob[eu]nd)
words that start with  'cha' and followed by 's' and end with  'ni',Cha(?:ash|sh?)ni
words that start with  'chab' and followed by 'kd' and end with  'st',Chab(?:akd[au]|ukda)st
words that start with  'ch' and followed by 'h' and end with  't',Ch(?:hahu|ah[ae])t
words that start with  'ch' and followed by 'i' or 'y' and end with  'n',Cha(?:[iy])?n
words that start with  'ch' and followed by 'l' and end with  'k',Ch(?:alaa?|laa)k
words that start with  'ch' and followed by 'l' and end with  'ki',Ch(?:alaa?ki|laki)
words that start with  'ch' and followed by 'm' and end with  'k',cham(?:akk?|mak|uck)
words that start with  'ch' and followed by 'k' and end with  'la',chamk(?:ee|i)la
words that start with  'ch' and followed by 'n' and end with  'dah' or 'da',ch(?:andah?|unda|nda)
words that start with  'ch' and followed by 'pl' and end with  'si',cha(?:apl(?:oo|u)|ploo)si
words that start with  'ch' and followed by 'r' and end with  'cha',ch(?:[aeu])?rcha
words that start with  'ch' and followed by 'tk' and end with  'ra',ch(?:utkaa?|hutka)ra
words that start with  'ch' and followed by 'k' and end with  'na',ch(?:okann?|ukann)a
words that start with  'ch' and followed by 'k' and end with  's',chok[ua]ss?
words that start with  'da' and followed by 'w' and end with  'a' or 'i' or 'e',dawa(?:y[ei]|[ae])?
words that start with  'd' and followed by 'n' and end with  'g',d(?:angg?|ungg)
words that start with  'd' and followed by 'rkh and end with  'st',darkh(?:asa?|was)t
words that start with  'd' and followed by 'r' and end with  'dil',dar(?:i?y|i)a dil
words that start with  'd' and followed by 'stg' and end with  'ir' or 'er',d(?:astg(?:ee|i)|ustgi)r
words that start with  'd' and followed by 'ya' and end with  'nat',d[ai]yanat
words that start with  'd' and followed by 'da' and end with  'r',d(?:(?:ee|i)daa|edaa?)r
words that start with  'd' and followed by 'n' and 'd' and end with  'ar',d(?:eend|inda)ar
words that start with  'd' and followed by 'rkh' and ''sh' and end with  'nda' or 'dah',D(?:erkhshandah|arkhshanda)
words that start with  'd' and followed by 'v' or 'w' and end with  'ta',de[vow]ta
words that start with  'dil' and followed by 'far' and end with  'b',Dil Far(?:ai|e)b
words that start with  'dil' and followed by 'far' and end with  'bi',Dil Far(?:ai|e)bi
words that start with  'dil' and followed by 'nash' and end with  'n',Dil Nash(?:ee|i)ni
words that start with  'dil' and followed by 'p' and end with  'nd',Dil p(?:asa|s)nd
words that start with  'd' and followed by 'l' and end with  'r',d(?:ilai|ale)r
words that start with  'd' and followed by 'lch' and end with  'sp',dil(?:lcha|ch[au])sp
words that start with  'dil' and followed by 'paz' and end with  'r',dilpaz(?:ee|i)r
words that start with  'd' and followed by 'l' and end with  'ri',d(?:il(?:ai|e)ri|aleri)
words that start with  'd' and followed by 'bar' and end with  'a',d(?:obarah?|ubara)
words that start with  'd' and followed by 'r' or 'and' and end with  'sh',D(?:oor ande|ur andai)sh
words that start with  'd' and followed by 'r' or 'and' and end with  'shi',D(?:oor ande|ur andai)shi
words that start with  'd' and followed by 'u' or 'a' or 'w' and end with  'a',d(?:u(?:aa?|wa)|owa)
words that start with  'd' and followed by 'r' and end with  'st',d(?:arusa?|urus)t
words that start with  'd' and followed by 'r' and end with  'sti',d(?:[au])?rusti
words that start with  'e' or 'i' or 'a' and followed by 'jaz',(?:(?:ejaa?|(?:a?i|a)ja)|Ijaa)z
words that start with  'e' or 'i' or 'a' and followed by 'jad',(?:[Ia]ja|ej)ad
words that start with  'e' or 'i' or 'a' and followed by 'jadi',(?:Ija|ej)adi
words that start with  'f' and followed by 'd' and end with  'a',f(?:a[eiy]da|yda)
words that start with  'fa' and followed by 'kh' and 'r' and end with  'ya' or 'ia',fakh(?:ari?ya|ria)
words that start with  'fa' and followed by 'kh' and end with  'r',Fakh(?:[ae])?r
words that start with  'fas' and followed by 'h',Fas(?:ee|i)h
words that start with  'fat' and followed by 'h',Fat[ae]h
words that start with  'fat' and followed by 'mand',Fat(?:ah Mandi|eh Mand[ei])
words that start with  'f' and followed by 'y' or 'i' and end with  'z',F(?:ayy?az|iaz)
words that start with  'f' and followed by 'h' and end with  'm',Feha?m
words that start with  'f' and followed by 'ras' and end with  'at',F[ai]rasat
words that start with  'fo' and followed by 'r' and end with  'i',fo(?:[auw])?ri
words that start with  'fo' and followed by 'r' and end with  'n',For[au]n
words that start with  'f' and followed by 'tu' or 'to' and end with  'at',F(?:atuhaa?t|tohat)
words that start with  'g' and followed by 'r' and 'm' and end with  'joshi',g(?:a(?:arm j|ram J)oshi|rm joshi)
words that start with  'g' and followed by 'r' and 'm' and end with  'joshi',g(?:a(?:armjoshi|ram[gj]oshi)|rmjoshi)
words that start with  'g' and followed by 'rw' and end with  'da' or 'dah',garw(?:e(?:edah|d(?:ha|ah))|idh?a)
words that start with  'g' and followed by 'v' and end with  'ra' or 'rah',ga(?:wa(?:arah|rah?)|varah?)
words that start with  'g' and followed by 'hr' and end with  'a',g(?:ehraa?|ahra)
words that start with  'g' and followed by 'hr' and end with  'i',g(?:ehr(?:ee|i)|ahri)
words that start with  'g' and followed by 'hra' and end with  'i' or 'e',g(?:ahra(?:ye|[ei])|ehra[ei])
words that start with  'g' and followed by 'hra' and end with  'dost',g(?:ehraa? dost|ahra dost)
words that start with  'g' and followed by 'hri' and end with  'dost'i,g(?:ehr(?:ee|i) dosti|ahri dosti)
words that start with  'gh' and followed by 'r mash' and end with  't',gh(?:(?:air mashr(?:oo|u)|ar mashroo)|er mashroo)t
words that start with  'gha' and followed by 'm' and end with  'dood' or 'dud',gha(?:(?:ir mahd(?:oo|u)|ir mehdoo)|r mehdoo)d
words that start with  'g' and followed by 'muta' and end with  'sib',gha(?:ir mutass?ib|r mutasib)
words that start with  'gham' and followed by 'kh' and end with  'ri',gham kh(?:a[vw]ari|[uw]ari)
words that start with  'g' and followed by 'n' and end with  'i',g(?:hann?i|on[iy])
words that start with  'g' and followed by 'z' and end with  'i',gh?aa?zi
words that start with  'ghay' and end with  'r',ghay(?:y(?:oo|u)r|(?:oo|u)r)
words that start with  'gh' and followed by 'o' or 'u' and end with  'r',gh(?:ou?|au)r
words that start with  'g' and followed by 'r' and 'fik' end with  'r',g(?:ho(?:ur |r)o fikar|oro fikr)
words that start with  'g' and followed by 'n' and end with  'j' or 'jh',g(?:o(?:(?:njh|onj)|nj)|unjh)
words that start with  'g' and followed by 'n' and 'j' and end with  'dar',g(?:oonjh? daar|unjh dar)
words that start with  'gul' and followed by 'u' and end with  'l',gu(?:ll?|ul)
words that start with  'gul' and followed by 'r' and end with  'ng',gul(?:l ra| r[au])ng
words that start with  'gul' and followed by 'r' and end with  'z',gul(?:lrai|r(?:ai|e))z
words that start with  'gu' and followed by 'lf' and end with  'am',gul(?:lfaa|faa?)m
words that start with  'gu' and followed by 'm' and end with  'n',gum(?:aa?|ma)n
words that start with  'ha' and followed by 's' and end with  'l',ha(?:sill?|asil)
words that start with  'h' and followed by 'z' and end with  'r',ha(?:azi|z[ei])r
words that start with  'ha' and followed by 'z' and 'r dim' or 'r dm' or 'r dam' and end with  'g' or 'gh',ha(?:azir dima(?:ag|gh)|zirdimaag)
words that start with  'ha' and followed by 'z' and 'r dim' or 'r dm' or 'r dam' and end with  'ghi' or 'gi',ha(?:azir dimagh?i|zir dimagh?i)
words that start with  'ha' and followed by 'z' and 'r jaw' or 'r jw' and end with  'ab',ha(?:azir jawaa?b|zir jaww?ab)
words that start with  'ha' and followed by 'z' and 'r jaw' or 'r jw' and end with  'abi',ha(?:zir jawaa?|azir jawa)bi
words that start with  'hak' and followed by 'bak' ,hak(?:aa baka|ka bakk)a
words that start with  'ha' and followed by 'lat e' and 's' and end with  'kun' or 'koon' ,ha(?:alat e sa|lat e s[au])koon
words that start with  'ham' and followed by 'ya' and end with  'ti' ,hama(?:a?i|ya)ti
words that start with  'h' and followed by 'm' and end with  'd' ,hama?d
words that start with  'ham' or 'hm' or 'hum' and followed by 'd o s' and end with  'na' ,hama?d o sana
words that start with  'h' and followed by 'md' and end with  'rd' ,h(?:(?:amdara?|amder)d|umd[ae]rd)
words that start with  'h' and followed by 'm' and 'v' or 'w' and end with  'r' ,ham(?:waa?r|var)
words that start with  'h' and followed by 's' and 'n' and end with  'a' ,han?sna
words that start with  'ha' and followed by 'sa' and 'n' and end with  'a' ,hansanaa?
words that start with  'han' and followed by 's'  and end with  'i' ,hansii?
words that start with  'h' and end with  'k' or 'q' ,ha(?:qq?|aq)
words that start with  'h' and end with  'k' or 'q'  and end with  'go' or 'gu',ha(?:qq?|aq) go
words that start with  'h' and end with  'k' or 'q'  and 'par' and end with  'st',ha(?:q(?:q para| paru)st|aq par[au]st)
words that start with  'h' and end with  'k' or 'q'  and 'par' and end with  'sti',ha(?:aq par(?:usti|ast)i|q(?:q para| paru)sti)
words that start with  'h' and end with  'k' or 'q'  and 'par m' or 'per m' and end with  'bni',ha(?:q(?:q per mu| par ma)bni|aq pr mabni)
words that start with  'h' and end with  'k' or 'q'  and 'yaf' and end with  'ta',ha(?:aq yaftaa?|q yafta)
words that start with  'h' and end with   'q'  and 'iq' or 'eq' and end with  't',h(?:aq[eq]eqat|qeqat)
words that start with  'h' and end with   'q'  and 'iq' or 'eq' and end with  'i',haq(?:(?:ee|i)|e)qi
words that start with  'har' and end with   'dil'  and 'az' and end with  'z',har dil az(?:(?:ee|i)|e)z
words that start with  'hasb' and followed by ' e ' and end with  'hish',hasb e kh(?:a[vw]ahish|[uw]ahish)
words that start with  'has' and followed by 'e' and end with  'n',hasee?n
words that start with  'h' and followed by 'ash' and 'b' and end with  'ash',hasha(?:sh basha|h bash)ash
words that start with  'h' and followed by and end with  's',has[as]as
words that start with  'h' and followed by 'sl' and end with  'wala',h(?:ausla?|osla)y wala
words that start with  'haya' and followed by 't e n' and end with  'u' or 'o',haya(?:t e na?u|at e no)
words that start with  'he' and followed by 'r' and end with  'a',he(?:raa?|era)
words that start with  'h' and followed by 'ra' and end with  'n',h(?:a(?:[iy])?ran|eraa?n)
words that start with  'h' and followed by 'rat ang' and end with  'z',h(?:airat angez|erat anga[ai]z)
words that start with  'h' and followed by 'rat za' and end with  'da' or 'dah',h(?:airat zadah|e(?:erat zada|rat zadah))
words that start with  'h' and followed by 'day' and end with  'at',h[aei]dayat
words that start with  'h' and followed by 'faz' and end with  't',h(?:ifazaa?t|efazat)
words that start with  'h' and end with  'jab' or 'jaab',h(?:ijaa?b|ejab|ajab)
words that start with  'h' and followed by 'la' and 'm' and end with  'la',h(?:ela me|ila mi)la
words that start with  'h' and followed by 'maya' and end with  't',h(?:imayaa?t|emayat|amayat)
words that start with  'h' and followed by 'm' and end with  'yati',h[eia]mayati
words that start with  'h' and followed by 'm' and end with  't',himm?at
words that start with  'him' and followed by 'at' and 'wala',him(?:at walaa?|mat wala)
words that start with  'h' and followed by 'ba' and end with  'ho' or 'hu',h(?:o bahoo|u bahu)
words that start with  'h' and followed by 'naha' and end with  'r',h(?:onahaa?|unahaa)r
words that start with  'ho' or 'hu' and followed by 'sh' and end with  'ar',h(?:o(?:oshiy|shiya)ar|ushiyar)
words that start with  'h' and followed by 'sh' and end with  'ari',hoshyaa?ri
words that start with  'h' and followed by 's' and end with  'la',hou?sla
words that start with  'h' and followed by 'km' and end with  'i',hukm[ei]
words that start with  'huk' and followed by 'm' and end with  'ena',huk(?:[au])?m dena
words that start with  'hum' and followed by 'ahan' and end with  'g',h(?:um aa?hang|am ahang)
words that start with  'hum' and followed by 'ahan' and end with  'gi',hum ahang[ei]
words that start with  'h' and followed by 'md' or 'm d' and end with  'rd',h(?:um da?|am da)rd
words that start with  'h' and followed by 'mr' and end with  'z',h(?:umraa?|amraa)z
words that start with  'h' and followed by 'n' and end with  'r',hun[ae]r
words that start with  'h' and followed by 'nr' and end with  'mand',hun[ae]rmand
words that start with  'h' and followed by 'nr m' or 'nrm' and end with  'ndana',hun(?:er ma|arma?)ndana
words that start with  'h' and followed by 'rm' and end with  't',h(?:urmaa?t|armat)
words that start with  'husn' or 'husan' and followed by 'khidm' and end with  't',husa?n
words that start with  'h' and followed by 's' and end with  'n',hus(?:an e khidma|n e khidm[ae])t
words that start with  'h' and followed by 's' and end with  'l',h(?:as(?:oo|u)|usoo)l
words that start with  'h' and followed by 'l e m' and end with  'qsad',h(?:(?:as(?:oo|u)l e ma|asol e m)|usool e ma)qsad
words that start with  'h' and followed by 'z' and end with  'r',h(?:a(?:azu|z[ou])|uzoo)r
words that start with  'h' and followed by 'r w' and end with  'ala',h(?:a(?:z(?:oor walaa?|ur wala)|azor wala)|uzoor wala)
words that start with  'i' or 'e' and followed by 'bt' and end with  'da',(?:ebtida|ibt[ei]da)
words that start with  'i' or 'a' or 'e' and followed by 'dr' and end with  'ak',[aei]draak
words that start with  'i' or 'e' and followed by 'j' and end with  'd',(?:ijaa?d|ejad)
words that start with  'i' or 'a' and followed by 'khlaq' and end with  'i',(?:ikhla|[Ia]khl)aqi
words that start with  'i' or 'a' and followed by 'khlaq' and end with  'at',(?:Ikhlaqia|[ai]khlaqiy)at
words that start with  'in' or 'an' or 'en' and end with  'at',(?:inaya?|enay|anay)at
words that start with  'ink' and followed by 'sa' and end with  're' or 'ri',ink(?:isaa?ri|asare)
words that start with  'ink' and followed by 'sh' and end with  'f',ink(?:ishaa?f|eshaf)
words that start with  'inq' and followed by 'lab' and end with  'i' or 'e',inqala(?:b(?:ee|i)|abi)
words that start with  'insa' and followed by 'niy' and end with  't',insa(?:aniya|niy[ae])t
words that start with  'int' and followed by 'ha' and end with  'e' or 'i',in(?:t(?:a(?:ha(?:ye|i)|ahae)|ehai)|hahae)
words that start with  'iqti' and followed by 'dar' and end with  'ala',iqtida(?:ar e aal|r(?:e ala| e al))a
words that start with  'i' and followed by 'sla' and end with  'h',islaa?h
words that start with  'i' and followed by 'sla' and 'k' and end with  'rna',isla(?:ah ka|h ke?)rna
words that start with  'i' and followed by 'sla' and end with  'hi' or 'he',isla(?:ahi|h[ei])
words that start with  'ist' and followed by 'qb' and end with  'l',ist(?:aqbaa?|iqbaa)l
words that start with  'i' or 'a' or 'e' and followed by 'ta' and end with  't',(?:itaa?|etaa|ataa)t
words that start with  'it' and followed by 'h' and end with  'd',it(?:te|[ae])had
words that start with  'itm' and followed by 'n' and end with  'an',itm[ie]naa?n
words that start with  'it' and followed by 'f' and end with  'q',it(?:efa|(?:ta|f)f)aq
words that start with  'i' or 'a' and followed by 'z' and end with  'fa',(?:izafah?|azafa)
words that start with  'i' and followed by 'z' and end with  't',iz(?:aa?|za)t
words that start with  'iz' and followed by 't afz' and end with  'i' or 'e',iz(?:aa?t afzae|zat afzai)
words that start with  'ja' and followed by 'n f' and end with  'shani',ja(?:an fi|n f[ei])shani
words that start with  'ja' and followed by 'zib' and 'naz' or 'nz' and 'nand end with  'r',ja(?:azib naza|zib naze?)r
words that start with  'j' and followed by 'i' or 'y' and end with  'z',ja(?:ya|i)z
words that start with  'jal' and followed by 'al' and 'qad' and end with  'r',jal(?:eel al qada?r|il al qada?r)
words that start with  'j' and followed by 'n' and 'b' and end with  'ala',j(?:anaab e aa?la|nabe ala)
words that start with  'j' and followed by 'nash' and end with  'n',ja(?:nash(?:ee|i)|anashi)n
words that start with  'j' and followed by 'sh' and end with  'n',j(?:asha?n|shn)
words that start with  'j' and followed by 'y' or 'i' and end with  'la',j(?:iy?|ay)ala
words that start with  'jaz' and followed by 'b n' or 'bn' and end with  'r',jaz(?:ib naz[ae]r|eb nazr)
words that start with  'j' and followed by 'h' and end with  'r',j(?:(?:ouha|oh[ae])|auha)r
words that start with  'j' and followed by 'no' or 'nu' and end with  'n',j(?:an(?:oo|u)|unoo)n
words that start with  'j' and followed by 'z' and end with  'a',j(?:[ai]z|za)a
words that start with 'kh' and followed by 'bs' and end with  'rat',kh(?:o[ou]bs(?:oo|u)rat|ubs(?:oo|u)rat)
words that start with  'kam' and followed by 'i' or 'y' and end with  'b',kam[iy]aa?b
words that start with  'kam' and followed by 'i' or 'y' and end with  'bi',kam(?:yaa?bi|iabi)
words that start with  'kh' and followed by 'l' and end with  's',kh(?:al(?:oo|u)|uloo)s
words that start with  'kh' and end with  'sh',kh[ou]sh
words that start with  'khu' and followed by 'sh',khush(?:[ei]e|[ei]|y)
words that start with  'kh' and end with  'ish',kh(?:uwah|(?:(?:(?:wah|o)|wa)|ah))ish
words that start with  'm' and contain substrig 'hf' and end with  'z',m(?:ehf(?:oo|u)|ahfuu)z
words that start with  'malk' and followed by 't' and end with  'i',malk[ou]ti
words that start with  'mam' and followed by 'o' or 'u' and end with  'n',mam(?:oo|u|ou)n
words that start with  'mam' and followed by 'o' or 'u' and end with  'r' or 're',mam(?:ore|o[ou]r|uur)
words that start with  'm' and end with  'l',m(?:a(?:il|le)|el)
words that start with  'm' and followed by 'jm' and end with  'a',m(?:ajm[ou]a|jmua)
words that start with  'ma' and followed by 'nz' and end with  'ri',manz(?:oo|u)ri
words that start with  'ma' and followed by 'r' and end with  'f',mar(?:oo|u)f
words that start with  'ma' and followed by 's' and end with  'd',mas(?:oo|u)d
words that start with  'ma' and followed by 's' and end with  'm',mas(?:oo|u)m
words that start with  'ma' and followed by 'sr' and end with  'r',masr(?:oo|u)r
words that start with  'm' and followed by 'z' and end with  'k' or 'q',m(?:aza[kq]|zak)
words that start with  'm' and followed by 'z' and end with  'e' or 'y',m(?:az(?:[ae]y|ze)|zay)
words that start with  'm' and followed by 'h' and 'r' and end with  'ban',m(?:(?:ahe|h)|eha)rban
words that start with  'm' and followed by 'hb' and end with  'ob or 'ub',m(?:ehb(?:oo|u)|ahboo)b
words that start with  'm' and followed by 'hn' and end with  't',m(?:ahni?t|ehn[au]t)
words that start with  'm' and followed by 'la' and end with  'n',m(?:elaa?|ilaa)n
words that start with  'm' and followed by 'ya' and end with  'r',m(?:aiy|eya)ar
words that start with  'm' and followed by 'sal' and end with  'i',m[ai]sali
words that start with  'm' and followed by 's' and end with  'l',m[ai]sa?l
words that start with  'm' and followed by 'th' and end with  'a',m(?:ee|i)tha
words that start with  'm' and followed by 'z' and end with  'j',m(?:(?:izaa?|aza)|zaa)j
words that start with  'mo' and followed by 'tab' and end with  'r',mo(?:tab(?:ar|i)|ataba)r
words that start with  'mo' and followed by 'h' and end with  'r',moh[ae]r
words that start with  'm' and followed by 'j' and 'z' and end with  'a',mo(?:ji?|uj)za
words that start with  'mo' and followed by 'z' and end with  'u' or 'o',moz(?:oo|u)
words that start with  'mo' and followed by 'z' and end with  'n' or 'u',mo(?:zo[ou]n|uzu
words that start with  'm' and followed by 'v' or 'w' and end with  'in',m(?:(?:a(?:av|[vw])|oav)|uaw)in
words that start with  'm' and followed by 'wz' or 'z' and end with  'a',m(?:uaw|a[vw])za
words that start with  'mo' or 'mu' and followed by 'z' and end with  'z',m(?:uaz|oa?)ziz
words that start with  'm' and followed by 'bar' and end with  'k',m(?:obarak|ubar[ai]k)
words that start with  'm' and followed by 'f' and end with  'd',m(?:uf(?:ee|i)|afee)d
words that start with  'm' and followed by 'haf' and end with  'z',m[aou]hafiz
words that start with  'm' and followed by 'h' and end with  't',m[aou]h(?:ee|i)t
words that start with  'm' and followed by 'hk' and end with  'm',m[ou]hk[ai]m
words that start with  'm' and followed by 'kaf' and end with  'at',m(?:ukafa|[ao]kaf)at
words that start with  'm' and followed by 'mt' and end with  'z',m[aou]mtaz
words that start with  'm' and followed by 'q' and end with  'dar',m[au]qadd?ar
words that start with  'm' and followed by 'ra' and end with  'd',m(?:uraa?|oraa)d
words that start with  'm' and followed by 'sb' and end with  't',m[au]sbat
words that start with  'm' and followed by 'tab' and end with  'iq' or 'ik',m(?:otabi[kq]|utabiq)
words that start with  'mat' or 'mut' and followed by 'waz' and end with  'n',m(?:utawaza|atwaz[ai])n
words that start with  'm' and followed by 'zaf' and end with  'r',m(?:(?:uzaff?|uzzaf)|azaff)ar
words that start with  'n' and followed by 'z' and end with  'k',na(?:(?:z(?:o[ou]|u)|zo)|azu)k
words that start with  'n' and followed by 'f' and end with  'a',naf(?:aa?|fa)
words that start with  'n' and followed by 'a' or 'e' and end with  'k',n(?:a[iy]|ek)k
words that start with  'n' and followed by 'm' and 'da' and end with  'r',nam[ou]daa?r
words that start with  'n' and followed by 'm' and end with  'na',nam(?:(?:oo|u)|o)na
words that start with  'n' and followed by 'ti' or 'te' and end with  'ja',nat(?:(?:ee|i)|hi)ja
words that start with  'n' and followed by 'k' and end with  'i',n(?:a[iy]ki|eki)
words that start with  'n' and followed by 'ha' and end with  'yat',n[aei]hayat
words that start with  'o' or 'u' and followed by 'n' and end with  'cha',(?:uo?ncha|o[ou]ncha)
words that start with  'p' and followed by 'a' and end with  's',paa?ss?
words that start with  'pa' and followed by 'id' or 'ed' and end with  'ar',pa(?:[ei]da|yed)ar
words that start with  'p' and end with  'sh',p(?:a[iy]sh|[ey]sh)
words that start with  'p' and followed by 'a' and end with  'k',paa?k
words that start with  'pak' and followed by 'i' or 'e' and end with  'za',pak(?:ee|i)za
words that start with  'par' and followed by 's' and end with  'tar',par(?:[ai]s|si)tar
words that start with  'p' and followed by 's' and end with  'nd',pa?sa?nd
words that start with  'pz' and followed by 'z' and end with  'r',paz(?:ee|i)r
words that start with  'p' and end with  'r',p(?:ee|i)r
words that start with  'p' and followed by 'h' and 'l' and end with  'a',p(?:ha?|[ae]h)la
words that start with  'p' and followed by 'n' and end with  'pna',p(?:(?:anu|n)|ina)pna
words that start with  'p' and followed by 'o' or 'u' and end with  'ra',p(?:oo|u)ra
words that start with  'pur' and followed by 's' and 'k' and end with  'n',purs(?:ak(?:oo|u)|ukoo)n
words that start with  'p' and followed by 'y' and end with  'r',p(?:yaa?|[ei]ya)r
words that start with  'p' and followed by 'y' and end with  'ra',p(?:(?:e?y|e)|iy)ara
words that start with  'q' or 'k' and followed by 'b' and end with  'l',[kq]abil
words that start with  'q' or 'k' and followed by 'bli' and end with  'at',[kq]abliy?at
words that start with  'q' and followed by 'nu' or 'no' and end with  'ni',qan(?:u|oo)ni
words that start with  'q' or 'k' and followed by 'ra' and end with  'r',(?:qaraa?|karaa)r
words that start with  'q' or 'k' and followed by 'm' and end with  't',[kq](?:ee|i)mat
words that start with  'q' or 'k'and followed by 'y' and end with  'm',(?:kayam|q[ai]yam)
words that start with  'q' and followed by 'au' or 'ou' and end with  'l',q(?:ou?|au)l
words that start with  'r' and end with  'zi',raa?zi
words that start with  'rab' and end with  'ta',rabi?ta
words that start with  'r' and followed by 'ng' and end with  'een',r[au]ngeen
words that start with  'rash' and end with  'k',rasha?k
words that start with  'r' and followed by 'h' and end with  'm',r(?:eha?|aha)m
words that start with  'r' and followed by 'hm' and end with  't',r[ae]hmat
words that start with  'r' and followed by 'n' and end with  'k' or 'q',rona[kq]
words that start with  's' and followed by 'a' and end with  'th' or 't',saa?th?
words that start with  's' and followed by 'b' and end with  'r',sa?ba?r
words that start with  's' and followed by 'u' or 'a' and end with  'ch',s[au]ch
words that start with  's' and followed by 'u' or 'a' and 'm' and end with  'ch',s[au]ch m[au]ch
words that start with  's' and followed by 'a' and end with  'i' or 'e' or 'h',sa(?:h(?:ih?|e)|i)
words that start with  'sah' and followed by 'o' r 'u' and end with  'lat',sah(?:oo|u)lat
words that start with  's' and followed by 'rf' and end with  'rosh',s(?:arf[ai]|irfa)rosh
words that start with  's' and followed by 'h' and end with  'r',s(?:ah[ae]|eha)r
words that start with  'sh' and followed by 'f' and end with  'q',shaf(?:ee|i)q
words that start with  'sh' and followed by 'g' and end with  'fay',shag(?:oo|u)fay
words that start with  'sh' and followed by 'r' and end with  'dil',sh(?:air |er ?)dil
words that start with  'sh' and followed by 'r' and end with  'm',sh(?:(?:(?:ara|r)|ar)m|ere?m)
words that start with  'sh' and followed by 'r' and end with  'f',shar(?:ee|i)f
words that start with  'sh' and followed by 'r' and end with  'fana',shar(?:ee|i)fana
words that start with  'sh' and followed by 'r' and end with  'f',sha?ra?f
words that start with  'sh' and followed by 'r' and end with  'n',sh(?:e(?:er|re)en|irin)
words that start with  'sh' and followed by 'f' and end with  'a',sh[ia]faa?
words that start with  'sh' and followed by 'u' or 'o' and end with  'k' or 'q',sh(?:au[kq]|oq)
words that start with  'sh' and followed by 'k' or 'q' and end with  'een',sh(?:au[kq]een|oqeen)
words that start with  'sh' and followed by 'ug' and end with  'l',shugh?al
words that start with  's' and followed by 'fari' and end with  'sh',s(?:efaraish ka|(?:afarish ke|ifarish ka))rna
words that start with  's' and followed by 'l' and end with  'ah' or 'a',sill?ah?
words that start with  's' and followed by 'r' and end with  'mah' or 'ma',s(?:oo|u)rmah?
words that start with  's' and end with  'hana',s[ou]hana
words that start with  's' and followed by 'ko' or 'ku' and end with  'n',s(?:(?:uk(?:oo|u)|koo)|akoo)n
words that start with  's' and followed by 'nd' and end with  'r',sund[ae]r
words that start with  's' and followed by 'neh' and end with  'ra',s[ou]nehra
words that start with  's' and followed by 'nehr' and end with  'i' or 'y',s[ou]nehr[iy]
words that start with  's' and followed by 'r' and end with  'ur' or 'or',s(?:ar(?:oo|u)|uroo)r
words that start with  't' and followed by 'q' and end with  't',taa?qat
words that start with  't' and end with  'z' or 'x',t(?:e(?:(?:zz|x)|z)|aiz)
words that start with  't' and followed by 'z' and end with  'i',t(?:ezz?|aiz)i
words that start with  'tala' and end with  'fi',talaa?fi
words that start with  'tal' and followed by 'u' and end with  'k' or 'q',tal(?:lu[kq]|u[kq])
words that start with  'ta' and followed by 'me' and end with  'ri',ta(?:amee|mee?)ri
words that start with  'tand' and followed by 'r' end with  'st',tand(?:[au])?rust
words that start with  'taqd' and end with  'r',taqd(?:ee|i)r
words that start with  'tar' and end with  'qi' or 'ki',tar(?:(?:a(?:qq|k)|aq)|qq)i
words that start with  'ta' and followed by 'r' and end with  'f',tar(?:e[ae]f|if)
words that start with  'tar' and followed by 'j' and end with  'j',tarj(?:ee|i)h
words that start with  't' and followed by 'sal' and end with  'i',t(?:asall?|sall)i
words that start with  'task' and end with  'n',task(?:ee|i)n
words that start with  'tasl' and end with  'm',tasl(?:ee|i)m
words that start with  'tawa' and followed by 'j' and end with  'h' or 'o' or 'u',tawaj(?:ah|a|o)
words that start with  't' and followed by 'y' and end with  'ar',t(?:ayy?|(?:ai|[ei])y)ar
words that start with  'taz' and end with  'm',taz(?:ee|i)m
words that start with  'tehs' and end with  'n',tehs(?:ee|i)n
words that start with  'th' and end with  'nda',th[au]nda
words that start with  'th' and end with  'k',the(?:[ae])?k
words that start with  't' and followed by 'oh' or 'uh' and end with  'eed',t(?:o|ou|au)heed
words that start with  'a' or 'u' and followed by 'b' and end with  'r',[au]boor
words that start with  'o' or 'u' and followed by 'md' and end with  'a',(?:umdah?|omdah)
words that start with  'o' or 'u' and followed by 'mee' and 'afz' and end with  'a',[uo]meed afza
words that start with  'a' or 'u' and followed by 'r' and end with  'j',[au]r(?:u|oo)j
words that start with  'a' or 'u' and followed by 's' and end with  'l',(?:as(?:oo|u)|usoo)l
words that start with  'us' and followed by 't' and end with  'd',ustaa?d
words that start with  'u' or 'a' and followed by 'stw' and end with  'ar',[ua]stwaar
words that start with  'wa' and followed by 'k' or 'q' and end with  'f',wa(?:aqi|k[ai])f
words that start with  'was' and followed by 'o' or 'u' and end with  'li',was(?:oo|u)li
words that start with  'waz' and end with  'h' or 'y',waz(?:ay|eh|ey)
words that start with  'waz' and end with  'fa',waz(?:ee|i)fa
words that start with  'ya' and followed by 'd' and 'g' and end with  'r',yaa?d(?: )gaa?r
words that start with  'ya' and followed by 'r' and end with  'i',ya(?:r(?:ii?|ri)|ari)
words that start with  'ya' and followed by 'k' or 'q' and end with  'een',ya[kq]een
words that start with  'ya' and followed by 'k' or 'q' and followed by 'n' and end with  'n',ya[kq]een(?:a|o|u)n
words that start with  'ya' and followed by 'k' or 'q' and end with  'eeni',ya[kq]eeni
"words that start with  'z' and followed by 'b' , 'r' , 'd' and 's' and end with  't' or 'th'",z(?:ab(?:ardusth|bardast|(?:arda|erd[au])st)|(?:ubrda|brd)st)
words that start with  'zah' and followed by 'o' or 'u' and end with  'r',zah(?:oo|u)r
words that start with  'z' and end with  'qa' or 'ka',za(?:aiqa|i[kq])a
words that start with  'z' or 'x' and followed by 'r' end with  'k',(?:z(?:ai|e)rak|xerak)
words that start with  'zam' and end with  'n',zam(?:i|ee)n
words that start with  'zar' and end with  'n',zar(?:ee|i)n
words that start with  'zarkh' and end with  'zi',zarkh(?:ai|e)zi
words that start with  'z' and followed by 'r' end with  'ri',z(?:ar(?:(?:oo|u)|o)ri|ruri)
words that start with  'z' and end with  'ti',z(?:ayad?ti|i(?:ad|ya)ti)
words that start with  'zim' and followed by 'd' and end with  'ar',zim(?:ma da|(?:(?:ay|e)|a)d)ar
words that start with  'zim' and followed by 'd' and end with  'ari',zim(?:ma da|(?:(?:ay|e)|a)d)ari
words that start with  'z' and end with  'k' or 'q',z(?:auk|o(?:ok|u[kq]))
words that start with  'z' and followed by 'y' or 'i' or 'e' and end with  'da',z(?:(?:iya|(?:[iy]a|y))|aya)da
words that start with  'int' and end with  'zar',int[ie]zar
words that start with  'ash' and end with  'b',ash(?:(?:oo|u)|o)b
words that start with  'anho' and end with  'ni',anhoo?ni
words that start with  'a' or 'u' and followed by 'ndek' end with  'a',[au]ndekha
words that start with  'as' and followed by 'o' or u' and end with  'l',as(?:oo|u)l
words that start with  'aqw' and end with  'l',aqwaa?l
words that start with  'a' and followed by 's'' and end with  'a',aa?sa
words that start with  'tar' or ''tr' and followed by 'q' or 'k' and end with  'e' or 'y',t(?:ar(?:eeqay|(?:iqay|(?:ek|iq)e))|reqay)
words that start with  'm' and followed by 'naf' and end with  'k' or 'q',m(?:onafiq|unaf(?:ak|iq))
words that start with  'a' and followed by 'm' and end with  'n',amaa?n
words that start with  'p' and followed by 'kh' and 't' and end with  'a' or 'h',p[ou]kha?tah?
words that start with  'ihk' or 'ahk' or 'ehk' and end with  'm',(?:ihka|[ae]hk)am
words that start with  'aj' or 'ij' and followed by 'tama' and end with  'i' or 'e',[ai]jtama[ie]
words that start with  'inf' and followed by 'rad' and end with  'i',infa?radi
words that start with  'ikht' or 'akht' and followed by 'y' and end with  'r',?:akht(?:ey|ya)ar|ikht(?:[ei]y|ya)ar)
words that start with  'iq' or 'aq' and followed by 'd' and end with  'r',[ai]qdaa?r
words that start with  'a' and followed by 'l' and end with  'g',ala?g
words that start with  'kir' or 'kr' and followed by 'd' end with  'r',k(?:ir(?:\-daa|daa?)r|(?:erda|rd)r)
words that start with  'bar' or 'ber' or 'br' and followed by 'sht'',b(?:ard(?:ashth?|sht)|erdasht|rdasht)
words that start with  'zar' and end with  'ia' or 'ya',zar(?:(?:i?y|i)|ey)a
words that start with  'ud' and followed by 's' and end with  'i',uda(?:s(?:ii?|si)|asi)
words that start with  'adh' and followed by 'o' or 'u' and end with  'ra',adh(?:(?:oo|u)|o)ra
words that start with  'and' and end with  'r',and(?:[ae])?r
words that start with  'am' and followed by 'e' or 'i' end with  'r',am(?:ee|i)r
words that start with  'itt' and followed by 'f' and end with  'q',(?:Ittifa|ittef)aq
words that start with  'au' or 'ou' and followed by 'z' and end with  'r',(?:auzaa?|ozaa)r
words that start with  'u' or 'o' and followed by 'nch' and end with  'a',(?:(?:o[ou]|u)|o)ncha
words that start with  'ist' and followed by 'm' and end with  'l',ist(?:emaa?l|amal)
words that start with  'int' and followed by 'h' and end with  'a',(?:Iinteha|int[ae]h)a
words that start with  'im' or 'em' and followed by 'ndar' and end with  'i',[ie]maa?ndari
words that start with  'ish' and followed by 'k' or 'q' and end with  'a',ish(?:qiy?a|kia)
words that start with  'm' and followed by 'haf' and end with  'z',m(?:ohaf[iu]|uhafi)z
words that start with  'inq' and followed by 'l' and end with  'ab',inq(?:(?:ala|il)|uil)ab
words that start with  'ib' or 'eb' and followed by 'r' and end with  't'',[ei]brat
words that start with  'ib' or 'eb'  or 'ab' and followed by 'd' and end with  'at',[eai]badat
words that start with  'n' and followed by 'm' and end with  'z',n(?:amaa?|ima)z
words that start with  'w' and followed by 'f' and end with  'a',w(?:af(?:a |fa)|(?:ef|fa)a)
words that start with  'kh' and followed by 'b' and end with  'r',khab[ae]r
words that start with  'p' and followed by 'y' and end with  'r',p(?:yaa?|[ei]ya)r
words that start with  'taf' and followed by 's' and end with  'l',tafs(?:ee|i)l
words that start with  'ta' and followed by 'l' and end with  'a' or 'h',ta(?:ala|la[ h])
words that start with  'aj' and end with  'r',aj(?:[ae])?r
words that start with  'a' and followed by 'kh' and end with  'r',a(?:akh[ei]r|khar)
words that start with  'ag' and followed by 'w' or 'v' end with  'a' or 'h',ag(?:h[vw]a|wah)
words that start with  'aq' or 'ak' and end with  'li',a(?:(?:ka|q)|k)li
words that start with  'a' and followed by 'h' and end with  'ng',a(?:ah[au]ng|hang)
words that start with  'a' and end with  'yash',a(?:yy?|[ei]y)ash
words that start with  'adr' and end with  'k',a(?:adra|dra?)k
words that start with  'as' and end with  'l',asa?l
words that start with  'at' or 'it' and end with  'r',[ai]ta?r
words that start with  'ata' and followed by 'lw' and end with  'e' or 'y' or 'i',at(?:alw[eiy]|lwi)
words that start with  'a' and followed by 'r' and end with  'zi',aa?rzi
words that start with  'ab' and end with  'r',ab(?:[ae])?r
words that start with  'a' and followed by 'ngr' and end with  'i',a(?:ngray?i|graii)
words that start with  'f' and followed by 'l' and end with  'd',f(?:aulaa?|[ou]laa)d
words that start with  'feh' and end with  'm',feh(?:[au])?m
words that start with  'f' and followed by 'r' and end with  'n',f(?:ir(?:a[ou]|o)|arao)n
words that start with  'f' and followed by 's' and end with  'de' or 'di',f(?:asad[ei]|sadi)
words that start with  'fo' or 'fu' and followed by 'z' end with  'la',f(?:uzlah?|ozlah)
words that start with  'fo' or 'fa' or 'fu' and followed by 'l' end with  'd',f(?:(?:olaa?|ula)|aula)d
words that start with  'f' and followed by 't' and end with  'h',fat[ae]h
words that start with  'fo' or 'fa' and followed by 'j' or 'g' and end with  'e' or 'i',f(?:o(?:uji|(?:g[ei]|ji))|auji)
words that start with  'fo' or 'fa' and end with  'g' or 'j',f(?:o(?:je?|uj)|auj)
words that start with  'f' and followed by 's' and end with  'l',f(?:a(?:(?:is[au]|is)|esu)l|sl)
words that start with sring 'f' and followed by 's' and end with  'k' or 'q',f(?:is[kq]|s[kq])
words that start with  'fakh' and end with  'r',fakh(?:[ae])?r
words that start with  'f' and followed by 'r' and end with  'sh',f[au]ra?sh
words that start with  'f' or 'f' and end with  'rka' or 'rqa,f[ie]r[kq]a
words that start with  'far' or 'fur' and followed by 'l' and end with  'ng',f[au]rl[ao]ng
words that start with  'far' and end with  'r',faraa?r
words that start with  'f' and followed by 'k' and end with  'r',fika?r
words that start with  'fa' and end with  'teh',faa?teh
words that start with  'f' and end with  'da',f(?:a[eiy]da|yda)
words that start with  'faz' or 'faaz' or 'fuz' and end with  'la' or 'lah',f(?:azlah?|(?:aa|u)zla)
words that start with  'fa' and followed by 't' end with  'mi' or 'me' or 'my',fatim[yie]
words that start with  'fr' and end with  'd',fra(?:u|a)d
words that start with  'far' or 'faar' and followed by 'g',farigh?
words that start with  'fa' or 'fi' and end with  'yaz',f(?:ayy?|iy)az
words that start with  'fa' and end with  'l',fa(?:a|l)l
words that start with  'fahm' or 'fehm' and end with  'da',f[ae]hm(?:ee|i)da
words that start with  'f'' and followed by 'r' and end with  'k' or 'q',f(?:[au]r[kq]|rk)
words that start with  'fr' or 'far' and end with  'zi' or 'ze',f(?:ar(?:xi|z[ei])|rzi)
words that start with  'far' and contain substraing 'b' end with  'e' or 'i',far(?:eb(?:(?:ee|i)|e)|aibi)
words that start with  'fal' or 'faal' and contain substraing 't' and end with  'o' or 'u',fa(?:lt(?:hu|[ou])|alt[ou])
words that start with  'faz' or 'faaz' and end with  'l',fa(?:zii?|azi)l
words that start with  'faris' and end with  'a',faris(?:hth?a|ta)
words that start with  'a' and followed by 'br' and 'r' and end with  'z' or 'x',a(?:broo raiz|abr(?:u re[xz]|oraiz))
words that start with  'aap' and followed by 's' or 'bah' and end with  'r',a(?:dam khore?|adam khor)
words that start with  'a' and followed by 'f' and end with  't',aa?fat
words that start with  'a' and followed by 'fat' and 'anga' and end with  'z',a(?:afat angai|fat anga)z
words that start with  'a' and followed by 'fat' and 'za' and end with  'da' or 'dah',a(?:afat zadah|fat zada)
words that start with  'a' and followed by 'g' or 'bag' and end with sub 'ola',a(?:ag Bagh|g bag)ola
words that start with  'a' and followed by 'g' or 'laga' and end with sub 'na',aag(?: Lagaa?|a Laga)na
words that start with  'a' and end with  'g' or 'gh',aagh?
words that start with  'a' and followed by 'ghaz' or 'e' and end with  'jung',a(?:aghaz e |ghaz\-e\-)Jung
words that start with  'aah' and followed by 'o' or 'za' and end with  'ri',aah (?:(?:o Zawa|o Zaa?)|O Zaa)ri
words that start with  'aah' and followed by 'o' or 'za' and end with  'ri',aah(?: ?o)? zari
words that start with  'a' and followed by 'lo' or 'loo' or 'lu' and end with  'da',a(?:al[ou]|loo)da
words that start with  'a' and end with  'm',aa?m
words that start with  'a' and followed by 'nk' or 'nka' and end with  'ra',a(?:anka?ra|nka?ra)
words that start with  'aap' and followed by 's' or 'bah' and end with  'r',aap(?:ay Say Baha|(?:y Say Bah| Se Baha))r
words that start with  'a' and followed by 'a' or 'r' and end with  'r',a(?:rr?|ar)
words that start with  'aar' and end with  'a' or 'h',aara[ah]?
words that start with  'a' and followed by 'r' and end with  'i' or 'ee' or 'y',a(?:ar(?:ee|[iy])|ri)
words that start with  'a' and followed by 'sabi' and 'p' and end with  'reshani',a(?:asabi Pa|sabi P)reshani
words that start with  'a' and followed by 's' and end with  'i' or 'y' or 'ee' or 'ey',a(?:as(?:i[ey]|e[ey]|i|y)|si)
words that start with  'aat' or 'at' and followed by 'sh' and 'af' and end with  'roz',a(?:t(?:(?:eesh afro[sz]|ish afrooz)|is afroz)|atish? afroz)
words that start with  'aat' or 'at' and followed by 'sh' and 'd' and end with  'n',a(?:atish(?: da|d)an|tish(?: da|d)an)
words that start with  'a' and followed by 'w' and end with  'ara',a(?:waa?|awa)ra
words that start with  'a' and end with  'z' or 'zh' or 's',a(?:a(?:zh|az|z|s)|z)
words that start with  'a' and followed by 'z' and end with  'ar',a(?:azaa?r|zar)
words that start with  'a' and followed by 'z' and 'rda' and end with  'dil',a(?:azurdah? dil|z[aou]rda dil)
words that start with  'a' and followed by 'bhag' and end with  'i' or 'hi' or 'ee' or 'y',abhag(?:ee|hi|[iy])
words that start with  'abla' and followed by 'ang' and end with  'z',abla(?:(?: anga(?:ay|i)| angaa)z|a anga[aiy]z)
words that start with  'a' or 'i' and followed by 'blees' and end with  'ana',[ai]bleesana
words that start with  'a' and followed by 'br' and 'al' and end with  'od',a(?:abra|ba?r) alood
words that start with  'a' and followed by 'bta' and 'r' and end with  'i' or 'ee' or 'ey',abta(?:r(?:e[ey]|i)|ari)
words that start with  'a' and followed by 'ch' and 'an' and end with  'k',ach(?:anakk?|hanak|an[eiu]k)
words that start with  'adam' and followed by 'ehs' and end with  's',adam(?:(?: Ehs(?:sa)?| Ehas)as|e Eha?sas)
words that start with  'adam' and followed by 'tas' and 'l' and end with  'sal',adam tasals[au]l
words that start with  'adam' and followed by 'taw' and 'z' and end with  'n',adam tawaz[au]n
words that start with  'a' and followed by 'da' and 'wa' or 'va' and end with  't' or 'h',ada(?:wa(?:(?:ath|t)|at)|avat|vat)
words that start with  'a' and followed by 'dh' and end with  'ra',adh(?:(?:oo|u)|o)ra
words that start with  'adh' and followed by 'ra' and end with  'pan',adh(?:(?:oo|u)|o)ra Pan
words that start with  'a' and followed by 'dn' and end with  'a' or 'ah',adnah?
words that start with  'a' and followed by 'e' or 'i' and end with  'za',a[ei]za
words that start with  'a' or 'i' and followed by 'fr' and 'a' and end with  't',[ai]fraa?t
words that start with  'a' and followed by 'fso' and 'sn' and end with  'ak',afso(?:osnaa|snaa?)k
words that start with  'a' and followed by 'fs' and 'o' or 'u' and end with  's',afs(?:(?:oo|u)|o)s
words that start with  'a' and followed by 'fs' and 'r' and end with  'da' or 'dah',afs(?:urdah?|orda)
words that start with  'a' or 'i' and followed by 'g' and 'w' and end with  'a',(?:ag(?:hwa|w)|ighw)a
words that start with  'a' and followed by 'it' and 'r' and end with  'az',aite?raa?z
words that start with  'a' and followed by 'j' and end with  'l',aj(?:(?:(?:al)?|a)|ja)
words that start with  'a' and followed by 'j' and 'i' or 'e' and end with  'b',aj(?:ee|i)b
words that start with  'a' and followed by 'kh' and end with  'r',a(?:akh[aei]r|khar)
words that start with  'a' and followed by 'l' and 'hd' and end with  'a' or 'ah',al(?:ahdah?|ehda)
words that start with  'a' and followed by 'l' and 'd' and end with  'a' or 'h',a(?:al(?:oo|u)da|l(?:oo|u)dah)
words that start with  'a' and followed by 'l' and 'd' and end with  'gi',a(?:al(?:oo|u)dgi|l(?:oo|u)dgi)
words that start with  'a' and followed by 'na' and end with  'ri',anaa?ri
words that start with  'a' and followed by 'ndh' and end with  'r',andh(?:ai|e)r
words that start with  'a' and followed by 'ndh' and end with  'ra',andh(?:ai|e)ra
words that start with  'a' or 'u' and followed by 'nj' and end with  'an',[au]njaa?n
words that start with  'ant' or 'int' and followed by 'p' and 's' and 'n' and edn with  'do' or 'don',(?:int(?:eha pasandon?|aha pasandon)|ant(?:aha pasando|hapsndon))
words that start with  'a' and followed by 's' and 'e' or 'ai' and end with  'b',a(?:as(?:ai|e)|sai)b
words that start with  'a' and followed by 't' and end with  'l',at[au]l
words that start with  'a' and followed by 'y' and end with  'ar',(?:(?:a[ei]|i)ya|ay[ay])ar
words that start with  'a' and followed by 'y' and end with  'ri',(?:(?:a(?:y|[ei])y|ay)|iya)ari
words that start with  'a' and followed by 'ya' and end with  'sh',a(?:[ei]ya|y[ay])ash
words that start with  'a' and followed by 'za' and end with  'b',azaa?b
words that start with  'a' or 'i' and followed by 'z' and 'y' and end with  'at',(?:[ai]ziy|Azi)at
words that start with  'b' and followed by 'a' and 'g' and end with  'i',ba(?:agh|gh|ag)i
words that start with  'b' and followed by 'a' and 't' and end with  'l',baa?t[ie]l
words that start with  'b' and followed by 'chn' and end with  'a',ba?chna
words that start with  'bad' or 'bd' and followed by 'kh' and 'l' and end with  'qi',bad [ai]khlaa?qi
words that start with  'b' or 'at' and followed by 'd l' or 'dl' and 'ha' and end with  'z',B(?:(?:ad Leha|d Leh)az|ud L[ei]haaz)
words that start with  'b' and followed by 'd' and 'u' and end with  'a',b(?:ad(?:duaa?| dua)|duaa)
words that start with  'b' and followed by 'adg' and 'm' and end with  'n',badg[uo]maa?n
words that start with  'b' and followed by 'adg' and 'm' and end with  'ni',badg[uo]maa?ni
words that start with  'b' and followed by 'dh' or 'rh' or 'rr' and end with  'e' or 'ay' or 'ey',ba(?:rr(?:ha|e)y|dh(?:ay|e))
words that start with  'b' and followed by 'dn' and 's' and end with  'b',badnas(?:ee|i)b
words that start with  'b' and followed by 'dr' and 'o' or 'u' and end with  'h',badr(?:oo|u)h
words that start with  'b' and followed by 'ds' and 'r' and end with  'at',bads(?:oo|u)rat
words that start with  'b' and followed by 'ds' and 'r' and end with  'ti',ba?ds(?:oo|u)rti
words that start with  'b' and followed by 'd' or 't' and 'm' and end with  'zi' or 'xi',ba(?:dtamee?zi|(?:tame[xz]|tmeez)i)
words that start with  'b' and followed by 'g' and 'awa' and end with  't',b(?:ag(?:ha)?|hag)awat
words that start with  'b' and followed by 'g' and 'a' or e and end with  'r',b(?:ag(?:h(?:ai|e)|e)|ega)r
words that start with  'b' and followed by 'e' or 'a' and 'k' and end with  'ar',b(?:aikaa?r|ekaa?r)
words that start with  'b' and followed by 'r' and end with  'ni',b(?:air(?:oo|u)ni|er(?:oo|u)ni)
words that start with  'b' and followed by 'k' and end with  'na',ba?kna
words that start with  'b' and followed by 'kwa' and end with  's',b(?:akwaa?s|kwaa?s)
words that start with  'b' and followed by 'kwa' and end with  'si',b(?:(?:(?:ak)?|a)|u)kwasi
words that start with  'ba' and end with  'l',baa?l
words that start with  'b' and followed by 'l' and end with  'a' or 'h',b(?:la(?:[ah])?|ala)
words that start with  'b' and followed by 'n' and end with  'd' or 'dd',b[au]ndd?
words that start with  'b' and followed by 'n' and end with  'di',b[au]?ndi
words that start with  'b' and followed by 'nj' and end with  'r',b(?:anj(?:(?:ar)?r|ar)|unj(?:ar|u)r)
words that start with  'b' and followed by 'an' and end with  'j' or 'h',baa?njh?
words that start with  'b' and followed by 'rh' and end with  'm',b(?:[ae]rh[au]m|(?:rh[au]|rh)m)
words that start with  'b' and followed by 'rh' and end with  'mi',b(?:[ae]rh[au]mi|(?:rh[au]|rh)mi)
words that start with  'b' and followed by 'a' or 'o' and 'w' or 'u' and end with  'la',b(?:a[uw]|ow)la
words that start with  'b' and followed by 'y' or 'e' and 'r' and end with  'am',b(?:(?:ay a(?:ara|r)|e ar)|y aar)am
words that start with  'b' and followed by 'y' or 'e' and 'a' and end with  's',B(?:ay a(?:as)?|y aa)s
words that start with  'b' and followed by 'y' or 'e' and 'im' or 'am' and end with  'n',b(?:ay(?: ama|im)an|eiman)
words that start with  'b' and followed by 'b' and 'a' or 'u' and end with  's',bay(?: ba|bu)s
words that start with  'b' and followed by 'y' or 'e' and 'ch' and end with  'n',(?:Bay Chai|(?:baych(?:ai|e)|bechai))n
words that start with  'b' and followed by 'y' or 'e' and 'ch' and end with  'ni',b(?:(?:ay ?che|yche)|echai)ni
words that start with  'b' and followed by 'y' or 'e' and 'h' and end with  'da',b(?:ay hoo|eh(?:oo|u))da
words that start with  'b' and followed by 'y' or 'e' and 'ho' and end with  'sh',b(?:ay |e|ay)hosh
words that start with  'b' and followed by 'y' or 'e' and 'ho' and end with  'shi',b(?:ay |e|ay)hoshi
words that start with  'b' and followed by 'y' or 'e' and 'ch' and end with  'n',b(?:ay(?: ima|im)an|eiman)
words that start with  'b' and followed by 'iz' or 'ez' and end with  'at',b(?:ay(?: izz|iz[az])at|eiz[az]at)
words that start with  'b' and followed by 'y' or 'e' and end with  'ja' or 'jah',b(?:ay ?ja|eja(?:[ah])?|yja)
words that start with  'b' and followed by 'j' and end with  'an',b(?:ay jaa|ejaa?)n
words that start with  'b' and followed by 'kh' and 'b' and end with  'r',b(?:ay ?khabar|ekhaber)
words that start with  'b' and followed by 'l' or 'g' and end with  'am',b(?:ay(?: laga|lag)am|elagam)
words that start with  'b' and followed by 'l' or 'o' or 'u' and end with  's',bay l(?:oss?|aos)
words that start with  'b' and followed by 'mo' or 'mau' and end with  'ka' or 'qa',(?:Bay Mouq|(?:be mauq|be(?:mauk| moq)))a
words that start with  'b' and followed by 'p' and end with  'rwa' or 'rwah',(?:bay perwah?|Bay Parwa)
words that start with  'b' and followed by 'r' and 'b' and end with  'at',b(?:ay |e)rabt
words that start with  'b' and followed by 'r' and 'b' and end with  'ati',b(?:ay |e)rabti
words that start with  'b' and followed by 'r' and 'hm' and end with  'i',(?:Bay Re|ber[ae])hmi
words that start with  'b' and followed by 's' and 'b' and end with  'r',(?:Bay Sab|besabb?)ar
words that start with  'b' and followed by 'sh' and 'r' and end with  'm',b(?:ay shara|(?:esh(?:ara|ere|r)|eshar))m
words that start with  'bay' and followed by 's' and 'o' or 'u' and end with  'l',(?:bay as(?:oo|u)|Bay Usoo)l
words that start with  'b' and followed by 'yak' or 'yaq' and end with  'n',b[ae]yakeen
words that start with  'bay' and followed by 'z' and 'u' and end with  'k' or 'q',bay z(?:o|u|a)o[kq]
words that start with  'b' and followed by 'g' and end with  'rz',(?:b(?:ay |e)gh|Bay\-g)arz
words that start with  'b' and followed by 'ka' and end with  'r',b(?:ay|e)kaar
words that start with  'b' and followed by 'ch' and end with  'rgi',(?:Be Cha|b(?:ay|e)ch)argi
words that start with  'be' or 'bay' and followed by 'h' and end with  'al',(?:Be Ha|b(?:ayh|eha))al
words that start with  'be' and followed by 'h' and end with  'd',(?:Be Had|beh[au]dd)
words that start with  'be' and followed by 'h' and 'ya' and end with  'i' or 'e',(?:Be Hiyai|behaya[ei])
words that start with  'be' and followed by 'hu' or 'ho' and end with  'dgi' or 'dagi',be(?:(?:huda?|hod)gi| h[ou]dgi)
words that start with  'be' and followed by 'j' and end with  'a',(?:bejaa?|Be Ja)
words that start with  'be' or 'bay' and followed by 'k' and end with  'si',(?:b(?:ay|e)ka|Be Ki)si
words that start with  'b' and followed by 'ho' or 'hu' and end with  'da',(?:b(?:ayhoo|ehu)|Behoo)da
words that start with  'b' and followed by 'ho' or 'hu' and end with  'dgi',beh(?:oo|u)dgi
words that start with  'ba' or 'be' and followed by 'ho' and end with  'sh',b(?:ay|e)hosh
words that start with  'ba' or 'be' and followed by 'ho' and end with  'shi',b(?:ay|e)hoshi
words that start with  'ba' or 'be' and end with  'ja',(?:b(?:ay|e)ja|Beja)
words that start with  'b' and followed by 'ka' and end with  'ri',(?:b(?:ay|e)k|Beka)ari
words that start with  'b' and followed by 'ma' and end with  'r',(?:(?:bimaa?|bema)|Bemaa)r
words that start with  'b' and followed by 'ma' and end with  'ri',(?:b(?:e(?:em|ma)ari|imari)|Bemari)
words that start with  'ba' or 'be' and end with  'r',(?:ba?|Be)r
words that start with  'b' and followed by 'wa' and end with  'fa',(?:ba?ywafa|Bewafa)
words that start with  'b' and followed by 'w' and 'k' or 'q' and end with  'of',^(?:(?:bewakuf|bewa(?:ko|q)o)|Bewaqoo)f$
words that start with  'b' and followed by 'za' and end with  'r',(?:ba?yz|Beza)ar
words that start with  'b' and followed by 'za' and end with  'ri',b(?:ay|e)zari
words that start with  'b' and followed by 'ya' and end with  'nak',bh?ayanak
"words that start with  'b' and end with  'hi', 'he', 'hy', 'e'",(?:b(?:h[iy]|e)|Bhe)
words that start with  'b' and followed by 'k' and end with  'ari',(?:(?:(?:b(?:ay|i)kh|bik)|bek)|Bhik)ari
words that start with  'b' and followed by 'o' or 'u' and 'k' and end with  'a',(?:(?:b(?:oo|u)kh|bhuk)|Bhook)a
words that start with  'bh' and followed by 'o' or 'u' and end with  'l',bh(?:oo|u)l
words that start with  'bh' and followed by 'l' and end with  'na',bh(?:oo|u)lna
words that start with  'b' and followed by 'h' and end with  't',bh(?:u(?:tt?|ut)|o[ou]t)
words that start with  'b' and followed by 'k' and h and end with  'ar',(?:Bhukha|b[ou]kh)ar
words that start with  'b' and followed by 'd' and end with  'at',bidd?at
words that start with  'b' and followed by 'g' and end with  'ar',b[ie]gaar
words that start with  'b' and followed by 'y' and 'b' and end with  'an',b[ia]yabaan
words that start with  'b' and end with  'jh' or 'je',b(?:oj[eh]|ujh)
words that start with  'b' and followed by 'o' and 'u' and end with  'jh',b(?:uu?jh|o[ou]jh)
words that start with  'bos' and end with  'dah' or 'da',bos(?:ee|i)dah?
words that start with  'b' and followed by 'y' and 'c' or 'k' and end with  't',b(?:oycott?|y(?:c(?:aa|o)|kaa)t)
words that start with  'b' and followed by 'p' and end with  'ta',(?:b[ai]pta|Bpta)
words that start with  'b' and end with  'd',(?:b(?:ad[ d]|d)|Bud)
words that start with  'b' and followed by 'dka' and end with  'r',b[aeu]dkaar
words that start with  'b' and followed by 'dm' and end with  'zaj',b(?:[au]dm[ai]zaj|dm[ai]zaj)
words that start with  'bud' or 'bad' or 'bd' and followed by 's' and 'l' and end with  'ki',(?:(?:badsal(?:oo|u)|budsloo)|BudSuloo)ki
words that start with  'b' and followed by 'dz' and 'ba' and end with  'n',b[au]dzaba?n
words that start with  'bud' or 'bad' or 'bd' and end with  'a',(?:(?:b(?:ad(?: dow|u)|d duw)|baddu)|Bud\-du)a
words that start with  'bud' or 'bad' or 'bd' and followed by 'kir' and 'd' and end with  'ri',(?:b(?:ad kirda|d kirad)|Bud\-karda)ri
words that start with  'bud' or 'bad' or 'bd' and followed by 'za' and end with  't',(?:(?:b(?:ad)?dza|badz)|Bud\-za)at
words that start with  'bud' or 'bd' and followed by 'h' and end with  'u' or 'oo',ud(?:dh?u|h(?:oo|u))
words that start with  'bu' and followed by 'g' and end with  'z',bugh?a?z
words that start with  'b' and end with  'k',b(?:ak ?bak|uk ?buk)
words that start with  'b' and followed by 'l' and end with  'a',b(?:u|o)laa?
words that start with  'b' and followed by 'r' and end with  'a',(?:b(?:ur|o)ra|Bura)
words that start with  'b' and followed by 'ra' or 'ray' and end with  'i' or 'e',(?:b(?:oraye|urayi)|Burai)
words that start with  'b' and followed by 'r' and end with  'e' or 'y',(?:b(?:(?:ur|o)re|oray)|Buray)
words that start with  'b' and followed by 'r' and end with  'i',(?:b(?:ur|o)ri|Buri)
words that start with  'ch' and followed by 'k' and end with  'r',chak(?:k(?:[ae])?r|[ae]r)
words that start with  'ch' and followed by 'k' and end with  'u' or 'o',chak(?:k?u|oo)
words that start with  'ch' and followed by 'l' and end with  'a' or 'h',ch(?:ala(?:[ah])?|laa)
words that start with  'c' and followed by 'hapl' and end with  'si',chaa?pl(?:oo|u)si
words that start with  'c' and followed by 'h' and 'th' and end with  'ra',ch[ei]thra
words that start with  'c' and followed by 'h' and 'e' or 'a' and end with  'd',(?:Chhai|ch(?:ai|e))d
words that start with  'c' and followed by 'ha' and end with  'p',ch(?:a(?:pp?|ap)|hap)
words that start with  'c' and followed by 'h' and end with  'o' or 'u',ch(?:h(?:oo|u)|uu|o[ou]|u)
words that start with  'c' and followed by 'ho' or 'hu' and end with  'ra',ch(?:hoor|(?:urr?|oor))a
words that start with  'c' and followed by 'ho' or 'hu' and end with  't' or 'th',ch(?:ooth?|hoot|ut)
words that start with  'c' and followed by 'ho' and end with  'r',ch(?:orr?|hor)
words that start with  'c' and followed by 'hu' and end with  'ra',ch(?:urr?|hur)a
words that start with  'c' and followed by 'h' and end with  'k' or 'ke',ch[ou]ke?
words that start with  'c' and followed by 'h' and 'k' and end with  'r',ch(?:auka?r|(?:ok[ae]|ok)r)
words that start with  'c' and followed by 'h' and 'o' or 'ou' and end with  't',chou?t
words that start with  'c' and followed by 'h' and 'o' or 'ow' and end with  'k',ch(?:o|ow|au)k
words that start with  'c' and followed by 'h' and 'g' and end with  'li',(?:(?:ch(?:ogh|ug)|chog)|Chugh)li
words that start with  'c' and followed by 'hu' and 'r' and end with  'e' or 'i',(?:Churee|ch(?:hu|ur)ri)
words that start with  'd' and followed by 'a' and end with  'g' or 'h',Da(?:agh?|gh)
,Daag(?:h (?:Da|d)ar| Daa?r)
words that start with  'd' and followed by 'an' and end with  't',daa?ntt?
words that start with  'd' and followed by 'b' and end with  'a',d(?:aba(?:[ah])?|b[ab]a)
words that start with  'd' and followed by 'ba' and end with  'na',d[au]bana
words that start with  'd' and followed by 'b' and end with  'ao',d[au]?bao
words that start with  'd' and followed by 'b' and end with  'na',d[au]?bna
words that start with  'd' and followed by 'fa' and end with  'tan',d(?:af(?:atann?|fatan)|fatan)
words that start with  'd' and followed by 'gha' or 'ga' and 'b' and end with  'z',D(?:agh?|gh)a Baaz
words that start with  'd' and followed by 'gha' or 'ga' and 'b' and end with  'zi',D(?:(?:aga Baa?|agha Ba)|gha Baa)zi
words that start with  'd' and followed by 'g' or 'gh' and end with  'a',D(?:agh?a|gh?a)
words that start with  'd' and followed by 'kh' and end with  'l',D(?:akha?l|khl)
words that start with  'd' and followed by 'nda' and end with  'y',d[au]?nday
words that start with  'd' and followed by 'n' and end with  'ga',d[au]?nga
words that start with  'd' and followed by 'nt' and end with  'na',daa?nta?na
words that start with  'd' and followed by 'w' or 'ga' and 'n' and end with  'dol',(?:Da(?:nwaan Dol|wan Do)l|dawadol)
words that start with  'd' and followed by 'k' or 'q' and 'yan' and end with  'si',(?:d(?:akyanoo|ikyanu)|Daqyanoo)si
words that start with  'd' and end with  'r',(?:d(?:ar|u)r|Dar)
words that start with  'd' and end with  'ra',d(?:(?:(?:arr|r[ar])|ar)|urr)a
words that start with  'd' and followed by 'ara' and end with  'z',daraa?z
words that start with  'd' and followed by 'ra' and end with  'na',da?rr?ana
words that start with  'd' and followed by 'rao' and end with  'na',d(?:ara?ona|(?:row?|rao)na)
words that start with  'd' and followed by 'ra' and end with  'wa',da?ra[vw]a
words that start with  'd' and followed by 'r' and end with  'd',da?ra?d
words that start with  'd' and followed by 'r' or 'd e ' and 's' and end with  'r',D(?:ard E Sa?r|rd E Sr)
words that start with  'd' and followed by 'are' and end with  'g' or 'kh' or 'gh',(?:dare(?:kh|g)|Daregh)
words that start with  'd' and followed by 'rp' and 'o' and end with  'k' or 'e',darp(?:o(?:ke?|ok)|hok)
words that start with  'd' and end with  'rz',da?rzz?
words that start with  'd' and followed by 'e' or 'i' and end with  'wana',(?:Dee|d[ei])wana
words that start with  'd' and followed by 'e' or 'i' and end with  'wanagi',D(?:(?:ee|i)|e)wangi
words that start with  'd' and followed by 'hsha' and end with  't' or 'th',(?:d(?:ehshath|ahshat)|Dehshat)
words that start with  'd' and followed by 'r' and 'r' and end with  's',(?:air rass?|e(?:ir rus|r rass?))
words that start with  'd' and followed by 'wali' and end with  'a',d(?:iwaliy|[ae]wali)a
words that start with  'd' or 'dh' and followed by 'b' and end with  'a',d(?:abbh?a|habb?a)
words that start with  'd' or 'dh' and followed by 'k' and end with  'a',d(?:hakk?a|ak[hk]a)
words that start with  'd' or 'dh' and followed by 'm' and end with  'ki',d(?:h[au]mki|amki)
words that start with  'd' and followed by 'h' and 't' and end with  'i',dh(?:eetay?i|atay?i|itai)
words that start with  'd' or 'dh' and followed by 'e' or 'i' and end with  'la',d(?:h(?:e[aei]|ie)la|eela)
words that start with  'd' and followed by 'h' and 'e' or 'i' and end with  'mi',dh(?:ee|i|e)mi
words that start with  'd' and followed by 'ok' and end with  'ka',(?:(?:dh?okh|dok)|Dhok)a
words that start with  'd' and followed by 'ok' and end with  'ay' or 'e',d(?:hok(?:ay|e)|okh(?:ay|e))
words that start with  'd' or 'dh' and end with  'ng',dh(?:ou?|au)ng
words that start with  'di' and followed by 'l' and 'to' and end with  'r' or 'd',dil to(?:dd?|rr?)
words that start with  'd' and end with  'qat',diqq?at
words that start with  'd' and followed by 'o' or 'u' and 'b' and end with  'na',d(?oo|ou|u)bna
words that start with  'd' and followed by 'oo' or 'u' and end with  'r',(?:duu?|Doo)r
words that start with  'd' and followed by 'oo' or 'u' and end with  'ri',d(?:oorie?|uu?ri)
words that start with  'd' and followed by 'ro' and end with  'na',(?:d(?:aro|row)na|Drona)
words that start with  'd' and followed by 'r' oand 'sh' and end with  'ti',d[au]ra?shti
words that start with  'd' and followed by 'sh' and end with  'man',dushmann?
words that start with  'd' and followed by 'ush' and end with  'mano',dushmanon?
words that start with  'f' and followed by 'alt' and end with  'u' or 'o',(?:falt(?:oo|u)|Faaltu)
words that start with  'f' and followed by 'h' and end with  'sh',fah[ua]sh
words that start with  'f' and followed by 'aq' and end with  'r',faq(?:i|ee)r
words that start with  'f' and followed by 'ar' and end with  'b',far(?:ai|e)b
words that start with  'f' and followed by 'ar' and end with  'q' or 'k',far(?:aq|q|k)
words that start with  'f' and followed by 'r' and 'k' or 'q' and end with  'wala',Far(?:aq|[kq]) Wala
words that start with  'f' and followed by 'r' and end with  'xi' or 'zi',f(?:arz|rz|arx|erz)i
words that start with  'f' and followed by 'z' or 'x' and end with  'ul' or 'ol',fa(?:(?:zuu?|zoo)|xoo)l
words that start with  'f' and followed by 'z' and 'l' and 'kh' and end with  'rch' or 'rach,F(?:(?:azool Kha|azul Kha?)|zool Kha)rch
words that start with  'f' and followed by 'h' and end with  'sh',f(?:ahu|aha|ehu|eha)sh
words that start with  'f' and followed by 'ik' and end with  'r',(?:fike?|Fika)r
words that start with  'f' and end with  'ri',f(?:o|au|ou)ri
words that start with  'f' and end with  't' or 'th',f(?:o(?:t(?:[ht])?|ut)|aut)
words that start with  'f' and followed by 'r' and end with  'b',f(?:ar(?:ai|e)|rai)b
words that start with  'f' and followed by 'ra' and end with  'd',fr(?:au|aa|a)d
words that start with  'f' and followed by 'qd' and end with  'an',f[oua]qdaa?n
words that start with  'f' and followed by 'z' and end with  'ul' or 'ol',(?:(?:faz(?:oo|u)|faxoo)|Fuzoo)l
words that start with  'g' and end with  'nj',g[au]nj[hj]?
words that start with  'g' and followed by 'r' and end with  'm',gar[au]?m
words that start with  'g' and followed by 'aza' and end with  'b',(?:gh?aza|Gazab)b
words that start with  'g' and followed by 'ab' and end with  'raya',gh?abraya
words that start with  'g' and followed by 'ad' and end with  'ar',(?:Ghadd|(?:gadd?|ghad))ar
words that start with  'g' and followed by 'ad' and end with  'ari',gh?add?ari
words that start with  'g' and followed by 'af' and end with  'lat',g(?:aflatt?|h[au]flat)
words that start with  'gh' and end with  'bi',gh(?:ai|e)bi
words that start with  'gh' and followed by 'a' or 'e' and end with  'r',gh(?:ai|e)r
words that start with  'g' and followed by 'a' or 'e' and end with  'rat',gh(?:ai|e)ratt?
words that start with  'g' and followed by 'a' or 'e' and 'r' and end with  'na',(?:Ghai|g(?:he|ai))rna
words that start with  'g' and followed by 'l' and 'a' and end with  't',(?:Ghala|(?:(?:g(?:ala|hal)|gal)|gula))t
words that start with  'g' and followed by 'l' and 'a' and end with  'ti',(?:ghal(?:ati|ty)|Ghalti|g[au]lti)
words that start with  'g' and followed by 'h' and end with  'm',(?:gh(?:am|u)m|Gham)
words that start with  'g' and followed by 'h' and 'm' and end with  'and',gh?a?m[au]nd
words that start with  'g' and followed by 'h' and 'm' and end with  'geen',gh[au]mgeen
words that start with  'g' and followed by 'h' and 'm' and end with  'geeni',gh[au]mgeeni
words that start with  'g' and followed by 'a' and 'r' and end with  'b',(?:Gharee|(?:gh?ari|garee))b
words that start with  'g' and followed by 'a' and 'r' and end with  'k' or 'q',(?:g(?:ara?|har)k|Gharq)
words that start with  'g' and followed by 'h' and 't' and end with  'ya' or 'a',(?:(?:(?:ghutiy|g(?:h(?:ati|uty)|ati))|ghtiy)|Ghatiy)a
words that start with  'g' and followed by 'h' and end with  't',(?:gh(?:utt?|at)|Ghatt)
words that start with  'g' and followed by 'z' and 'a' and end with  'b',gh?azab
words that start with  'g' and followed by 'h' and end with  'ra',gh(?:ai|e)ra
words that start with  'g' and followed by 'h' and end with  'rao',gh(?:ai|e|i)rao
words that start with  'gh' and followed by 'o' or 'u' and 'r' and end with  'na',gh(?:oo|u|ou)rna
words that start with  'g' and followed by 'u' or 'o' and end with  'baar',(?:g(?:ho|u)|Ghu)baar
words that start with  'g' and followed by 'u' or 'o' and end with  'lam',(?:g(?:ho|[ou])|Ghu)lam
words that start with  'g' and followed by 'u' or 'o' and end with  'lami',G(?:ulaa?|hula)mi
words that start with  'g' and followed by 'mra' and end with  'h',(?:gumraa?|Ghumra)h
words that start with  'g' and end with  'roor',(?:gh?a|Ghu)roor
words that start with  'g' and followed by 'o' or 'u' and end with  'sna',gh[ou]?sna
words that start with  'g' and followed by 'o' or 'u' and end with  'sa',g(?:huss?|(?:ho|u)ss)a
words that start with  'g' and followed by 'o' or 'u' and end with  'nga',g(?:oo|u|ou)nga
words that start with  'g' and followed by 'dm' and end with  'd',g(?:ad(?: ma|m[ai])d|udm[iu]d)
words that start with  'g' and followed by 'h' and end with  'r',g(?:auh[ae]r|[ou]har)
words that start with  'g' and followed by 'n' and end with  'ah',g(?:unn?ah|onah)
words that start with  'g' and followed by 'n' and 'h' and end with  'gar',g(?:un(?:ehgaa?r|ahgar)|onahgar)
words that start with  'g' and followed by 'o' or 'u' and end with  'sa',gh?uss?a
words that start with  'g' and followed by 'st' and end with  'kh' or 'k',g(?:ustaakh?|h[ou]stakh|ostakh)
words that start with  'g' and followed by 'st' and end with  'khi' or 'ki',g(?:ustaakh?|h[ou]stakh|ostakh)i
words that start with  'h' and followed by 'b' and end with  's',ha?ba?s
words that start with  'h' and followed by 'lch' and end with  'l',h(?:alchal|ulch[au]l)
words that start with  'h' and end with  'lka',h[au]?lka
words that start with  'h' and end with  'mla',h[au]mla
words that start with  'h' and followed by 'q' and end with  'er',H(?:aqee?r\t|qeer)
words that start with  'h' and followed by 's' and end with  'd',hass?a?d
words that start with  'h' and followed by 't' and end with  'k',hat(?:akk?|tak|uck)
words that start with  'h' and followed by 'l' and 'n' and end with  'nak',h(?:aulnaa?k|ol(?:enaa?|naa)k)
words that start with  'h' and followed by 'y' and end with  'l',hay[ae]l
words that start with  'h' and followed by 'r' and end with  'an',(?:h(?:(?:eraan\t|yran)|airan\t)|Heran\t)
words that start with  'h' and followed by 'w' or 'v' and end with  'an',h(?:(?:(?:evaa?|ewa)|e?ywa)|aiwa)n
words that start with  'h' and followed by 'w' or 'v' and end with  'ani',h(?:(?:(?:evaa?|ewa)|e?ywa)|aiwa)ni
words that start with  'h' and followed by 'ma' and end with  'qat',h[ai]maqat
words that start with  'h' and followed by 'q' or 'k' and end with  'arat',h(?:ak|iq)arat
words that start with  'h' and followed by 'ir' and end with  's',hira?s
words that start with  'h' and followed by 'l' and end with  'nak',holnaa?k
words that start with  'h' and followed by 'l' and end with  'naki',holnaa?ki
words that start with  'h' and followed by 'u' or 'o' and 'k' and end with  'm',(?:h[ou]kam\t|Hukum\t|h(?:okum|ukm\t))
words that start with  'h' and followed by 'nga' and end with  'ma',h[au]ngama
"words that start with  'i' or 'a',and followed by 'b' and 'l' and end with  's'",[ai]bl(?:ee|i)s
words that start with  'ikh' and followed by 'l' and end with  'laaf',ikht[ai]laaf
words that start with  'i' or 'a'. and followed by 'l' and 'z' and end with  'am',[ai]lzaa?m
words that start with  'a' and followed by 'n' and 'b' and end with  'n',(?:an b(?:an|un)|In Ban)
words that start with  'i' 'a' or 'u' and followed by 'n ' and 'p' and end with  'rh',(?:in |[au]n)parh
words that start with  'in' and followed by 'k' and end with  'ar',[ai]nkaa?r
words that start with  'in' or 'an' and followed by 'q' or 'k' and 't' and end with  'a',[ai]n[kq]taa?
words that start with  'in' and followed by 't' and 'sh' and end with  'ar',int[ae]?shaa?r
words that start with  'in' and followed by 't' and 'q' and end with  'al',int[ei]?qaa?l
words that start with  'ish' and followed by 'r' and end with  'ra' or 'rah',ishaa?rah?
words that start with  'j' and followed by 'h' and end with  'l',jaa?h[ie]l
words that start with  'j' and followed by 'a' and end with  'l',jaa?l
words that start with  'j' and followed by 'a' and end with  'li',jaa?li
words that start with  'ja' and followed by 'b' and end with  'r',Jab[ae]?r
words that start with  'ja' and followed by 'ab' and end with  'r',jaa?b[ie]r
words that start with  'ja' and followed by 'b' and end with  'rana',jab[ie]?rana
words that start with  'j' and followed by 'ad' and end with  'o' or 'u',jad(?:oo|u)
words that start with  'ja' and followed by 'han' and end with  'm',jahan(?:a|u|nnu)m)
words that start with  'ja' and followed by 'han' and end with  'mi',jahan(?:a|u|nnu)mi)
words that start with  'ja' and followed by 'h' and end with  'l',jaa?h[ie]l
words that start with  'j' and end with  'la',j(?:ala|al|la)a
words that start with  'jald' and followed by 'd' and 'b' and end with  'zi',jald baa?zi
words that start with  'ja' and followed by 's' and end with  'os' or 'us',jas(?:oo|us)
words that start with  'j' and followed by 'lsa and end with  'zi',j(?:ealsaa|(?:alsaa?|aalsa))zi
words that start with  'j' and end with  'lsa',jh?alsa
words that start with  'j' and followed by 'o' or 'u' and end with  't' or 'th',j(?:h(?:(?:ooth|uut)|oot)|ooth|uuth)
words that start with  'j' and followed by 'oo' or 'u' and 't' and 'm' and end with  't' or 'th',J(?:ooth Muth|h(?:oo|ut)t Moot|uth Moth|oth Mot)
words that start with  'j' and followed by 'o' or 'u' and 't' and end with  'ta',J(?:oo?tha|h(?:oo|ut)ta|utha)
words that start with  'j' and followed by 'o' or 'u' and 't' and end with  'ti',J(?:oo?thi|h(?:oo|ut)ti|uthi)
words that start with  'j' and followed by 'a' or 'u' and 'n' and end with  'g',j(?:an|un|ang)g
words that start with  'j' and followed by 'a' or 'u' and 'ng' and end with  'li' or 'lee',j[au]ngl(?:ee|i)
words that start with  'j' and followed by 'n' and 'o' or 'u' and end with  'ni',j(?:unoo|anu)ni
words that start with  'ju' and followed by 'r' and end with  'm',jura?m
words that start with  'k' and followed by 'ch' and end with  'mar',kach(?:oo|u)mar
words that start with  'k' or 'q' and followed by 'a' and end with  'fir',[kq]aa?ff?ir
words that start with  'ka' or 'q' and followed by 'fir' and end with  'rana',[kq]aa?ff?irana
words that start with  'k' and followed by 'a' and end with  'm',kaa?m
words that start with  'k' and followed by 'm' and 'h' and 'm' and end with  'yat',k(?:am a|um e)hmiyat
words that start with  'ka' and followed by 'm' and end with  'na',kam(?:ee|i)na
words that start with  'ka' and followed by 'mz' and end with  'r' or 're',kamz(?:ore|ur|or)
words that start with  'k' or 'q' and followed by 'ar' and 'w' or 'v' and end with  'a',[kq]ar[vw]a
words that start with  'k' and followed by 'sh' and end with  'fi',kasha?fi
words that start with  'k' or 'c' and followed by 't' and 'p' and 't' and end with  'li',(?:kat(?:h )?putli|cuth?putli)
words that start with  'k' or 'q' and followed by 'e' and end with  'na',[qk]eena
words that start with  'k' and followed by 'ha' and end with  'li' or 'le',Kha(?:al(?:i|e)|li)
words that start with  'kh' and followed by 'le' or 'li' and end with  'pan',Kha(?:al(?:i Pan|e Pan)|li (?:Pun|pan))
words that start with  'k' and followed by 'ha' and end with  'm',Khaa?m
words that start with  'k' and followed by 'ha' and end with  'mi',Khaa?mi
words that start with  'k' and followed by 'ha' and end with  'ti',Khaa?ti
words that start with  'kh' and followed by 'b' and 'r' and 'd' and end with  'ar',kha?b(?:ard|ar da|erd|rd)ar
words that start with  'k' and followed by 'h' and 'b' and end with  't',khaba?t
words that start with  'k' and followed by 'h' and 'b' and end with  'ti',khaba?ti
words that start with  'k' and followed by 'h' and end with  'fa',khafaa?
words that start with  'kh' and followed by 'a' and end with  'f',kha(?:i|ya|e)f
words that start with  'kh' and followed by 'a' or 'e' and end with  'nch',kh(?:ai|e)nch
words that start with  'k' and followed by 'nz' and end with  'r',kh[au]nz (?:ee|i)r
words that start with  'kh' and followed by 'rab' and 'i' or 'y' and end with  'n',kharabiy?an
words that start with  'kh' and followed by 't' and 'r' and end with  'nak',khat(?:arnaa?k|rnak)
words that start with  'kh' and followed by 'a' or 'o' and end with  'f',kh(?:a|ou|au|of)f
words that start with  'kh' and followed by 'a' or 'i' and 'l' and end with  'af',kh[ia]laa?f
words that start with  'kh' and end with  'chao',kh[ie]n?chao
words that start with  'kh' and followed by 'uf' and 'i' or 'y' and end with  'a',khuf(?:fiy?a|iy?a)
words that start with  'k' and followed by 'n' and end with  'ara',k[ia]nara
words that start with  'k' and followed by 'of' and end with  't',kofa?t
words that start with  'k' and end with  'ra',korr?a
words that start with  'ku' and followed by 'f' and end with  'r',kuff?a?r
words that start with  'k' and followed by 'f' and 'r' and end with  'ia',kufa?r[ie]y?a
words that start with  'ku' and followed by 't' and 'i' or 'y' and end with  'a',kut(?:(?:(?:i?|e)y|i)|ti)a
words that start with  'la' and followed by 'p' and 'rw' and end with  'hi',la p[aeu]rwahi
words that start with  'la' and followed by 'p' and 'rw' and end with  'hi',la(?:a ha| h|h|ah)asil
words that start with  'la' and followed by 'l' and end with  'chi',la(?:(?:l[ai]|l)|al)chi
words that start with  'la' and followed by 'n' and 'a' or 'u' and end with  't',la(?:ana|n[au])t
words that start with  'la' and followed by 'n' and end with  'ti',laa?nti
words that start with  'la' and followed by 'l' and 'a' or 'i' and end with  'ch',la(?:ala|l[ai])ch
words that start with  'la' and followed by 'd' or 'r' and end with  'ai',l(?:a[dr]ai|rai)
words that start with  'la' and followed by 'd' or 'r' and end with  'aka',l(?:a[dr]aka|raka)
words that start with  'l' and followed by 'r' or 'd' and end with  'na',l(?:ar|[dr])na
words that start with  'l' and end with  'nda',l(?:oa?nda|a[ou]nda)
words that start with  'l' and followed by 'o' or 'u' and end with  't',lo[otu]t
words that start with  'm' and followed by 'ar' and end with  'e' or 'y',ma(?:ar(?:ay|e)|ray)
words that start with  'ma' and followed by 'bh' and end with  't',mabh(?:oo|u)t
words that start with  'm' and followed by 'hr' and 'o' or 'u' and end with  'm',m(?:ehr(?:oo|u)|ahroo)m
words that start with  'm' and followed by 'aj' and 'o' or 'u' and end with  'r',m(?:ajb(?:(?:oo|u)|o)r|jbur)
words that start with  'm' and followed by 'aj' and 'o' or 'u' and end with  'ri',m(?:ajb(?:(?:oo|u)|o)ri|jburi)
words that start with  'ma' and followed by 'khm' and 'o' or 'u' and end with  'r' or 're',makhm(?:o(?:or|re)|ur)
words that start with  'm' and followed by 'mn' and end with  'u' or 'o',m(?:amn(?:oo|u)|umnu)
words that start with  'ma' and followed by 'm' and end with  'li',mam(?:oo|u)li
words that start with  'm' and followed by 'naz' and end with  'ra',manaz(?:[ai])?ra
words that start with  'ma' and followed by 'nh' and end with  's',manh(?:uu?s|o[ou]s)
words that start with  'm' and followed by 'ns' and 'o' or 'u' and end with  'kh',mar(?:ee[xz]|iz)
words that start with  'm' and followed by 'ar' and 'i' or 'e' and end with  'z' or 'x',mar(?:ee[xz]|iz)
words that start with  'm' and end with  'rg',m[aeu]rg
words that start with  'm' and followed by 'rh' and 'o' or 'u' and end with  'm',m(?:arh(?:oo|u)|erhoo)m
words that start with  'm' and followed by 'r' and end with  'na',m[ae]rna
words that start with  'm' and followed by 'sm' and end with  'arr',m(?:asma|ism)ar
words that start with  'm' and followed by 's' and end with  't',m(?:astt?|ust)
words that start with  'm' and followed by 'a' or 'i' and end with  'ti',m[ai]tt?i
words that start with  'm' and followed by 'f' and end with  'q',m(?:awafi|oaf[ai])q
words that start with  'm' and followed by 'ay' and 'o' or 'u' and end with  'b',may(?:oo|u)b
words that start with  'm' and followed by 'ay' and 'o' or 'u' and end with  's',may(?:u(?:ss?|us)|o[ou]s)
words that start with  'm' and followed by 'y' and 'o' or 'u' and end with  'si',m(?:ay(?:o[ou]si|usi)|yusi)
words that start with  'm' and followed by 'zah' and 'm' and end with  't',mazah(?:matt?|amat)
words that start with  'm' and followed by 'az' and 'o' or 'u' and end with  'r',maz(?:oo|u)r
words that start with  'm' and followed by 'h' and 'n' and end with  'ga',meha?nga
words that start with  'm' and followed by 'hr' and 'o' or 'u' and end with  'mi',m[ae]hr(?:oo|u)mi
words that start with  'm' and followed by 'a' or 'e' and end with  'la',m(?:ey?la|a[iy]la
words that start with  'mo' and followed by 'h' and 'e' or 'i' and end with  'b',moh(?:ee|e|i)b
words that start with  'm' and followed by 'u' or 'o' and 'ph' and end with  't',m(?:o(?:un phat|o ph)t|u(?:nh|u) phat)
words that start with  'm' and followed by 'u' or 'o' and end with  't',m(?:aut|o(?:t[ht]|ut))
words that start with  'm' and followed by 'o' or 'u' and end with  'sar',m(?:o(?:as)?|ua)sar
words that start with  'm' and followed by 'd' and 'kh' and end with  'lat',m(?:adakha?|udakh)lat
words that start with  'm' and followed by 'g' and 'lt' and end with  'a',m[oau]ghalta
words that start with  'm' and followed by 'h' and 'm' and end with  'l',m(?:ohm[ai]|uhma)l
words that start with  'm' and followed by 'kh' and 'l' and end with  'f',m[aou]khalif
words that start with  'm' and followed by 'l' and 't' and end with  'wi',m[au]lta?wai
words that start with  'm' and followed by 'na' and end with  'fiq',m[ou]nafiq
words that start with  'm' and followed by 'n' and 'f' and end with  'qat',m(?:on(?:fa|af)|unaf)qat
words that start with  'm' and followed by 'nha' and end with  'raf',munhar[ai]f
words that start with  'm' and followed by 'n' and 'q' or 'k' and end with  'ta',mun[kq][ia]ta
words that start with  'm' and followed by 'n' and 't' and 'sh' and end with  'r',munt(?:ash[ai]r|shr)
words that start with  'm' and followed by 'r' and 'd' and end with  'a' or 'ah',m(?:urdah?|orda)
words that start with  'm' and followed by 'r' and 'd' and end with  'dil',m(?:urdah? dil|orda dil)
words that start with  'm' and followed by 'r' and 'd' and end with  'dili' or 'dilli',m(?:(?:urda dill?|urdah dil)|ordah dil)i
words that start with  'm' and followed by 'r' and 'd' and end with  'dili' or 'dilli',m(?:ordah dili|urda(?: dil|h di)li)
words that start with  'm' and followed by 'r' and 'j' and end with  'na',murj(?:a(?:anah|na)|hana)
words that start with  'm' and followed by 'r' and 'j' and end with  'ya',m(?:urjh?|orjh)aya
words that start with  'm' and followed by 'si' or 'se' and end with  'bat',m(?:usee|as[ei])bat
words that start with  'm' and followed by 'shk' and end with  'l',m(?:(?:hoske|oshk[ei])|ushki)l
words that start with  'm' and followed by 'shk' and 'l' and end with  'at',m[ou]shk(?:al|il)aa?t
words that start with  'mu' and followed by 'sh' and 'r' and end with  'k' or 'q',mushri[kq]
words that start with  'm' and followed by 't' and 'z' and end with  'ad',muta?zad
words that start with  'm' and followed by 'tn' and 'ff' and end with  'r',m(?:atnaf|utna)far
words that start with  'm' and followed by 'z' and 'h' and end with  'm',m(?:azah[ei]|uzahi)m
words that start with  'm' and followed by 'z' and 'h' and end with  'mat',m(?:azaha|uzah)mat
words that start with  'mo' or 'mu' and followed by 'z' and end with  'r',m(?:ozar|uz[ir]r)
words that start with  'm' and followed by 'zta' and 'r' and end with  'b',muztar[ai]b
words that start with  'm' and followed by 'z' and 'm' and end with  't',m(?:[au]zamma|zzm|azama|azamu)t
words that start with  'na' and followed by 'e' or 'a' and end with  'l',Na [ae]hal
words that start with  'na' and followed by 'ch' and end with  'ki',na(?: ch|ch)aki
words that start with  'na' and followed by 'f' and 'r' and end with  'mani',na f[aeu]rmani
words that start with  'na' and followed by 'g' and 'z' and end with  'r',na(?: guzi| gazee|gzi|guzi|gazi|gazee)r
words that start with  'na' and followed by 'n' and 's' and end with  'fi',na [ai]nsaa?fi
words that start with  'na' and followed by 'man' and 'z' and end with  'r',na(?: ma(?:nzoo|zu)r|manz(?:oo|u)r)
words that start with  'na' and followed by 'm' and 'jo' and end with  'd',na m(?:au|o|a|ou)jood
words that start with  'na' and followed by 'm' and 'n' and end with  'sib',na m[aou]nasib
words that start with  'na' and followed by 'p' and 'e' or 'i' and end with  'dar',na pa(?:(?:idaa?|eda)|yeda)r
words that start with  'na' and followed by 'p' and 's' and end with  'nd',na(?: pasand|psand |(?:pasa| ps)nd|apsand|pa?snd)
words that start with  'na' and followed by 'q' or 'k' and end with  'bil',na(?: q| k|q|k)abil
words that start with  'nag' and followed by 'h' and end with  'ni',na(?: ?ehli|\-[ae]hli)
words that start with  'na' and followed by 'm' and 'z' and end with  'd',naa?mzad
words that start with  'na' and followed by 'z' and end with  'k',na(?:z(?:oo|u)|azu)k
words that start with  'na' and followed by 'd' and 'r' and end with  'sat' or 'st',nad[au]rusa?t
words that start with  'n' and followed by 'f' and end with  'rat',n(?:afratt?|ufrat|frat)
words that start with  'nag' and followed by 'w' and end with  'r',nag(?:awa|w)ar
words that start with  'nag' and followed by 'h' and end with  'ni',nag[ae]?hani
words that start with  'n' and followed by 'go' and end with  'ra' or 'da',n[ai]go[rd]a
words that start with  'na' and followed by 'g' and 'w' and end with  'r',naa?gwar
words that start with  'na' and followed by 'g' and 'w' and end with  'ri',naa?ga?wari
words that start with  'na' and followed by 'h' and 's' and end with  'a',nah[ou]sa
words that start with  'na' and followed by 'h' and 's' and end with  't',nah(?:oo|o|u)sat
words that start with  'na' and followed by 'j' and end with  'z',naja(?:ya|[ei])z
words that start with  'nakh' and followed by 'r' and 'b' and end with  'z',nakhr(?:ay ba|e b)az
words that start with  'nam' and followed by 'r' and end with  'di',nam[ou]radi
words that start with  'n' and followed by 'r' and end with  'z' or 'x',n(?:ara(?:az|[xz])|raa?z)
words that start with  'n' and followed by 'w' and 'k' or 'q' and end with  'f',nawa(?:ki|qi|ka|qa)f
words that start with  'n' and followed by 'd' and end with  'al',n[ai]dhaa?l
words that start with  'n' and followed by 'o' and 'u' and end with  'an',n(?:o|oo|u|uu)ha
words that start with  'n' and followed by 'k' and 'ch' and end with  'ra' or 'rha',n(?:ak|u)k charha
words that start with  'n' and followed by 'q' and end with  's',n[au]qs
words that start with  'n' and followed by 'q' and 's' and end with  'an',n(?:uqsaa?n|aqsan)
words that start with  'p' and followed by 'g' and end with  'l',paa?gal
words that start with  'p' and followed by 'b' and 'n' and 'd' and end with  'i',pab[au]ndi
words that start with  'p' and followed by 'aga' and end with  'l',paa?gal
words that start with  'p' and followed by 'g' and 'l' and end with  'pan',pa(?:agal pu|gal pa)n
words that start with  'p' and followed by 'g' and end with  'la',pa?gla
words that start with  'p' and followed by 'a' or 'e' and end with  'ch',p(?:a[iy]ch|ech)
words that start with  'p' and followed by 'ch' and 'd' and end with  'a',p(?:(?:ai|e)chee|aychi)da
words that start with  'p' and followed by 'ch' and 'd' and end with  'gi',p(?:(?:aicheda?|aicheed)gi|eche(?:dh?a|ed)gi)
words that start with  'p' and followed by 'sh' and 'go' and end with  'i' or 'e',p(?:esh(?:an go(?:yi|[ei])| goi)|aish goi)
words that start with  'p' and followed by 'r' and 'fr' or 'far' and end with  'b',p(?:(?:ur ?fare|urfarai)|ar frai)b
words that start with  'p' and followed by 'r' and 'sh' and end with  'n',(?:Pare|p(?:[ae]r|r[ey]))shan
words that start with  'p' and followed by 'r' and 'sh' and end with  'ni',p(?:are?shani|re?shani)
words that start with  'p' and followed by 'r' and 'sh' and end with  'n kun',p(?:ar(?:eyshaaan K|shan k)|reshan k)un
words that start with  'p' and followed by 'rl' and end with  'a' or 'y',p(?:arl[ae]|erla)y
words that start with  'p' and followed by 'ta' and end with  'ai' or 'yi',p(?:atay?|ita|itay)i
words that start with  'p' and followed by 'ch' and end with  'e' or 'y',p(?:eech(?:ay|e)|iche)
words that start with  'p' and followed by 's' and end with  'na',p(?:(?:ee|i)|e)sna
words that start with  'p' and followed by 'rw' and end with  'a' or 'h',p[ae]rwa
words that start with  'p' or 'f' and followed by 'as' and end with  'di',(?:ph|f)asdi
words that start with  'ph' and followed by 't' and end with  'na',ph(?:utt?na|atna|tna)
words that start with  'pho' and followed by 't' and end with  'na',ph(?:oo|uu|ou)tna
words that start with  'p' and followed by 'sh' and end with  'ab' or 'ap',p(?:eshaa[bp]|ishaab)
words that start with  'p' and followed by 'sh' and 'd' and end with  'a',p[ou]sh(?:i|ee)da
words that start with  'p' and followed by 'r' and 'jo' and end with  'sh',pur ?josh
words that start with  'p' and followed by 'ra' and end with  'na',p[ou]rana
words that start with  'qa' or 'ka' and followed by 'si' and end with  'r',(?:kaa?|qaa)sir
words that start with  'qa' and followed by 'ti' and end with  'l',(?:qaa?|kaa)til
words that start with  'q' and followed by 'be' or 'bi' and end with  'h',qab(?:ee|i)h
words that start with  'q' or 'k' and followed by 'a' and end with  'd',(?:ka[iy]d|qa[eiy]d)
words that start with  'q' and followed by 's' and end with  'ai' or 'ayi',(?:qasay?i|kasai)
words that start with  'q' and 'k' and followed by 's' and end with  'r',(?:kas(?:oo|u)|qasoo)r
words that start with  'qas' or 'kas' and followed by 'r' and 'wa' and end with  'r',(?:qas(?:oo|u)r waar|kasoor war)
words that start with  'q' or 'k' and followed by 't' and end with  'l',(?:qata?|kata)l
words that start with  'q' or 'k' and followed by 'z' and end with  'a',[kq]aziy?a
words that start with  'q' and followed by 'h' and end with  'r',q[ae]har
words that start with  'q' and followed by 'h' and 'r al' and end with  'ud' or 'od',(?:q(?:eher aloo|ahar alu)|kehar aloo)d
words that start with  'q' and followed by 'l' and end with  't',(?:killat|qil(?:att|l[ae]t))
words that start with  'q' and followed by 'am' and end with  'at',q(?:iy?|ay)amat
words that start with  'raf' and followed by 'ch' and end with  'kar',raf(?:u chak|o cha)kar
words that start with  'r' and followed by 'n' and end with  'di',r[au]ndi
words that start with  'r' and followed by 'n' and end with  'j',r[au]nj?
words that start with  'r' and followed by 'o' or 'u' and end with  'la',r(?:au|o)la
words that start with  'ri' or 're' and followed by 'ak' or 'a k' and end with  'ri',r(?:iy?akari|eakari)
words that start with  'r' and followed by 'hl' and end with  'at',r[ae]hlat
words that start with  'ri' and followed by 'ak' or 'a k' and end with  'ar',ri(?:a ka|ya k)ar
words that start with  'r' and followed by 'khn' and end with  'y',r(?:akhn(?:ay|e)|khne)
words that start with  'r' and followed by 's' and end with  'wa' or 'va',r(?:[ao]swa|us[vw]a)
words that start with  'sa' and followed by 'da' and 'lo',sa(?:ada lo|da l)oh
words that start with  's' and may followed by 'n' or 'm' and end with  'p',s(?:a(?:an|[mnp])|up)p
words that start with  'sa' and followed by 'z' and end with  'sh',sa(?:azi|z[ei])sh
words that start with  'sa' and followed by 'kh' and end with  't',sakha?tt?
words that start with  'sakh' and end with  'ti',sakha?ti
words that start with  's' and followed by 'n' and end with  'g',s[au]ng
words that start with  's' and followed by 'ng' and 'd' and end with  'l',s[au]ng dil
words that start with  's' and followed by 'r' and 'kash' and end with  'i',s[ai]r kashi
words that start with  's' and followed by 'r' and 's' and end with  'am',sar saa?m
words that start with  'sa' and followed by 'z' and end with  'sh',sa(?:azi|z[ei])sh
words that start with  'sa' and followed by 'z' and end with  'shi',sazi?shi
words that start with  'sh' end with  'k' or 'q',s(?:ai|e)laab
words that start with  'sh' and end with  'ki' or 'qi',shaa[kq]i
words that start with  'sh' and end with  'k' or 'q',shad(?:ee|i)d
words that start with  'sh' and followed by 'd' and end with  'd',shad(?:ee|i)d
words that start with  'sh' and end with  'k' or 'q',sh(?:a(?:(?:kk|q)|k)|[ku]k)
words that start with  'sh' and end with  'k' or 'q',sh(?:a(?:(?:kk|qq)|[kq])|uk)
words that start with  'sh' and followed by 'r' and end with  'm',sh(?:(?:(?:ara|r)|ar)m|er[ae]m)
words that start with  'sh' and followed by 'rm' and 'n' and end with  'da',sh(?:armi|rm[ei])nda
words that start with  'sh' and followed by 't' and end with  'ani',sh(?:a[iy]tani|etani)
words that start with  'sh' and followed by 'khi' and 'b' and end with  'az',sh(?:ekhi ba|okhi b)az
words that start with  'sh' and followed by 't' and end with  'an',sh(?:aitaa?n|etaa?n)
words that start with  'sh' and followed by 'ka' and end with  'yat',sh[ai]kayat
words that start with  'sh' and followed by 'k' or 'q' and end with  'wa' or 'va',shi(?:k[vw]|qw)a
words that start with  'sh' and followed by 'k' or 'q' and 'wa' or 'va' and end with  'sanj' or 'sanjh',shi(?:k(?:wah|va) sanj|qwa sanjh)
words that start with  'sh' and followed by 'o' or 'u' and end with  kh',sh[ou]kh
words that start with  'sh' and followed by 'o' or 'u' and end with  khi',sh(?:ukh?|okh)i
words that start with  'sh' and followed by 'l' and end with  'y',sh(?:ola|ule|ole)y
words that start with  'sh' and followed by 'o' and end with  r',sho(?:re?|[ou]r)
words that start with  'sho' and followed by 'r' and end with  'sh',shor[aeu]sh
words that start with  's' and followed by 'fak' and end with  'kana',s[ai]fakana
words that start with  's' and followed by 'ya' and end with  'h',s[ai]yah
words that start with  's' and followed by 'ya' and end with  'hi',s[ai]yahi
words that start with  'so' or 'sau' and followed by 'd' and end with  'a',s(?:au|o)da
words that start with  'so' or 'sau' and followed by 'd' and end with  'i',s(?:au|o)dai
words that start with  's' and followed by 'kh' and end with  'na',s(?:o(?:ok|kh)|ukh)na
words that start with  's' and followed by 'u' or 'o' and end with  'ka' or 'kha',s(?:ookh?|ukh)a
words that start with  's' and followed by 'u' or 'o' and end with  'r',s(?:oo|u)r
words that start with  's' and followed by 'ra' and end with  'kh',s[ou]rakh
words that start with  's' and followed by 'k' or 'q' and end with  'ut' or 'ot',s(?:ak(?:oo|uu)t|qot)
words that start with  's' and followed by 'n' or 's' and end with  'n',s[ou]saa?n
words that start with  's' and followed by 's' and end with  't',s(?:ustt?|us[as]t|oost)
words that start with  's' and followed by 's' and end with  'ti',s(?:ustt?i|us[as]ti|oosti)
words that start with  'ta' and followed by 'l' and 'ma' and 't' and end with  'ole' or 'ol',ta(?:al (?:matole|Matol)|l matole?)
words that start with  'ta' and followed by 'n' and end with  'e' or 'y',ta(?:an(?:ay|e)|nay)
words that start with  't' and followed by 'r' and another 't' and end with  'r',ta(?:ar ta|r ?t)ar
words that start with  't' and followed by 'b' and end with  'a' or 'ah',tab(?:ah|bah|baa|bha)
words that start with  't' and followed by 'ba' and 'k' and end with  'n',tabah k[iu]n
words that start with  't' and followed by 'ba' and 'h' and end with  'i' or 'e',t(?:abah(?:(?:ee|i)|e)|b[ab]ahi)
words that start with  't' and followed by 'b' or 's' and end with  'ra' or 'rah',t(?:abs(?:[ai]ra|rah)|bsara)
words that start with  't' and followed by 'fr' and end with  'k' or 'q',tafr(?:ee|i)q
words that start with  't' and followed by 'hl' and end with  'l',t(?:ehl(?:ee|i)|ahlee)l
words that start with  'ta' or 'te' and end with  'sh',t(?:ai|e|ey|ay)sh
words that start with  't' and end with  'z' or 'x',t(?:(?:e(?:zz|x)|ez)|aiz)
words that start with  't' and followed by 'z' or 'x' and end with  'i',t(?:(?:e(?:zz|x)|ez)|aiz)i
words that start with  't' and followed by 'jaw' and end with  'z',ta?jaw[au]z
words that start with  't' and followed by 'kab' and end with  'r',t(?:akab(?:b[au]|[au])|kabbu)r
words that start with  't' and followed by 'ka' and end with  'n',th?akaa?n
words that start with  'ta' and followed by 'k' and end with  'd',taa?k(?:i|ee)d
words that start with  'ta' and followed by 'kh' and end with  'r',takh(?:ee|i)r
words that start with  't' and followed by 'khf' and end with  'f',ta?khf(?:ee|i)f
words that start with  't' and followed by 'kk' and end with  'r',ta?kkar
words that start with  't' and followed by 'kl' and end with  'f',takl(?:ee|i|ea)f
words that start with  't' and followed by 'kl' and 'f' and end with  'da' or 'dah',takl(?:e(?:af dah|ef da)|if d(?:eh|a))
words that start with  't' and followed by 'kl' and 'f' and end with  'dehi' or 'dahi',takl(?:e[ae]f dahi|if d[ae]hi)
words that start with  't' and followed by 'kl' and 'f' and end with  'deh' or 'dah',takl(?:e(?:af d[ae]|ef de)h|if deh)
words that start with  't' and followed by 'kl' and 'f' and end with  'dena' or 'dana',takl(?:e(?:af da|ef de)na|if d[ae]na)
words that start with  't' and followed by 'kr' and end with  'na',takraa?na
words that start with  't' and followed by 'l' and end with  'kh',tala?kh
words that start with  't' and followed by 'l' and end with  'khi',tala?khi
words that start with  't' and followed by 'lm' and end with  'lana',t[ai]lm[ai]lana
words that start with  't' and followed by 'm' and 'skh' and end with  'r',tamaskh[aeu]r
words that start with  'tam' and followed by 'k' and end with  'nat',tama?k[ae]nat
words that start with  't' and followed by 'n' and 'z' and end with  'a',t[ai]naa?za
words that start with  't' and followed by 'nb' and end with  'i' or 'e' or 'h',tanb(?:ee|i)h?
words that start with  't' and followed by 'n' and end with  'g',t(?:angg?|ngg|ung)
words that start with  't' and followed by 'ng' and end with  'i',t(?:(?:angg?|ng)|ung)i
words that start with  'tan' or 'ten' and followed by 'ha' and end with  'i' or 'e',t(?:anha(?:y[ei]|[ei])|enhai)
words that start with  't' and followed by 'nq' or 'nk' and end with  'd',tan(?:ki|kee|qi|qee)d
words that start with  't' and followed by 'n' and end with  'z',t(?:(?:a?nz|a?n)|un)z
words that start with  't' and followed by 'nz' and end with  'ia' or 'ya',tanziy?a
words that start with  't' and followed by 'p' and 'ka' and end with  'na',t(?:pp?kana|ap(?:ak|ka)na)
words that start with  't' and followed by 'p' and 'k' and end with  'na',t(?:pakk?na|ap[ak]kna)
words that start with  't' and followed by 'ks' and 'qs' and end with  'm',t(?:(?:aqs(?:ee|i)|a(?:ks|x)ee)|uxee)m
words that start with  't' and followed by 'r' or 'd' and 'p' and end with  na',t(?:(?:a[dr]appn|a[dr]apn)|[dr]appn)a
words that start with  'ta' and followed by 'r' and end with  'ek' or 'ik',taa?r(?:ee|i)k
words that start with  't' and followed by 'r' and end with  'z',tar(?:ee|i)z
words that start with  't' and followed by 're' or 'ri' and end with  'q' or 'k',tar(?:ik|iq|ek)
words that start with  't' and followed by 'r' and end with  'q' or 'k',t(?:ar(?:a[kq]|[kq])|ra[kq])
words that start with  'tasa' and followed by 'd' and end with  'm',tasad[au]?m
words that start with  't' and followed by 'sh' and 'd' and end with  'd',tasha(?:du|da|dda)d
words that start with  't' and followed by 'sh' and another 'h' and end with  'r',tash(?:h(?:ee|i)r|eer)
words that start with  't' and followed by 'sh' and 'w' or 'v' and end with  'sh',tash[wv](?:i|ee)sh
words that start with  't' and followed by 'he' or 'hi' and end with  'n',(?:(?:touhee|toh(?:ee|i))|Tauhee)n
words that start with  'ta' and followed by 'va' or 'wa' and end with  'n',ta[vw]aa?n
words that start with  't' and end with  'sh',t(?:aye|e|ai)sh
words that start with  't' and followed by 'za' and end with  'd',t[ai]zaa?d
words that start with  't' and followed by 'z' and 'h' and end with  'k',t[ae]zh(?:ee|i)k
words that start with  't' and followed by 'h' and 'q' and end with  'r',t(?:[ae]hqee|haqi)r
words that start with  't' and followed by 'h' ad 'r' and end with  'k',t(?:ehr(?:ee|i)|ahree)k
words that start with  'te' and followed by 'o' or 'w' or 'v' and end with  'ri',te(?:[vw]a|o)ri
words that start with  'te' and followed by 'r' or 'd' and end with  'a',te(?:h[dr]|rh)a
words that start with  't' and followed by 'za' and end with  'b',te?zaa?b
words that start with  'th' and followed by 'k' and end with  'n',thak(?:a|u|aa)n
words that start with  'th' and followed by 'r' and 'k' and end with  'i' or 'y',t(?:h(?:ar(?:a?ki|key)|urkey)|arkki)
words that start with  'th' and followed by 'k' and end with  'r',th(?:o(?:ka(?:rr?|ar)|qar)|ukar)
words that start with  'th' and followed by 'k' and end with  'na',th(?:ok(?:(?:h?naa|h?na)|ana)|ukna)
words that start with  'th' and followed by 'ns' and end with  'na',th(?:oons(?:[as])?na|unsnn?a)
words that start with  'th' and followed by 'd' and 'r' and end with  'a',th(?:o(?:(?:raa?|da)|ura)|aura)
words that start with  'th' and followed by 't' or 'th' and end with  'a',th(?:a(?:utha\t|witha)|ot(?:(?:ha)?a|ha))
words that start with  't' and followed by 'h' or 'm' and end with  't',t(?:o(?:(?:hmath?|met)|hamat)|uhmat)
words that start with  't' and followed by 'f' and end with  'an',t(?:oo?fan|ufaa?n)
words that start with  't' and followed by 'o' or 'u' and end with  't',t(?:oo|ut|u)t
words that start with  't' and followed by 'ta' and 'h' and end with  'wa',T(?:oota Ho|uta H[ou])wa
words that start with  't' and followed by 'ta' and 'ph' and end with  'ta' or 'tha',T(?:oota Phooth?a|uta Phuth?a)
words that start with  't' and followed by 't' or 'n' and end with  'a',t(?:oo|u)tna
words that start with  't' and followed by 'r' or 'd' and end with  'a',to(?:r|rr|d)a
words that start with  't' and followed by 'r' or 'd' and end with  'na',to(?:r|rr|d)na
words that start with  'to' or 'tau' and followed by 's' or 'q' and end with  'shuda',t(?:ou|au|o)s(?:ee|i)q shuda
words that start with  't' and followed by 'k' and end with  'da' or 'ra',tuk[dr]a
words that start with  't' and followed by 'n' and 'z' and end with  'l',t[au]naz(?:ul|il|al)
words that start with  't' and followed by 'r' and end with  'sh',tur(?:a|u)sh
words that start with  'u' or 'o' and followed by 'd' and end with  's',(?:udaa?|odaa)s
words that start with  'u' or 'o' and followed by 'd' and end with  'si',(?:uda[as]si|odasi)
words that start with  'u' or 'o' and followed by 'd' and end with  'r',(?:udha|od[ah])ar
words that start with  'u' or 'o' and followed by 'd' and end with  'm',[ou]dh?am
words that start with  'u' or 'o' and followed by 'j' and end with  'r',(?:uj(?:(?:aa|u)|a)rr|oj[au]rr)
words that start with  'u' or 'o' and followed by 'j' and end with  'ra',(?:(?:ujarr|ujrr?)a|oja?rra)
words that start with  'u' or 'o' and followed by 'ks' and end with  'na',[ou]ksana
words that start with  'u' or 'o' and followed by 'ks' and end with  'ya',[ou]ksaya
words that start with  'u' or 'o' and followed by 'kt' and end with  'ya',(?:oa?ktaya|ukta(?:iya|ya ))
words that start with  'u' and followed by 'lat' and 'p' and end with  'at',ulat p[ua]lat
words that start with  'u' or 'o' and followed by 'lj' and end with  'n',[uo]ljh?an
words that start with  'u' or 'o' and followed by 'lj' and end with  'a',(?:uljh?aa|[Uo]ljha)
words that start with  'u' or 'o' and followed by 'lj' and end with  'na',(?:uljh?|oljh)ana
words that start with  'u' or 'o' and followed by 'lj' and end with  'o' or 'w',(?:uljhow|uljh?ao|oljhao)
words that start with  'u' or 'o' and followed by 'l' and end with  'u' or 'o',(?:ul(?:l(?:oo|u)|u)|ollu)
words that start with  'u' or 'o' and followed by 'lt' and end with  'a' or 'h',[ou]ltah?
words that start with  'u' and followed by 'd' or 'r' and end with  'ta',u(?:rr?ta|dta)
words that start with  'u' or 'o' and followed by 'ta' and end with  'r',(?:utaa?|otaa)r
words that start with  'u' or 'o' and followed by 'ta' and 'r' and end with  'na',(?:utaa?rna|otarna)
words that start with  'w' and followed by 'h' and 'm' and end with  'y' or 'i',(?:vehmy|w[ae]hmi)
words that start with  'wa' and followed by 'rd' and end with  't',Wa(?:arda|rd)at
words that start with  'w' and followed by 'ba' and 'm' and end with  'l',Wabaa?l
words that start with  'w' and followed by 'f' and 'a' and end with  't',w(?:afaa?|efaa)t
words that start with  'w' or 'v' and followed by 'rg' and 'la' and end with  'na',(?:(?:vergha|verga?)lana|w(?:ergha|arg)lana)
words that start with  'w' and followed by 'sw' and 's' and end with  'y' or 'i',waswas(?:ay|i)
words that start with  'w' or 'v' and followed by 'ra' and end with  'ni',(?:wee|v[ei])rani
words that start with  'w' or 'v' and followed by 'h' and end with  'm',(?:W(?:eh[au]m|ahm)|Vehm)
words that start with  'w' or 'v' and followed by 'h' and end with  'mi',(?:vehmi|w[ae]hmi)
words that start with  'w' and followed by 'sh' and end with  'i',w(?:[ae])?hshi
words that start with  'w' or 'v' and followed by 'ra' and end with  'n',[wv]eraan
words that start with  'w' or 'v' and followed by 'ra' and end with  'ni',(?:weraa?ni|verani)
words that start with  'yar' and followed by 'g' and 'm' and end with  'l',yarg(?:ha|a?)mal
words that start with  'z' and followed by 'b' and 'rd' and end with  'sti',(?:z(?:abe|ubu|b)|Zaba)rdasti
words that start with  'z' and followed by 'b' and end with  'o' or 'u' or 'n',z(?:ab(?:(?:oon|u)|oo)|boo)
words that start with  'z' and followed by 'h' and 'm' and end with  't',zah[aei]rdari
words that start with  'z' and followed by 'r' and 'aa' and end with  'b',z(?:air aab|ere? aa)b
words that start with  'z' and followed by 'kh' and end with  'm',zakh[ua]?m
words that start with  'za' and followed by 'l' and 'm' and end with  'l',zal(?:ee|i)l
words that start with  'z' and followed by 'l' and end with  'm',(?:xalim|zal[aiu]m)
words that start with  'z' and followed by 'h' and 'm' and end with  't',z(?:alza?|lza)la
words that start with  'z' and followed by 'r' and 'm' and end with  'r',zarr?ar
words that start with  'z' and followed by 'r' and another 'r' and 's' and end with  'ai',Zar(?:rar Rasaa?i|ar Rasai)
words that start with  'z' and contain two sub  s 'r' and one sub 'ras' and end with  'an',Zar(?:rar Rasaa?n|ar Rasan)
words that start with  'z' and followed by 'lza' and end with  'la',(?:z|x)ara?b
words that start with  'z' and followed by 'w' and end with  'l',zawaa?l
words that start with  'z' and followed by 'y' or 'd' and end with  'ti',z(?:(?:iyad?|iad)|ayad)ti
words that start with  'z' and followed by 'h' and 'm' and end with  't',z[ae]hmat
words that start with  'z' and followed by 'i' and end with  'd',zidd?
words that start with  'z' and followed by 'i' and end with  'di',zidd?i
words that start with  'z' and followed by 'l' and end with  't',zil(?:att?|l[ae]t)
words that start with  'zil' and followed by 't' and 'am' and and end with  'z',zillat am(?:ai|e)z
words that start with  'z' and followed by 'a' and end with  'a',z[ia]na
words that start with  'z' and followed by 'n' and 'k' and end with  'r',(?:zina ka|z[ai]nak)ar
words that start with  'z' and followed by 'n' and 'k' and end with  'ri',Z[ai]na Kaa?ri
words that start with  'zo' or 'zu' and followed by 'ma' and end with  'ni',z(?:o(?: ma|om)|u ma)ani
words that start with  'zor' and followed by 'r' and 'w' or 'v' and end with  'ar',zor(?: aw|a[vw])ar
words that start with  'z' and followed by 'rd' and end with  'r',z(?:ore?|ur)da
words that start with  'z' and followed by 'l' and end with  'm',zula?m
words that start with 'r'  and  followed by 'kh' ,r(?:ak(?:he(?:in|y)|ein)|khen)
words that start with 'sh'  and  followed by 'ru' or 'ro' ,sh(?:ur(?:oo|u)|ro?u)
words that start with 'a' and followed by 'g' and  end with' r' ,ag(?:ga|(?:[ae])?)r
words that start with 'k' and followed by one 'r'  and  end with 'n' ,k(?:ar(?:ei?n|yen)|erein)
words that start with 'k'  and followed by one 'r' in between,k(?:ar(?:ay|[ey])|ray)
words that start with 'li' or 'ly' and  end with 'e' or 'a',l(?:i(?:(?:yea|e)|ye)|ye)
words that start with 'le' or 'li' and  end with 'y' or 'h',l(?:e(?:yeh|a[hy])|iey)
words that start with 'd' optionally followed by another character  and  end with 'n' ,d[iea]?[iay]?n
words that start with 't' and followed by 'r'  and  end with 'h' or 'a' ,t(?:ar(?:(?:ha|ah)|h)|erha|ra)
words that start with 'tar'  and  end with 'n'  followed by 'ha',tarhaa?n
words that start with 'k'  and followed by 'rt' in between ,k(?:art(?:ai|[ey])|rtay)
words that start with 'chah' and  end with 'y' 'a' 'e' or 'n',chah(?:i(?:yen|ay)|eye|ya)
words that start with 'ch'  and followed by another 'h' or 'y' and  end with 'e' or 'y',ch(?:a(?:hiy|e)|a?ye)
"words that start with 'd',  followed by 'u'  and  'o' in between,  followed by 'sr'",do[ou]?sr[uo]u?n?
"words that start with 'ba','bh'  and  end with 'a','e','I'",b(?:ah[ei]|h(?:a[ei]|ia))
"words that start with 'ba','bh'  and  end with 'I' or 'a'  followed by 'y' or 'yy'",b(?:a(?:hiya|i)|hayya)
"words that start with 'm'  and  end with 't',  followed by one 'a' in between",m[at]?t?
"words that start with 'p'  and  end with 'x','z','g',  contain one or more 'l'",pl*[xzg]
"words that start with 'b',  followed by one 'h'  and  end with 't'",b(?:(?:aho|h)|oha)t
words that start with  'b'  and  end with 't',b(?:h(?:oo|u)|oa)t
words that start with 'bh'  and  end with 't',bh(?:oe?|au)t
words that start with 'b' and followed by one or two 'h' ,b(?:ah(?:th|ut)|hoat)
words that start with 'ba'  and  end with 't',bah(?:au?t|t)
words that start with 'b' and followed by one 'h' in between  and  end with 't',boh[oie]t
words that start with 'boha' and  and  end with 't',boha(?:at|th)
words that start with 'bo'  and  end with 't',bohu?t
words that start with 'farm' or 'frm' and  end with  'y',f(?:arm(?:ae)?y|rma?y)
"words that start with 'farm' or 'frm' and  end with 'a','e' ,'I'",farm(?:a(?:ye|[ei])|iya)
"words that start with 'fram', 'ferm' or 'farm' and  end with 'n'",f(?:r(?:amaai|maie)n|(?:(?:ermye|armay)|ermy)n)
words that start with 'f' or 'p'  and followed by 'may' in between,(?:f(?:armaaya|urmaye)|parmaye)
words that start with 'in'  and followed by one 's'  and  one 'b',in(?: s(?:[au])?b|sb)
"words that start with 'sh'  and  end with 'm',  followed by one 'r'",sh[ae]r[ae]m
"words that start with 'h'  and  end with 'y' or 'I',  followed by 'm' in between",h(?:amai|um(?:ay|ei)|(?:a?m|ma)y)
"words that start with 'k',  followed by one 'r'  and  end with 'u' or 'o'",k(?:[ae]ro|r[ou])
words that start with 'kh'  followed by one 'l'  and  end with 'n',kh(?:ailai|el(?:ai|e))n
"words that start with 'p'  and  end with 'a',  followed by one 'd'",p(?:ai|[ey])da
"words that start with 'kh'  and  end with 'sh',  followed by 'o' or 'a' in between",kh(?:(?:oa|u)|o)sh
"words that start with 's'  and followed by one 'h', and  end  ing with 'e' or 'I', not more than  four letters in total",sa(?:h[ei]|i)
words that start with 'k'  and  end with 'r' and followed by vowel in between,k(?:[aeu])?r
"words that start with 'k'  and followed by one 's', and  end  ing with 'y' or 'e'",k(?:ais(?:ay|e)|esy)
"words that start with 'm',  followed by one 'r'  and  end with 'I'",m(?:(?:a[iy]|e)|a?)ri
"words that start with 'nah'  and  end with 'I','e' or 'n'",nah(?:een|e|i)
words that start with 'nh'  and  end with 'n',nh(?:in?)?
words that start with 'th' or 't'  and  end with 'y' or 'I',t(?:h(?:ai|y)|ai|y)
"words that start with 'r'  and  end with 'y' , followed by one 'h'",r(?:ah(?:a[iy]|y)|ehe|hy)
"words that start with 'l'  and  end with 'I' or 'y' or 'h', followed by 'a' or 'e' in between",l(?:a[iy]|eh|y)
words that start with 's'  followed by one 'k'  and  end with 'y' or 'I',s(?:aktay|kt(?:ai|y))
words that start with 'hu'  and  end with 'a',hu(?:aa?|wa)
words that start with 'h'  and  end with 'va' or 'wa',h(?:o[vw]a|va)
words that start with 'de'  followed by  'kh' or 'k' and  end with 'na',de(?:ak(?:ha)?na|kha?na)
words that start with 'da'  followed by  'kh' and  end with 'na',da(?:ikh(?:ai)?na|khna)
words that start with 'd' and  end with 'khna',dy?khna
words that start with 'n'  followed by 'k' and  end  ing with 'I',n(?:a[iy]ki|[ey]ki)
words that start with 'aa' or 'ay' and  end with 'n' or 'a',a(?:aien|yaya)
words that start with 'a' and  end with 'I' or 'y',a(?:[ae]i|y)
words that start with 'a' or 'aa' and  end with 'e',a(?:ay|y?)e
words that start with 'm'  followed by 'hrb' or 'rb' in between,m(?:ehrbani|ahrbne|hrbani|arbani|hrbni)
words that start with 'ko'  and  followed by 'sh' or 's' inbetween and  end  ing with 's' or 'sh',kos(?:h(?:esh?|ish)|is)
words that start with 'j'  and followed by one 'g' and  end with 'a',jgh?a
words that start with 'jag' and  end with 'a' or 'h',jag(?:ah?|ha)
words that start with 'rah' and  end with 'y',rah(?:y?a)?y
"words that start with 'r' or 'rah' and  end with 'I','e' or 'y'",r(?:ah(?:ai|e)|hy)
"words that start with 'k'  and followed by 'k', 'n'  and  'r' in between",ha?mk[ia]?na?r
words that start with 'mj' and  end with 'a' or 'y',mj(?:h(?:a(?:ya)?|ey)|y)
words that start with 'muj' and  end with 'I' or 'h',muj(?:haih?|ai)
words that start with 'muj' and  end with 'e' or 'y',muj(?:ahay|he)
"words that start with 'l'  followed by 'a','e', or 'I'  and end with 'n'",l(?:ain|ai|en|y)
three or four letter words that start with 'do' or 'du' and  end with 'a',d(?:u(?:aa?|wa)|oa)
words that start with 'do' or 'du'  and  end with 'ein',d(?:ow|u)aein
words that start with 'dua' and  end with 'en' or 'in' ,dua(?:ye|i)n
"words that start with 'd'  and  end with 'ya',  followed by one 'n'",dun(?:i?y|i)a
words that start with 'chaht' ,chaht(?:a[iy]|[ey])
words that start with 't'  followed by 'y'  and  end with 'ar',t(?:[ai]y|ya)ar
words that start with 'w'  followed by 'es' or 'as' ,w(?:es(?:ai|y)|asie)
words that start with 'w' and  end with 'sa',w(?:ai)?sa
words thagt start with 'we' and  end with 'a',we[sx]a
"words that start with 'h'  and  end with 'r',  followed by 'e' ,'u' ,'a' in between",h(?:[aeu])?r
words that start with 'la' and  end with 'ty' or 'ay',la(?:ta|yt)y
words that start with 'lyt' and  end with 'I' or 'y',lyt(?:ai|y)
words that start with 'l' and  end with 'te',ly?te
words that start with 'zab' and  end with 'dast',zab(?:ar ?|bar)dast
words that start with 'zab'  followed by 'berd' or 'bard' and  end with 'st' or 'sth',zab(?:ardusth|erd[au]st)
words that start with 'zab'  and  one 'r'  followed by digit with and  end  ,zab(?:ar 10|rdast)
words that start with 'z' and  end with  'brdst',zu?brdst
words that start with 'bta' and  end with 'n',bta(?:ei|ye)n
words that start with 'bat' and  end with  'e' or 'n'  followed by  one 'I',bat(?:a(?:ein|yie)|yin)
"words that start with 'k'  and  end with 'c','s' or 'x',  followed by 'I' ",k(?:i[csx]|s)
words that start with 'me' or 'ma' and  end with 'e'  followed by  one 'r',m(?:ayr|ery)e
"words that start with 'mer' and  end with 'y','I' or 'e'",mer(?:a[iy]|e)
words that start with 'm'  followed by  one 'r' and  end with 'y' or 'e',m(?:aire|ry)
words that start with 'kami'  and  end with 'ab',kami(?:yab\t|ab)
words that start with 'mehn' and  end with 't',mehn(?:[au])?t
words that start with 'm'  followed by  'hn' and  end with 't',m(?:ahni|hn)t
words that start with 'm'  followed by 'nat'  and  end with 'a' or 'y',m(?:anatay|nat[ay])
"words that start with 'ga' or 'ge' and  end with 'e','a' or 'I'",g(?:a(?:ye|i)|ea)
"words that start with 'gy' and  end with 'a','y' or 'I'",gy(?:ay|a|i)
words that start with 'b'  followed by  'nan' and  end with 'y' or 'I',bnan(?:ai|y)
"words that start with 'banan' and  end with 'e','y'  ",banan(?:ey?|ay)
words that start with 'b' and  end with 'da',ba?da
words that start with 'b' and  end with 'ra',b(?:arr?a|ra)
words that start with 'her'  and  end with 'an',heraa?n
words that start with 'h' and  end with 'ran',h(?:ai|[iy])ran
words that start with 'k' or 'q' and  end with 'o'  followed by 'I',(?:kiu?o|q)
words that start with 'ky' and  end with 'n',kyun?
words that start with 'ki' and  end with 'un',kiy?un
words that start with 'b'  and  end with 'rosa',b(?:ha|a?)rosa
words that start with 'b'  followed by 'd' or 'r'  and  end with 'ao',b(?:harh?ao|adhao)
words that start with 'p'  and  end with 'ra',p(?:(?:oo|u)|o)ra
"words that start with 'p'  followed by 'r'  and  with 'e', 'a' or 'y'",p(?:oor(?:ay|e)|ur(?:ay|e))
words that start with 'h' muct followed by 'm'  and  end with 'sha',h(?:m(?:ai|y)|ume)sha
words that start with 'la'  followed by 'd' and  end with 'e' or 'y',la(?:ade|day)
words that start with 'l'  followed by  'r'  and  end with 'y' or 'I',l(?:urr(?:ay|ei)|rai
words that start with 'a'  followed by  'sh' or 'ch' and  end with 'a' or 'w',a(?:ccha|shaw)
words that start with 'a'  followed by  one 'h' and  end  ing with 'a' or 'e',a(?:ch[ae]|[sx]ha)
words that start with 'hoja' and  end with 'y',hoja[ea]y
"words that start with 'hoja' and  end  ing with 'I','e' or 'n'",hoja(?:ye(?:in)?|ie?)
words that start with 'de' and  end with 'kha',de(?:[ai])?kha
words that start with 'da' and  end with 'kha',da(?:[iy])?kha
words that start with 'd' and  end with 'kha',d(?:(?:hak|kh)|ykh)a
words that start with 'kh'  and  end with 'hish',kh(?:(?:awah|(?:ah|o))|uwah)ish
"words that start with 'k'  followed by 'ht'  and  end with 'a' ,'e' or 'y'",k(?:eht(?:ay|e)|a?hty)
"words that start with 'a'  followed by 'ja'  and  end with 'e','I' or 'y'",a(?:ajaye|ja(?:ye|[ei]))
words that start wit 'm' followed by 'sib'  and  end with 't',m(?:asibe?t|usib[ae]t)
words that start with 'h'  and  end with 'mat' with any number of 'm'  and  'a',h(?:emaa?t|imm?at)
words that start with 'v' or 'w'  and  end with 'sta',[wv]aa?sta
words that start with 'peh' and  end with 'e' or 'y',peh(?:aly|l[ey])
words that start with 'ph' and  end  ing with 'y' or 'a',ph(?:elay|al[ay])
words that start with 'e' or 'a'  and  end with 'tmad',[ea]i?tmad
words that start with 'b'  and followed by 'ta' and  end  ing with 'u' or 'o',ba?ta[uo]
words that start  and  end with any number of 'a'  and  'o' respectively  followed by a 'y' or 'w',a(?:yoo?|(?:[aw])?o)
"words that start with 'b'  followed by 'th'  and  end with 'I','y' or 'n'",b(?:e(?:athein|thai)|(?:atha|yth)y)
words that start with 'd'  followed by another 'd' in between  and  end with 'y' or 'n',d(?:ay dain|y dein|e day|ydn)
words that start with 'kh'  followed by 'lt' and  end  ing with 'y' or 'e',kh(?:ailt(?:ay|e)|elt[ey])
words that start with 'in' or 'an'  followed by  a 'll' and  end with 'h',(?:ansha allha|insallah)
words that start with 'a' or 'I'  followed by 'sh'  and  'll' and  end with 'h',in(?: sha |(?:(?:sha |nsh)|sha))allah
words that start with 'z' and  end with 'yada',z[aei]yada
words that start with 'z' and  end with 'da',z(?:ai|ya)da
words that start with 'x' or 'z'  and  end with 'da',(?:z(?:ea|[ay])da|xada)
words that start with 't' and  end with 'y'  followed by  one 'r',t(?:ayra|yr)y
words that start with 'ter'  and  end  ing with 'e' or 'y',ter(?:ay|[ey])
words that start with 'bh'  and  followed by 'la' in between,bh(?:alay?i|lae)
words that start with 'ko' and  end with 'm',koo?m
words that start  'qo' or 'qa'  and  end with 'm',q(?:(?:o[au]|o)|au)m
words that start with ' and '  and  end with 'r', and [ae]?r
words that start with 'mel' and  end with 'e' or 'y',mel(?:ay|e)
words that start with 'mil' and  end with 'y' or 'e',mil(?:yay|ay|e)
words that start with 'ist'  followed by one 'm'  and  end with 'l',ist(?:ama|e?m)al
words that start with 'su' or 'so'  followed by  'k' and  'r' and  end with 'ia' or 'ya',s(?:uke?ri|okrey)a
words that start with 'shokr' and  end with 'ya',shokre?ya
words that start with 'shkr' and  end with 'ia' or 'ya',shkriy?a
words that start with 'shuk' and  end with 'ria',shuk(?:[ae])?ria
words that start with 'shukr' and  end with 'ya',shukre?ya
words that start with 'shuk' and  end with 'a' or 'h',shuk(?:iriyaa|riyah?)
words that start with 'ch' and  end with 'x',che?e?x
words that start with 'che' and  end with 'z' or 'e',che(?:e(?:se|z)|az)
words that start with 'b'  followed by 'fi' and followed by 'k' or 'q'  and  end with 'r',b(?:(?:ayfik|yfiq)|efika)r
words that start with 'b'  followed by one 'z'  and  end with 'rg',f(?:a(?:(?:ie|[ey])|i)da|yda)
words that start with 'm'  followed by 'h'  and  'b'  and  end with 't',m(?:uhabb?at|oha?bat)
words that start 'jay',jay(?:ay|e)
words that start with 'ja' and  end with 'e' or 'I',ja(?:ei?|ie)
words that start with 'ta'  followed by one 'r'  and  end with 'f',ta(?:r(?:e[ae]|i)|ari)f
words that start with 'kh'  and  end with 'b',kh[ou][ou]?b
words that start with 'Is'  followed by 'me',is(?: mein|me)
words that start wit 'is'  followed by 'may',is(?: mayn|may)
words that start with 'is' and  end with 'n' or 'in' ,is(?: mai|m)n
words that start with 'm'  and  end with 'dad',ma?dad
words that start with 'da' and  end with 'khtay',da[iy]khtay
words that start with 'd' and  end with 'khte',de?khte
words that start with 'de'  followed by  'kht'  and  end with 'y',de(?:akhta|kht)y
four letter words that start wit 'sh' and  end with 'r',sh[ai]r
words that start with 'sh' and  end with 'r'  followed by  'e' or 'a' in between,sh(?:ae|ea)r
words that start with 'sha' and  end with 'r' or 'e',sha(?:ir|re)
words that start with 'tar' and  end with 'qi',tar[aq]qi
words that start with 'tarak' and  end with 'I',tarak(?:[ak])?i
words that start with 't' and  end with 'raqqi',ta?raqqi
words that start with 'ach' and  end with 'e',ach[hi]e
words that start with 'a' and  end with 'e' or 'I'  followed by  digit in between,a(?:chai|6e)
words that start with 'ach' and  end with 'y' or 'e',ach[ye]
words that start with 'ach' and  end with 'y',ach[ae]y
words that start with 'h'  followed by 'g'  and  end with 'e' or 'I',h(?:og[ei]|ugi|gi)
words that start with 'd'  and  end with 'ti',d(?:ay|[ey])ti
words that start with 'bh' and  end with 'ye' or 'ay',bh(?:oleay|uleye)
"words that start with 'bho' and  end with 'ye' or 'ay' , 'u'",bho(?:oliye|li(?:ay|ye))
words that start with 'fa' or 'fy'  and  end with 'da',f(?:a(?:(?:ie|[ey])|i)da|yda)
words that start with 'r'  followed by 'wa'  and  end with 'ya' or 'ye',r(?:uwa(?:eya|yye)|awaya)
words that start with 'tare' and  end with 'ka',taree?ka
words that start with 'tareek' and  end with 'y' or 'e',tareek[ye]
words that start with 'tariq' and  end with 'y',tariqa?y
words that start with 'tare' and  end with 'e' or 'y' mjst followed by  'eq',tare(?:eqe|q[ey])
words that start with 't' and  end with 'qa'  followed by  'ri' or 're',t(?:hare|a?ri)qa
words that start with 'p' or 'f'  followed by 'lan'  and  end with 'y',(?:ph(?:elana?|ilana)y|felanay)
"words that start with 'kh'  followed by 'sh'  and  end with 'I', 'y' or 'e'",kh(?:osh[ei]|ush[iy])
words that start wih 'es' and  end with 'e' or 'y',es(?:ay|[ey])
words that start with 'a' or 'I' and  end with 'y'  followed by  one 's',(?:aisa|isa?)y
words that start  and  end with 'a'  followed by  one 'la',a[al]la
words that start with 'a' and  end with 'a' or 'w'  followed by  one 'l' in between,a(?:a?law|wlaa)
words that start with 'k'  and  end with 'y' or 'e',k(?:i(?:y(?:ay|e)|ay)|eay)
words that start with 'm' or 'M'  followed by  'sha'  and  'allah',(?:Ma'sha'ALLAH|ma\-sha\-allah)
words that start with 'ma'  followed by  'sa' or 'sha' and  end with 'lah' or 'lh',ma(?:a sha alla|s(?:halla|sal))h
words that start with 'dyt' and  end with 'y' or 'I',dyt(?:ai|y)
words that start with 'da' or 'de' and  end with 'tay',d(?:(?:ay|e)|a)tay
"words that start with 'l'  followed by  'ki' ,'ke' or 'ka' and  end with 'n'",l[eai]k[iea]n
words that start with 'la' and  end with 'en' or 'in'  followed by  'k',la(?:kei|[iy]ke)n
words that start with 'alh'  followed by 'md'  and  end with 'lillah',alh[au]md[uo]lillah
words that start with 'm' must conain 'f'  and  end with 'd',m(?:uf(?:ee|i)|afee)d
words that start with 'h'  followed by 'as' many as  and  end with 'a',h(?:iss?a|esa)
words that start with 'j'  followed by 'og'  and  end with 'y',j(?:aw?ogay|wogy)
words that start with 'walikum'  and  followed by  'as' afterwards,walikum (?:as salam|Aslaam )
words that start with 'wa'  followed by  'kum'  and  'ass' in between,wa(?:\-aLikUm\-assLaM|lkumassalam)
words that start with 'w' and  end with 'salam',w\.?salam
words that start with 'walekum' or 'Walekum' and  end with 'lam' or 'lm',(?:(?:walekum asala?|walekumassala)|Walekumassala)m
words that start with 'walaikum' and  end with 'lam' or 'laam',walaikum(?: assal|us(?:sla|Sal))am
words that start with 'Wa'  followed by  'alikUm' ,Wa\-alikUm\-assLa(?:aM|m)
words that start with 'walikum' and  end with 'lam',(?:(?:walikum asa|walikum sa?)|Walikum sa)lam
words that start with 'p'  followed by 'h'  and  end with 'l',p(?:eha?l|a?hl)
words that start with 'As'  followed by  'lam'  and  end with 'kum' or 'kam',As(?:alam o aleku|lam o Al(?:aka|iku))m
words that start with 'ass'  followed by  'lam' and  end with 'kum' or 'km',ass(?:lam o aulaieku|alam(?: o aliyku|\-oaluk))
words that start with 's' or 'ss'  followed by  'lam' or 'lm' and  end with 'ikum',s(?:alam  alal|salm\-o\-ala)ikum
words that start with 'assalam' and  end with 'kum',as(?:salam(?: ualikum\t|uallaikum)|alamu alikum)
words that start with 'as'  followed by  'lam' and  end with 'ikum',as(?:salamo ala|alam al)ikum
words that start with 'um' and  end with 'ed' or 'id',um(?:(?:ee|i)|mi)d
words that start with 'o'  followed by  one 'm' and  end with 'id' or 'ed',o(?:umai|mee)d
words that start with 'kh'  followed by 'l'  and  end with 's',kh(?:uluss?|oloos|alus)
words that start with 'mubar' and  end with 'k',mubar[ia]k
words that start with 'mub' or 'mb' and  end with 'k'  followed by  'br',m(?:ubra?|broo)k
four letter words that start with 't' and  end with 'k',t(?:ea|hi)k
words that start with 'the' and  end with 'k',the[aei]k
words that start with 's'  followed by 'd' and followed by 'k' or 'q',s(?:ad(?:qay|ke)|dky)
words that start with 'b'  followed by 'n' and followed by 'I' or 'a'  and  end with 'a',b(?:anay|n(?:ay|i))a
words that start with 'n'  followed by 'm'  and  't' and  end  ing with 'n',n(?:(?:eematai|e(?:hmte|maty))|aimatei)n
words that start with 'hu'  followed by  'w' and  end with 'e' or 'y',huw(?:ay|e)
words that start with 'h'  followed by  'v' and  end with 'ay',h(?:ov|[uv])ay
words that start with 'mehs'  and  end with 's',mehs(?:o[os]s|us)
words that start with 'tauf' and  end with 'q',tauf(?:ee|i)q
words that start with 'tof' and  end with 'k' or 'q',tof(?:eek|feq|iq)
words that start with 'sum' or 'sm'  followed by  'jhay' and  end with 'e' or 'a',s(?:umjhaya|mjhaye)
words that start with 'samjha' and  end with 'I' or 'y',samjha(?:ya[iy]|ey)
words that start with 'm'  followed by 'z' or 'x'  and  end with 'd',m(?:az(?:ee|i)|(?:ax|z)ee)d
words that start with 'b' and  end with 'shumar',b[ae]?y?shumar
words that start with 'u' or 'o'  followed by 'mda',[uo]mdah?
words that start with 'p'  and  end with 'sh',p(?:a[iy]sh|[ey]sh)
words that start with 's'  followed by 'k'  and  'n' and  end with 'y',s(?:eek(?:hna|ne)y|ikhna?y)
words that start with 'int'  followed by 'za'  and  end with 'r',int(?:iza|e?z)ar
words that start with 'p'  followed by 'rh'  and  end with 'I' or 'e',p(?:erhyee|rha[ei])
words that start with 'b'  followed by 'n'  and  'ee' or 'aa',b(?:ana(?:(?:ye)?e|ayi)|nyaai)
words that start with 'beht'  followed by 'r'  and  end with 'n',beht(?:ar(?:ee|i)|ree)n
words that start with 'j'  and  end with 'sa',j(?:a[iy]sa|esa)
words that start with 'a' must cintain 'nkh'  and  end with 'I' or 'n',a(?:ankhein|nkh(?:ain|ei))
words that start with 'l' and followed by 'o'  and  end with 'g',lo[ua]?g
words that start with 'p'  and  end with 'r' with total three or four letters,p(?:urr?|(?:[ae])?r)
words that start with 'm'  followed by 'g'  and  end with 'r',m(?:ag[au]r|ge?r)
words that start with 'b'  followed by 'dl'  and  edn with 'I' or 'y',b(?:adlei|(?:adla|dl)y|edlay)
four letter words that start with 'd'  and followed by one 'n',d[uo]n[uo]
words that start with 'it'  followed by 'fa'  and  end with 'q',it(?:t(?:ifa|ef)aq|efaq)
four letter words that start with 'mo' ,mo(?:nh|un)?
four letter words that start with 'mu',mu(?:nh?)?
"words that start with 'k'  followed by 'rw'  and  one 'y' and  end with 'e','y', 'n'",k(?:arw(?:ayei?n|hy)|rwaye)
words that start with 'mang' and  end with 'e' or 'y',mang(?:ay|[ey])
words that start with 'z'  followed by 'r'  and  end with 'y' or 'e',z(?:ari?ye|r(?:ei|ie)y)
words that start with 'p'  followed by 'rh'  and  end with 'n',p(?:arh[ay]n|rhen)
words that start with 's'  followed by 'u' or 'w'  and  end with 'k' or 'q',s(?:h(?:o(?:wk|q)|auq)|oq)
words that start with 'smust' and followed by 'yas'  and  end with 't',s[ia]?yasa?t
words that start with 'rah' and  end with 'y' or 'e'  followed by  'hi',rahi(?:yey?|ay)
words thet start with 'r' and  end with 'yeh' or 'yei',r(?:ehyeh|hyei)
words that start with 'p'  followed by  'y' and  end with 'ar',p(?:aya|[ei]y)ar
four letter words that start with 'p' and  end with 'r',p[ye]ar
words that start with 'y'  followed by 'k' or 'q'  and  end with 'een',ya?[kq]een
words that start with 'sh'  followed by 'r'  and  end with 'f',sh(?:ar(?:ee|i)|ree)f
words that start with 'g'  followed by 're'  and  'bo',g(?:haree?bo|arebon|reebo)
words that start with 'd'  and  end with 'lat',d[oa][uw]?lat
words that start with 's'  and  followed by 'l' with and  end with 'k',s(?:al(?:oo|u)k|luk)
words that start with 'mz' or 'maz' and  end with 'dar',m(?:az(?:za|r)|zai)dar
words that start with 'mazed' and  end with 'r',mazedaa?r
words that start with 'dij' and  end with 'y',dij(?:iye|ea)y
words that start with 'dej' or 'dij' and  end with 'ye' or 'ee',d(?:ejye|ijiy)e
words that start with 'dej' and  end with 'yy' or 'e',dejiy[ey]
words that start with 'maz' and  end with 'ey' or 'iy',maz(?:zae|ai)y
words that start with 'maz' and  end with 'e',mazz?e
words that start with 'm' and  end with 'y'  followed by  'z' in between,ma?za?y
words that start with 'h' and  end with 'dayat',h[eai]dayat
words that start with 'mo' and  end with 'af' followed by  'k' or  'q' in between,mo[kq]af
words that start with 'm' and  end with 'qif' or 'qaf',m(?:ouqa|uaqi)f
words that start with 'tm' and  end with 'ry' or 'rai',tm(?:harai|ary)
words that start with 'tum' and  end with 'ea' or 'ay',tum(?:haray|area)
"words that start with 'k'  followed by 'j'  and  end with 'e','y','a'",k(?:e(?:(?:yjeay|ejye)|jiye)|ijiye)
"words that start with 'g' and followed by 'h','a','y'  and  end with 'b'",g(?:ha(?:ya|e)b|a?yab)
"words that start with 'I' or 'e'  and followed by 'rad' and  end with 'e','a','y'",[ie]rad[ea]y?
words that start with 'w'  followed by 'g' and  end with 'ra',w(?:agh?era|ga?ra)
words that start with 'naz'  followed by 'ri' or 're' and  end with 'a' or 'h',naz(?:r(?:eah|iya)|[az]ria)
words that start with 'j'  followed by with least one 'w' and  end with 'b',j[oa]ww?ab
"words that start with 'pak'  followed by 'rn' and  end with 'e','a','y'",pak(?:arnay|rn(?:(?:ea|y)|e))
words that start with 'ba' or 'bh'  followed by 'rhao',b(?:arhaoo?|harhao)
words that start with 'inho'  followed by another 'n' in between,inho(?:n(?:ay|e)| n[ey])
words that start with 'b'  followed by 'r'  and  end with 'hay',ba?rr?hay
words that start with 'aks'  followed by 'r'  and  end with 't',aks(?:ariya|r(?:ea|y))t
words that start with 'z'  followed by 'm'  and  'da'  and  end with 'ri',z(?:im(?:ayd|yda)ari|emadari)
words that start with 'b'  followed by 'l' and  end with 'nd',b[ou]la?nd
words that start with 'j' and  end with 'th'  followed by one or two 'o' in between,j(?:hoo?|oo)th
words that start with 'jh' and  end with 't',jh(?:oo|ut)t
"words that start with 'sa'  followed by 'l'  and  end with 'ht', 'th' or 't'",sa(?:holath|h(?:oolu|ula)t|ulaht)
words that start with 'g'  followed by  'l' and  end with 't',g(?:ala?t|lt)
words that start with 'ghal' and  end with 't',ghala?t
words that start with 'h'  followed by 'k' and  end with 'mat',h(?:(?:ak(?:oo|u)|ako)|uku)mat
words that start with 'zar' and  end with 'orat',zar[ro]orat
words that start with 'zar' or 'zr' and  end with 'th' or 'at',z(?:ar(?:orth|urat)|rorat)
"words that start with 'ko' and  end with 'e','I'",koy?[ei]
words that start with 'm'  followed by 'z'  and  'l' and followed by with least one 'o' or 'u' and  end with 'm',m(?:azz?loom|zl[ou]m)
words that start with 'd' and followed by 'u' or 'a'  and  end with 'r'  and  end with 'st' or 'sat',d(?:arusa?t|ur[au]st)
words that start with 'm'  followed by 'z'  and  end with 'k' or 'qw',m(?:(?:az)?zaq|azak|uzaq)
words that start with 'utha' and  end with 'y' or 'a',utha(?:ey|[iy])a
words that start with 'bay' and  end with 'e' or 'y',b(?:aych(?:ay|e)|ychy)
words that start with 'bech' and  end with 'e' or 'y',bech[ae]y?
words that start with 'p' and  end with 'yaray',pi?yaray
words that start with 'p'  followed by  'yar' and  end with 're' or 'ry',p(?:iyare|eary|yare)
words that start with 'chal' and  end with 'in',chal[ae]in
words that start with 'ch' and  end with 'y'  followed by  'l',ch(?:al|la)y
six letter words that start with 'chal' and  end with 'n',chal[ie]n
words that start with 'ch' and  end with 'lye',cha?lye
words that start with 'chal' and  end with 'ye',chal[ie]ye
words that start with 'b' and  end with 'k'  followed by  'l',ba?l k
words that start with 'balk',balk(?:eh?|ai)
words that start with 'kha'  followed by  'n' and  end with 'y',kha(?:an|na)y
"words that start with 'kha' and  end with 'nai','ne' or 'nye'",kha(?:an(?:ai|e)|nye)
"words that start with 'kah' and  end with 'y','e'",k(?:ahiay|ahi?ye|ehye)
"words that start with 'd' and followed by 'a','e','y','I'  and  end with 'na'",d[aeyi]y?na
words that start with 'kha'  followed by  't' and  end with 'I' or 'y',khaa?t[iy]
words that start with 'milt' and  end with 'e' or 'y',milt(?:a[ey]|e)
words that start with 'r'  followed by 'hn'  and  end with  'yi' or 'ye',r(?:ahnom(?:aye|yi)|ehnumayi)
words that start with 'bag' and followed by 'a' or 'e' and  end with 'r',bag(?:h(?:ai|e)r|er)
words that start with 'kar' and  end with 'n',kar(?:ye?|[ae]i)n
words that start with 'b'  followed by 'r'  and  'ha' and  end with 'y' or 'e',b(?:ar(?:rhaiye|hayay)|erhayae)
words that start with 'kam'  and followed by  'zor' or 'zur' in between,kamz(?:ore?|(?:oo|u)r)
words that start with 'sho'  and followed by  one 'r',ho(?:r(?:[er])?|or)
words that start with 'gh'  and  end with 's',gh(?:uss?|oss)
words that start with 'mar' and  end with 'y' or 'n',mar(?:ain|ein|a?y)
words that start with 'b'  followed by  'kt' or 'gt' and  end with 'y' or 'e',b(?:hu(?:gtay|kte)|ugtay)
words that start with 'muq' or 'maq' and  end with 'dar',m(?:uqadd?ar|aqadar)
words that start with  'q' and  end with 'm',q(?:(?:(?:o[ao]|u)|o)m|a[uw]m)
words that start with 'k' and  end with 'm',k(?:a[ou]m|om)
words that start with 'may' and  end with 's',may(?:oo?s|uu?s)
words that start with 'p' and  end with  'shani',p(?:(?:ar[ei]|ar)|er)shani
words that start with 'p'  followed by  'shan' with and  end  ,p(?:(?:ersha|arsh)n|r[ey]shan)
words that start with 'gh' or 'g'  followed by  one 'r'  and  end with 'b' or 'I',g(?:ha?reeb|areeb|rabi|arib)
words that start with 'g'  followed by  't' and  end with 'a',g(?:h(?:(?:attiya|atiy?)|utya)a|atiya)
words that start with 'g' and  end with 'pla',g(?:(?:h[au]|u)|h)pla
words that start with 'g'  followed by  two 'r's with any number of 'u'  and  'o' in between them,g(?:har(?:rooo|(?:oo|u))r|aroor)
words that start with 'd'  followed by  'kh' and  end with 'wa',d[ie]khl?awa
words that start with 'g' and  end with 'nah',g(?:(?:unn?|on)|hun)ah
words that start with 'sh'  followed by  one 'r'  and  end with 'm',sh(?:(?:(?:ara|r)|ar)|ere)m
words that start with 'ch' and  end with 'mcha',ch[au]mcha
words that start with  'b'  followed by  'g' and  end with 'rat' or 'ret' or 'rt',b(?:(?:egh(?:ai|e)ra|(?:eger[ae]|egra))t|ayg(?:h[ei]rat|yrat))
"words that start with 'b'  followed by  'g' ,'h',  and  'r' and  end with 'I'",b(?:aighair|ehgira)ti
words that start with 'zi' and  end with 'ti' or 'dti',zi(?:yad?ti|adti)
words that start with 'aa' or 'a' might followed by  'ns'  and  end with 'su' or 'soo' may followed by 'n',a(?:ns(?:oon?|un?)|a(?:s(?:oo|u)|nsu))
words that start with 'z' and  end with 'da' or 'dah',z(?:i(?:adah?|da)|(?:i[ay]a|y)da|aya?da)
words that start with 'z'  followed by  two 'r's in between and  end with 't',z(?:a(?:r(?:oo|u)|aro)rat|rort)
words that start with 'z' and  end with 'ri' and followed by  another 'r' in between,z(?:ar(?:oo|u)ri|r[ou]ri)
words that start with 'd'  followed by  'mag' of 'mak' may and  end with 'h',d(?:imagh|ama[gk]h|imag|emag|emgh|emg)
words that start with 'b' and  end with 'l'  followed by  'o' or 'u' in between,b(?:(?:h(?:oo|u)|ho)|oo)l
words that start with 'ch' or 'sh'  followed by  'ot',(?:chot(?:t?e|ay)|shotay)
words that start with 't'  followed by  'or' and  end with 'do',t(?:or(?:r )?|hoor)do
words that start with 'b'  followed by  'sub' or 'sab' in between,(?:aysabray|e(?:sabrai|\-subry))
words that start with 'm'  followed by  's'  and  end with 'kil' or 'kal' or 'kel',m(?:(?:(?:ushk[ai]|oske)|uski)|yshki)l
words that start with 'n' and  end with 'cha' ,n(?:e(?:cha|ech)a|icha)
words that start with 'd'  followed by  'y' or  'I' in between and  end with 'an',d(?:h(?:ey|[iy])an|yh?an)
words that start with 'b'  followed by  'cha' in between  and  end with 'ni',b(?:aychai|(?:echai?|ychai))ni
words that start with 'eh' or 'ah'  followed by  'sa' and  end with 'n',[ae]hsaa?n
words that start with 'g'  followed by  's' or 'ss' in between and  end with 'a' or 'ah',g(?:us(?:(?:sah|a)|sa)|h(?:uss?|oss)a)
words that start with 'g'  followed by  's' or 'ss' in between and  end with 'e' or 'y',g(?:huss(?:ay|e)|usa?y)
words that start with 'la' and  end with 'chi',laa?lchi
words that start with 'il' or 'el' and  end with 'ja' or 'jah',(?:il(?:ltajah|taja)|eltijah)
words that start with 'mag'  followed by  'g'  and  two 'r's,mag(?:hr(?:oo|u)r|rur)
words that start with 'bad' or 'bd'  followed by  'ni' or 'ne' or 'ny' before and  end  ing with 't',b(?:ad(?:-niya|(?:n(?:ee|i)| ni)y)at|dnyaat)
words that start with 'a' or 'o'  followed by  'k' and  end with 'at',(?:a[ou]kaat|okaa?t)
words that start with 'g'  followed by  'l' in between and  end with 'ti' or 'ty',g(?:(?:a?la|a?l)ti|h(?:alt[iy]|lati|ulti))
"words that start with 'b'  followed by  'char' and  end with 'I', 'e' or 'y'",b(?:aychari|echar[eiy]|ichari)
words that start with 'kh'  followed by  'la' and  end with 'af' ,kh(?:(?:ilaa?|ela)|alaa)f
words that start with 'ga'  followed by  'li' and  end with 'an',ga(?:aliy?an|liy?an)
"words that start with 'd'  followed by  'rn' and  end with 'a' ,'e' or 'y'",d(?:h(?:arnaa?|erna)|a(?:hrna|rny))
words that start with 'm'  followed by  'jb' and  end with 'ri',m(?:ajboo?ri|jb[ou]ri)
words that start with 'I' or 'e'  followed by  'z' and  end with 't',(?:(?:izaa?|izza)t|ez(?:ath|zat))
words that start with 'adh' and  end with 'ri',adh(?:oo?ri|uu?ri)
words that start with 'b'  followed by  'g' and  end with 'er' or 'ir',b(?:(?:(?:ag(?:hei|e)|aghe)|agh?ai)|eghai)r
words that start with 'sh'  followed by  't' and  end with 'an',sh(?:aitaa?n|etan)
words that start with 'm'  followed by  'nh' and  end with 's',m(?:(?:anhoo|(?:anhu|nhus))|unhoo)s
words that start with 's'  followed by  'fa' and  end with 'rish',s[iea]faa?rish
words that start with 'hat'  followed by  'y' and  end with 'ar',hath?yaa?r
words that start with 'kh' and  end with 'f',kh(?:(?:(?:oo|au)|o)|ua)f
words that start with 'ka' and  end with 'ti'  followed by  'np' or 'mp' in between,ka(?:npa?|amp)ti
words that start with 'mart' and  end  t with 'y' or 'I',mart(?:a[iy]|ei|y)
words that start with 'b'  followed by  'r' in between and  end with 'a',b[ou]rr?a
words that start with 'ch' followed by  another 'h' in between and  end with 'e' or 'y' or 'a',ch(?:(?:a(?:hi?y|y)|iy)e|a(?:hie|ey)|eiye|iay|yia|hye|ia)
words that start with 'b' and  end with 'zat' or 'zatt',b(?:eiz(?:att?|zat)|ayizat)
words that start with 'b'  followed by  'z' or 's' in between and  end with 'ti' or 'tii',b(?:is(?:sti|t)i|e ?izti)
words that start with 'zal' and  end with 'l',zal(?:ee|i)l
words that start with 'r'  followed by  's' in between and  end with 'va' or 'wa',r(?:aswa|us[vw]a)
words that start with 'tanq' and  end with 'd',tanq[ie]e?d
words that start with 'g'  followed by  'si' or 'se' in between and  end with 'ta',g(?:has(?:ee|i)ta|asseta)
words that start with 'm'  followed by  'z' or 'j' in between and  end with 'k' or 'q',m(?:a(?:z(?:a(?:aq|k)|zak)|jak)|zak)
words that start with 'gad' and  end with 'e' or 'y',gadh[ae]y?
words that start  and  end with 'u'  followed by  'll' in between,uu?llu
words that start with 'kam' and  end with 'e' or 'y'  followed by  'n' in between,kam(?:een(?:ay|e)|inay)
words that start with 'ba'  followed by  'me' in between and  end with 'ez',ba(?:dtamee?z|t(?:am|me)ez)
words that start with 'gh' and  end with 'r' followed by  'o' or 'u' in between,gh(?:a[ou]r|or)
words that start with 'maqs' and  end with 'd',maqsadd?
words that start with 'la'  followed by  'n' in between and  end with 't',la(?:ana?t|n(?:na|[au])t)
words that start with 's' or 'z'  followed by  another 'z' in between and  end with 'ish' or 'esh',[sz]az[ie]sh
words that start with 'k' or 'q'  followed by  'as' in between and  end with 'r',[kq]as(?:oo|o|u)r
words that start with 'n'  followed by  'ya' in between and  end with 't',n(?:iyaa?|eeya)t
words that start with 'pha'  followed by  one 'n' in between and  end with 's',pha(?:ans|ss?|ns)
words that start with 'bad'  followed by  one 't' in between and  end with 'r',bad(?:dta|t[ae])r
words that start with 'b'  followed by  'ad' in between and  end with 'bi,b(?:ayada|eada?)bi
words that start with 'b'  followed by  'wa' in between and  end with 'uf' or 'of',b(?:aywaqoo|(?:(?:ewa(?:qoo|ku)|ewaqo)|ewakoo))f
words that start with 'm'  followed by  'n' in between and  end with 't',m(?:inn?at|enut)
words that start with 'b'  followed by  'kw' or 'qw' in between and  end with 'as',b(?:a(?:kwa(?:aa)?|qwa)s|kwas)
words that start with 'za'  followed by  another 'a' with and  end  ,za(?:y|i|iy)a
words that start with 'm'  followed by  'f' in between and  end with 'I',m(?:aa?|ua)fi
words that start with 'tak'  followed by  'le' in between and  end with 'f',takle(?:[ae])?f
words that start with 'im'  followed by  one 't' in between and  end with 'an',imt(?:ehaa?|iha)n
words that start with 'af' and  end with 's',afs(?:(?:oo|u)|o)s
words that start with 'b'  followed by  'h' in between and  end with 'd',b(?:ehadd?|ayhud)
words that start with 'nala' and  end with 'k' or 'q',nala(?:ya[kq]|i[kq])
words that start with 'ud'  followed by  'as' and  end with 'I',uda(?:sii?|asi)
words that start with 'm'  followed by  'z' in between and  end with 'aj' ,m(?:izaa?j|azaj)
words that start with 't'  followed by  'b' and  end with 'a' or 'h',t(?:aubah?|o(?:oba|bah?))
words that start with 'nu'  followed by  'k' or 'q' and  end with 'an',nu[kq]saa?n
words that start with 'aaf'  followed by  't' and  end with 'y' or 'n',aafat(?:[ae]in|y)
words that start with 'ki' or 'qi'  followed by  's' and  end with 'm',(?:qisa?m|kis[ai]m)
words that start with 'beh' and  end with 'sh',beh(?:(?:oo|u)|o)sh
words that start with 'bh'  followed by  'k' and  end with 'y' or 'e',bh(?:o(?:oka|k)y|uke)
words that start with 'be' or 'ba'  followed by  'man' and  end with 'I',b(?:(?:ey?i|ey)|ayi)mani
words that start with 'mag' or 'mug'  followed by  'f'  and  'r' in between and  end with 't',m(?:aghfira|ughfr[ar])t
words that start with 'p'  followed by  's'  and  'n' in between and  end with 'd',p(?:asa?|sa)nd
words that start with 'kanj' and  end with 's',kanj(?:oss?|(?:oo|u)s)
words that start with 'zi'  followed by  'd' and  end with 'ti',zi(?:yad?|ada)ti
words that start with 'b'  followed by  'r'  and  'd' and  end with 'shth' or 'sht',b(?:ardashth?|urdasht|rdasht)
words that start with 'e' or 'a'  followed by  'tj' and  end with 'aj',[ae]htjaa?j
words that start with 'int' and  end with 'hai',int[ae]hai
words that start with 'kh'  followed by  't' and  end with 'm',kh(?:ata|ta?)m
words that start with'b'  followed by  'ch'  and  'g' in between and  end with 'na',b(?:ech(?:ag|gh)ana|achgana)
words that start with 'faz' or 'fuz' and  end with 'l',f(?:(?:az(?:oo|u)|azo)|uzu)l
words that start with 'b' followed by  'rb' and  end with 'd',b(?:arbaa?d|rbad)
words that start with 'ghis'  followed by  'p' and  end with 'ti',ghis(?:si pit|i p(?:ha|i))ti
words that start witg 'sh' and  end with 'k',sh[au]kk?
words that start with 'zul' and  end with 'm',zul(?:[au])?m
words that start with 'zi'  followed by  'd' and  end with 'I' or 'y',zid(?:d[iy]|[iy])
words that start with 'bh'  followed by  'r' or 'd' in between and  end with 'ka',bh(?:a[dr]|er)ka
words that start with 'adh' and  end with 'ra',a(?:aadhu|dh(?:oo|u))ra
words that start with 'k' or 'c'  followed by  't' and  end with 'putli',(?:cuth?|kath)putli
words that start with 'ru' or 'ro'  followed by  'la' and  end with 'y' or 'e' ,r(?:ulan(?:ay|e)|olanay)
"words that start with 'kam' followed by  'n' and  end with 'I' , 'e' or 'y'",kamin(?:e[ey]|i)
words that start with 'bayg' or 'beg'  and  end with 'na' or 'nah',b(?:aygun|eg(?:un|o))nah
words that start with 'ch'  followed by  'r'  and  end with 'se' or 'si',ch(?:ars(?:ee|i)|ursee)
words that start with 'falt' and  end with 'o' or 'u',falto(?:oo|u)
words that start with 't'  followed by  'm' and  end with 'z',t(?:am(?:ee|i)z|mz)
words that start with 'bura' and  end with 'yan',bura(?:yi|[ei])yan
words that start with 'bek' or 'bayk' and  end with 'ar',b(?:aykaa|ekaa?)r
words that start with 'ru' or 'ro'  followed by  'kaw' and  end with 't',r(?:ua?kawat|okawat)
words that start with 'gham' or 'gam'  followed by  'b' and  end with 'ir' or 'er',g(?:ambh(?:ee|i)|hambhi)r
words that start with 'm'  followed by  'zd' and  end with 'ur' or 'or',m(?:azd(?:oo|u)|uzdu)r
words that start with 'g' and  end with 'flat',gh?aflat
words that start with 'd'  followed by  'j' and  end with 'a' or 'n',d(?:haji(?:yan|a)|ihjia)
words that start with 'm' and  end with 'f',m(?:a[af]|ua)f
words that start with 'g'  followed by  'ta' and  end with 'khi',g(?:hu|[ou])stakhi
words that start with 'bad'  followed by  's'  and  end with 'rat',bads(?:oo|u)rat
words that start with 'taw' or 'tav' and  end with 'z',ta(?:v(?:(?:iz[ou]|eex)|iz)|weez)
words that start with 'ku'  followed by  't' and  end with 'e' or 'y',kut(?:t(?:ay|e|y)|[ey])
words that start with 'mo'  followed by  'k' or 'q' in between and  end with 'f',mo(?:qa|ki)f
words that start with 'bera'  followed by  'ghar' or 'gar' and  end with 'k' or 'q',bera(?:ghar(?:ak|q)|hgarq)
words that start with 'maf' or 'muf'  followed by  'ad'  and  'par' in between and  end with 'st' or 'sth',m(?:afaad par(?:sth|ast)|ufaad parast)
words that start with 'khudg' and  end with 'rz',khudg(?:hara?z|arz)
words that start with 'nik'  followed by  'mm' in between and  end with 'I' or 'y',nikamm(?:ey|[iy])
"words that start with 'd'  followed by  'sh'  and  't' and followed by 'gr' or 'gar' and  end with 'di','do' or 'don'",d(?:ehs(?:h(?:at[ h]gardi|atga?rdo|t gardi)|at gardon)|a(?:hshatgardo|sht gard))
words that start with 'g'  followed by  'd' and  end with 'r' or 'ri',g(?:h(?:ad(?:darri|a(?:ari|r))|dar)|addar)
words that start with 'bd' or 'bad'  followed by  'q' or 'k' in between and  end with 'mati',b(?:adki|d(?:qa|ki))smati
words that start with 'na'  followed by  'eh' or 'ah' and  end with 'li',n(?:na e|a(?: [ae]|e))hli
words that start with 'darp' and  end with 'k',darp(?:hoo|oo?)k
words that start with 'a'  followed by  'm' and  end with 'yat' or 'yath',(?:a(?:imiyath?|hemiyat)|a?ehmiyat)
"words that start with 'jh'  followed by  't' and  end with 'a', 'e' or 'y'",jho(?:tey|ot[ae]|uta|te)
"words that start with 'a', 'o' or 'u'  followed by  'l' and  end with 'ad'",(?:oulado|aulaad|ulaad|ulad|olad)
words that start with 'm'  followed by  'n'  and  'f' in between and  end with 'qat',m[uao]nafaqat
words that start with 'bim' or 'bem' and  end with 'r' or 'ri',b[ei]ma(?:ar|ri)
four letter words that  start with 'm' and  end with 't' or 'th',m(?:oth?|o[au]t|aut)
words that start with 'p'  followed by  'ng' and  end with 'a' or 'y'  ,p(?:unga?y|anga)
words that start with 'sa'  and  end with 'I',sah?i
words that start with 'b'  and  end with 't' and followed by one or many 'a',b(?:aa)?t
"words that start with 'k'  and  end with 'a', may cotntain 'I' or 'y'",k(?:i?y|i)a
words that start with 'j' or 'g'  and  may and  end with 'e',(?:(?:ge|j)e|g)
words that start with 'w'  and followed by  one 'h' or 'a' or both,w(?:aa?h|ha)
words that start with 'l'  and followed by 'kh',l(?:ikh(?:ee|i)|ekhi)
words that start with 'kh'  and followed by 'biya',kh(?:oobiyan|ubiyan?)
words that start with 'itn' ,itn(?:ee|i)
three or two letter words that start with 'h'  and  end with 'm',h(?:[au])?m
words that start with 'a'  and  end with 'n'  followed by one 'm',am(?:(?:ee|i)|e)n
words that start with 'ye'  and  end with 'h' or 'a',ye(?:ah|h)?
words that start with 'n'  followed by one 'y'  and  end with 'I',n(?:a(?:yi|[hi])i|y?i)
words that start with 'k'  followed by one 'r'  and  end with 'e' or 'y',k(?:ar(?:e?y|ay|e)|ry)
words that start with 'I' or 'e'  and  end with 'f' with one 'ns' in between,[ei]nsaa?f
words that start with 'a' or 'e'  and  end with 'y' or 'e'  followed by one 's' in between,a(?:esey?|is(?:ey?|ay))
words that start with 'th'  and  end with 'k',th(?:ee?k|ik )
two or three letter words that start with 'h'  and  end with 'I' or 'y',h(?:ai|[ey])
words that start with 'ko'  and  end with 'I' or 'e' ,ko(?:y(?:ee|i)|i)
words that start with 't'  and followed by 'o' or 'u' ,t(?:oh?|au)
words that start with 'y'  and  end with 'r' with as many 'a' in between,y(?:a(?:aaa)?r|r)
words that start with 'l'  and  end with 'g' with vowels in between,h(?:ai|[ey])
words that start with 'b'  followed by one 'h'  and  end with 't',b(?:oh[au]t|hu?t)
words that start with 'reht',r(?:ehta(?:aaa)?|ahta)
three or four letter words that start with 'k'  and  end with 'a',k(?:(?:i?y|i)|ay)a
words that start with 'kh'  and  end with 'b',kh(?:o[ou]b|ub)
words that start with 'b'  followed by 'h'  and  end with 'I' or 'e',b(?:ahi|ha[ei])
words that start with 'p'  and followed by 'd' or 'r',p(?:ar|[dr])a
three or two letter words that start with 'h'  and  end with 'k' or 'q',ha?[kq]
words that start with 'a' 'e' or 'I'  and  end with 'k',(?:(?:a[ei]|ei|i)|[ae])k
words that start with 'j'  and followed by one 'sa' or 'se' in between,ja(?:is(?:ey?|ay)|sa)
words that start with 'm' or 'moo' and  end with 'k',m(?:o(?:obari|bara)k|brk)
words that start with 'mubar' and  end  ing with 'k',mubar[ia]k
words that start with 't'  and followed by 'ra' ,t(?:ai?ra|erah?)
words that start with 'k' or 'q'  and  end with 'r',[kq]a?r
words that start with 'is'  and  end with 'e' or 'y',is(?:sa[ey]|e?y|e)
words that start with 'a'  and followed by 'dm',aa(?:dm(?:ee|i)|admi)
three or two  letter words that start with 'm'  and  end with 'y',m(?:e(?:in|i|y)|a[iy]|y)
words that start with 'a' or 'o'  and  end with 'r',[ao]u?r
words that start with 's'  and followed by 'mjha',s(?:amjhaa?|mjha)
words that start with 'b' or 'bh'  and  end with 'I' or 'e',b(?:h(?:ee|i)|e)?
words that start with 'sh'  followed by 'r' in between,sh(?:ooroo|ur(?:oo|u))
words that start with 'd'  and followed by one 't',d(?:ait(?:ay|e)|et(?:ey?|ay))
words that start with 'b'  and followed by one 'na',b(?:na(?:aa)?|ana)
words that start with 'yah' ,yah(?:ee?|i[en]?)
words that start with 'hon',hon(?:ea?|a[iy])
words that start with 'bal'  and followed by one 'k',bal(?:k(?:(?:e?|a)y|e)| ke)
words that start with 'r'  and  end with 'a' with with least one 'h',ra?ha
words that start with 'l'  and followed by one 'n'  and  end with 'e' or 'y',l(?:ain(?:ey?|ay)|ene)
words that start with 'l'  and followed by one 'g'  and  end with 'I' or 'y',l(?:agii?|g[iy])
words that start with 'kart' ,kart(?:ey?|a[iy])
words that start with 'p'  and followed by one 'r' and  end with 'I',p(?:arh?i|ri)
words that start with 'wo',wo[ha]?
three or four words that start with 'h'  and  end with 'a',h[uo]w?a
words that start with 's' and followed by one 'r'  and  end with 'f',si?ra?f
words that start with 'j'  and followed by one 'g'  and  one 'h',j(?:a(?:gah?|hga)|ga)
words that start with 'j'  and  end with 'b' or 'bh',j(?:bh?|[au]b)
words that start with 'ga'  and followed by 'e' or 'y',ga[ey]e?
words that start with 'p'  and followed by 'hl' and  end  ing with 'e' or 'I',p(?:ehl(?:ee|i)|ahli)
words that start with 's' and followed by 'e' 'a' or 'y',s[eay]y?
words that start with 'm'  followed by 'e' 'a' or 'I',m(?:e(?:in|i|y)|a[iy])
words that start with 'l' and  end with 'rkee',la?rkee
words that start with 'l'  followed by 'd' or 'r'  and  end with 'ki',l(?:a[dr]ki|rki)
words that start with 's'  and  end with 'b'  followed by  vowels in between,s(?:[au])?b
words that start with 'hot' and followed by 'e' or 'a',hot(?:ey?|a[iy])
words that start with 's'  and  end with 'th',s(?:aa?th|th)
words that start with 'karan' and followed by 'a' or 'e',karan[ae]y?
words that start with 't'  and  end with 'k',t(?:[au])?k
words that start with 'p'  and followed by 'ch' and  end  ing with 'y' or 'e',p(?:eechay|ich(?:ay|e))
words that start with 'h' and followed by 'o' or 'u',h(?:u?n|on|u)
words that start with 't' and followed by 'a' 'o' or 'u' and  end  ing with 'r',t(?:au|[ou])r
two or three letter words that start with 'h'  and  end with 'r',h(?:[ae])?r
words that start with 'hon'  and  end with 'e' 'y' or 'I',hon(?:a[iy]|e)
words that start with 'g'  and  end with 'r',g(?:ha?r|r)
words that start with 'gay' ,gay(?:ee?|ii)
words that start with 'g' and  end with 'I',g[ay]i
words that start with 'apn',apn(?:ey?|ay)
words that and  end with 'lawa',[ie]lawah?
words that start with 'd'  and followed by 'kha',d(?:eekhaye|ikha(?:ey|ye))
words that start with 'l' and  end with 'kin',l[ae]kin
words that start with 'l'  followed by one 'k'  and  end with 'n',l(?:aiki|k)n
words that start with 'm'  and  end with 'la',m(?:ey?|ai)la
words that start with 'a' or 'e'  and  end with 'ham',(?:a[ei]ham|eham)
words that start with 'zar'  and  end with 'ye',zar(?:ie?|ei)ye
words that start with 'la' and  end with 'I',lay?i
words that start with 'la' and  end with 'I' or 'e',la(?:ayii|y(?:ee|ii))
words that start with 'dilch'  and  end with 'sp',dilch[aeu]sp
words that start with 'na' and  end with 'a' 'h' or 'w',na(?:a[hw]|a|w)?
words that start with 'mil' and  end with 'y',mil[ae]y
words that start with 'm'  followed by one 'l'  and  end with 'y' or 'e',m(?:eelay|ile)
words that start with 'a'  and  end with 'r',a(?:s[ae]r|xr)
words that start with 'ais' ,ais(?:ey?|ay)
words that start with 'qasm',qasm(?:ai?y|ey?)
words that start with 'a'  and  end with 'p',a(?:pp?|ap)
words that start with 'b'  followed by 'h'  and  end with 't' and followed by one or many 'a',b(?:o(?:ha)?t|uha?t)
words that start with 'p'  followed by 'kb'  and  end with 'z',p(?:a(?:akba|kb)az|kbz)
words that start with 'ch'  and  end with 'ti',ch(?:a(?:a?h|a)ti|hti)
 two letter words that start with 's' or 'c',(?:s[ei]|c)
words that start with 'p'  followed by 'r'  and  end with 'I',p(?:arr?i|rh?i)
words that start with 'a'  followed by 'kh'  and  end with 'r',a(?:kh(?:ee|i)|akhi)r
words that start with 'w' and  end with 'ol'  followed by  's' ,w(?:asooo?l|sool)
words that start with 'wasu' and  end with 'l',wasuu?l
words that start with 'ja'  followed by 'e' or 'I' in between,ja(?:y(?:ii|e)|en)
two or three letter words that start with 'd'  and  end with 'e' or 'y',d(?:ay|[ey])
words that start with 'ka'  followed by  'mi' and  end with 'ab',ka(?:amie?ab|miab)
words that start with 'k'  followed by 'm'  and  'ya' and  end with 'b',ka(?:amiya|my)ab
words that start with 'rakh' and  end with 'e' 'y' or 'n',rakh(?:ien|en|ay|e)
words that start with 'sh'  followed by  'y' and  end with 'd',sh(?:aya|ya?)d
words that start with 'shi'  and  must and  end with 'd',shiy?ad
words that start with 'chah' and  end with 'e',chah(?:iey|ea)e
words that start with 'chah'  and  end with 'ye',chah[ie]ye
words that start with 'p' and  end with 'yari',pa?yari
words  that start with 'p'  and followed by 'yare',p(?:ayare|yar)ee
words that start with 'd'  and  end with 'kh',d(?:ai|[ei])kh
words that start with 'kh'  and  end with 'wab',kha?wab
three letter words that start with 'k' and  end with 'a',k[iy]a
four words that start with 'k' and  end with 'ya' ,k[ia]ya
three letter words that start with 'ho' and  end with 'I' or 'e',ho[ie]
words that start with 'ho'  and  end with 'ii' or 'ee',ho(?:yii|ee)
two or three letter words that start with 'h'  and  followed by 'y' 'a' or 'e',h(?:ai|[ey])?
words that start with 'shukr'  and  end with 'a',shukr(?:iy?|ey)a
words that start with 'y'  and  end with 'ni',y(?:ea?ni|a?ni)
words that start with 'k'  followed by  'y' and  end with 'n',k(?:yu?|uy)n
three or four letter words that start with 'k'  and followed by 'I' and  end with 'o',ki(?:[iy])?o
words that start with 'm'  followed by  one 'r'  and  end with 'e' or 'y',m(?:aray|ere|ry)
words that start with 'a' or 'e'  and  end with 'k',(?:(?:e?i|e)|ai)k
words that start with 'dh'  and  end with 'nd' or 'ndh',d(?:hound|oondh|undh)
words that start with 'h'  followed by  one 'm'  and  end with 'a' 'e' or 'y',h(?:am(?:ay?|ey)|me)
two or three letter words that start with 'm'  and  end with 'e' 'I' or 'y',m(?:ey?|a[iy])
words that start with 'b'  and  followed by  'lk' and  end with 'l',b(?:ilku|lk)l
two or three letter words that start with 'n' and followed by 'a' 'e' or 'y',n(?:e?y|a[iy]|e)
words that start with 'l' and followed by 'I' or 'e' and  end  ing with 'y' or 'e',l(?:e(?:ay|ye)|iye)
words that start with 'b'  and  end with 't' ,baa*tt?|btt?
words that start with 'po' and  end with 'ray' or 'rey',po(?:or[ae]|ura)y
words that start with 'p' and  end with 're' or 'ray',p(?:oore|uray)
three letter words that start with 'j' and  end with 'e',j[ay]e
 words that start with 'ja'  and  end with 'e' or 'n',ja(?:e?ye|en)
four letter words that start with 'l' and followed by 'e' or 'I',le(?:a[ey]|ye)
words that start with 'w' or 'v'  and followed by 'ala',[wv]ala
words that start with 'fa'  followed by 'd'  and  end with 'y' or 'a',fa(?:i?yada|id[ay])
words that start with 'h'  and  end with 'mara',h(?:[au])?mara
words  that start with 'b' and  end with 'ri',ba?ri
words that start with 'd'  and  end with 'h' 'y' or 'n',d(?:eh|yn|ay|[ey])
words that start with 'n' and  end with 'I',n(?:[ah])?i
words that start with 'na'  and  end with 'I',na[hy]i
words that start with 'sa' and  end with ' I' or 'e',sa(?:yii|hi|[ei])
words that start with 'ch'  and  end with 'lo',cha?lo
words that start with 's'  followed by 'k'  and  end with 'n',s(?:ak(?:oo|u)|koo)n
three or four words that start with 'g' and  end with 'y' or 'a',g(?:(?:i?y|i)|ay)a
words that start with 'kar' and followed by 'e' or 'a',kar(?:ay?|e[ny])
words that start with 'a'  followed by 's'  and  end with 'e' or 'y',a(?:is[ae]y?|se)
words that start with 'p'  followed by 't'  and  'a',p(?:taa?|ata)
words that start with 'h'  and followed by  'I' or 'e',h(?:ee|e|i)
three letter words that start with 'k' and  end with 'h',k(?:[ae])?h
words that start with 'sh' and  end with 'k' or 'q',sha?[kq]
words that start with m  followed by 'sna',m(?:eesnah?|(?:ae|i)sna)
words that start with 'sha'  followed by 'r'  and  end with 'f',sh(?:ar(?:ee|i)f|ri?f)
words that start with 'ja' and  end with 'o' or 'n',ja(?:o(?:oo|n)|woo)
words that start with 'ke' or 'ka'  followed by 'hn',k(?:ahn(?:ay|e)|ehne)
two or three letter words that start with 'se' or 'sa',s(?:ay|[ey])
words that start with 'b'  followed by 'I' 'e' or 'h',b(?:h(?:ee|i)|e)?
words that start with 'ga' 'gi' or 'gy',g(?:(?:i?y|i)|ay)a
words that start with 'h'  and  end with 'n'  followed by one vowel in between,h(?:[ou])?n
words that start with 'ya' and  end with 'd',y(?:aa)?d
words that start with 'n'  followed by  'z'  and  end with 'r',n(?:aza?r|za?r)
words that start with 'w' and  end with 'se',w(?:ai|[ey])se
words that start with 'g' and  end with 'zal',g(?:ha|a?)zal
words that start with 'a' and  end with 'ha',a[csx]ha
words that start with 'm' and  end with 'ra',m(?:[ae])?ra
four or five letter words that start with 'wad' ,wada[ah]?
words that start with 't'  followed by 'yar',t(?:ayar[ei]|yari)
words that start with 'sub'  followed by  one  'a',sub(?:ah?|ha)
words that start with 'j' and  end with' g',j(?:[au])?g
words that start with 'furs' and  end with 't',fursa?t
words that start with 'd' and  end with 'oka',dh?oka
words that start with 'ma' and  end with 'z',maa?zz?
words that start with 'l'  followed by 'te',l(?:atey?|te)
words that start with 'd' and  end with 'kha',do?kha
words that start with 's'  followed by 'are' and  end with 'f',sh?aree?f
words that start with 'f'  followed by 'k' and  end with 'r',f(?:(?:(?:ika|k)|ik)|eka)r
words that start with 'l'  followed by 'ngo',la?ngoo?r
words that start with 'sal' and  end with 'n',sal(?:iya?|eya)n
words that start with 't and r' and  end with 'st',t and ru?st
words that start with 'm'  followed by 'hm' and  end with 'n',m[ae]hma?n
words that start with 'say' and  end with 'ni',saya?ni
words that start with 's'  followed by 'l',s(?:al(?:ai|ie)|lai)
words that start with 's' and  end with 'kh',s(?:(?:ee|i)|e)kh
words that start with 'f'  followed by 'k' and  end with 'ar',f(?:ekh?|ik)ar
words that start with 'tab' and  end with 'yt' or 'yat',tab(?:iya?t|eyt)
words that start with 'b'  followed by 'h'  and  end with 'n',b(?:eha|ha?)n
words that start with 'k'  followed by 'b'  and  end with 'r',m(?:aa?r|r)
words that start with 'm' and  end with 'sni',m[ie]esni
words that start with 'j' and  end with 'th',j(?:oo?|uo)th
words that start with 'b'  followed by 'sh' and  end with 'k',b(?:esha?|sha)k
words that start with ' and ' and  end with 'r', and (?:[ae])?r
words that start with 'm' and  end with 'r' with any number of  'a' in between,m(?:aa?r|r)
words that start with 'h'  followed by 'm' and  end with 'ri',h(?:ama?ri|mri)
words that start withn'n' and  end with 'klo',n(?:[ei])?klo
words that start with 't'  followed by 'mh' and  end with 'ri',t(?:umha|mha?)ri
words that start with 'm'  followed by  'n' and  end with 'y',m(?:a(?:in(?:ay|e)|ny)|ny)
words that start with 'a'  followed by  'j' and  end with 'o',a(?:aja|j[ai])o
three or four letter words  that start with 'h'  and  end with 'n' with 'a' 'o' or 'u' in between,h(?:oo?|au)n
words that start with 'g' and  end with 'li',g(?:aa?li|li)
words that start with 'm'  followed by 'rt',m(?:arty|rt[ey])
words that start with 'l'  followed by 'g'  and  't',l(?:agat[ey]|gty)
words that start with 'shuk' and  end with 'r',shuk(?:[ae])?r
words that start with 'k'  followed by 's'  and  end with 'so',k(?:han?so|anso)
words that start with 'chah' and  end with 't',chaha?t
words that start with 'n'  followed by 'm' and  end with 'k' or 'q',n(?:ama[kq]|mak)
words that start with 'kh'  and  end with 'sh',kh(?:oo|u)sh
words that start with 'gh'  followed by 'rel',gh(?:arel(?:oo|u)|relu)
words that and  end with 'fla',[kq]aa?fla
words that start with 'w'  followed by 'ha',w(?:ahan?|ha)
words that start with 'r' and  end with 'hna',r(?:[ae])?hna
words that start with 'f'  followed by  'r' and  end with 'k' or 'q',f(?:ar(?:a[kq]|q)|raq)
words that start with 't'  followed by  'r' and  end with 'f',t(?:ara?|ra)f
words that start with 'bad' and  end with 'lo',bada?lo
words that start with 'd' and  end with 'an' with 'ey' or 'eh' in between,d(?:he[hy]an|ehan)
words that start with 'd' and  end with 'khao',d(?:[ei])?khao
words that start with 'guz' and  end with 'ro',guz(?:[ae])?ro
words that start with 'tumh' and  end with 'e' or 'y',tumh(?:ye?|e)
words that start with 'pa' or 'pu' and  end with 'da',p(?:odaa?|auda)
words that start with 'a' or 'e' followed by  'has',[ae]hsaa?s
words that start with 'g' and  end with 'hra',g(?:[ae])?hra
words that start with 'pas' and  end with 'nd',pasa?nd
words that start with 'k' and  end with 'hna',k(?:[ae])?hna
words that start with 'zar' and  end with 'r' ,zar[ou]r
words that start with 'sh' and  end with 'kriya',sh[ou]kriya
words that start with 'h' and  end with 'so',h(?:aso|s)o
words that start with 'apn',apn[ie]
words that start with 'zaro' and  end with 'r',zaroo?r
words that start with 'k'  followed by  'd' and  end with 'r',k(?:ada|d)r
words that start with 'k' and  end with 'rna',ka?rna
words that start with 'b'  followed by  'h' and  end with 't',b(?:oha|h)t
words that start with 'b' and  end with 'ht',bo?ht
words that start with 'k' and  end with 'ya',ki?ya
words that start with 'par' and  end with 'o' or 'u',par(?:oo|u)
words that start with 'm' and  end with 'in',m[ae]in
words that start with 'd' and  end with 'lha',du?lha
words that start with 'g' and  end with 'zaro',g[ou]zaro
words that start with 'b' and  end with 'ht',b(?:au)?ht
words that start with 'p' and  end with 're',paree?
words that start with 'ke' and  end with 'y' or 'e',ke[ye]
words that start with 'ph' and  end with 'pho',ph[ou]pho
words that start with 'l' and  end with 'ty',le?ty
two or three letter words that start with 'm' and  end with 'y',m(?:e[ey]|y)
words that start with 'w' and  end with 'sy',w(?:ai)?sy
words that start with 'sh' and  end with 'khi',sh[ou]khi
words that start with 'm' and  end with 'ri',me?ri
words that start with 'h' and  end with 'n'  followed by  'o' or 'u' or both in between,h(?:oo|u)n
words that start with 'a' and  end with 'na',aa?na
words that start with 'de' and  end with 'na',dee?na
words that start with 'm' and  end with 'sam',m(?:au|o)sam
words that start with 'ankh' and  end with 'n',ankhei?n
words that start with 'shuk' and  end with one or two 'r',shukrr?
words that start with 'apn' and  end with 'I' or 'e',apn(?:ee|i)
words that start with  't' and  end with 'ng',ta?ng
words that start with 'r' and  end with 'hi',ra?hi
words that start with 'w' and  end with 'ha',wa?ha
words that start with 'ghat' and  end with 'ya',ghati?ya
words that start with 's'  followed by  'h' and  end with 'I' or 'e',s(?:a?hi|ae)
words that start with 'd' and  end with 'kh',de?kh
words that start with 'n' and  end with 'ya',na?ya
words that start with 'I' or 'e'  followed by  'sra',[ie]sraa?r
words that start with 'h'  followed by  'm' and  end with 'ra',h(?:ama|ma?)ra
two or three letter words that start with 'q' and  end with 'o' or 'u',q(?:uo?)?
words that start wit 'kar' and  end with 'hi' of 'ai',k(?:arah?|rah)i
words that start with 'n'  followed by  'ya',n(?:yaa?|aya)
words that start with 'z'  followed by  'h' and  end with 'r',z(?:eh[ae]r|hr)
words that start with 'a'  followed by  'ta',a(?:taa?|ata)
words that start with 'ba'  followed by  'ris',ba(?:arish?|rish)
words that start with 'n' and  end with 'end' or 'ind',n(?:ee|i)nd
words that start with 'h' must and  end with 'rna',h(?:aa?rna|rna)
words that start with 'nam' and  end with 'ona' or 'una',nam(?:oo|u)na
words that start with 'k' and  end with 'ro',ka?ro
words that start with 'as' and  end with 'l',as(?:[ae])?l
words that start with 'gha' and  end with 'ty',gh(?:aa?ty|ty)
words that start with 'kho' and  end with 'lti' ,kh(?:oo?lti|lti)
words that start with 'be' or 'ba' and  end with 'shk' or 'shak',b(?:aysha|(?:esha|ysh))k
words that start with 'b'  followed by  'ht' and  end with 'r',b(?:ahte|ehta)r
words that start with 'bha' and  end with 'r' followed by  't' in between,bh(?:ate|t)r
words that start with'h' and  end with 'fazat',h[iea]fazat
words that start with 'zim' and  end with 'dar',zim[ae]dar
words that start with 'zim'  followed by  'yd' and  end with 'r',zim(?:ayda|yd)r
words that start with 'bat' and  end with 'e' or 'n',baten?
words that start with 'ba'  followed by  't' and  end with 'in',ba(?:ata|te)in
words that start with 'sa' and  end with 'e' or 'I',sa(?:h[ei]|[ei])
words that start with 'dar' and  end with 'sat' or 'st',dar(?:usa?|osa)t
words that start with 'the' and  end with 'k',the[ae]k
words that start with 't' and  end with 'k  followed by  'e',t(?:heh|ea)k
words that start with 's' and  end with 'th',s(?:a(?:ath|th )|th)
words that start with 'z'  followed by  'r' and  end with 'ri' ,z(?:ar(?:oo|u)ri|r[ou]ri)
words that start with 'yak' or 'yaq' and  end with 'n',ya(?:k(?:ee|i)|qee)n
words that start with 'l' and  end with 'kha',l(?:ai|[ei])kha
words that start with 'ko' and  end with 'I' or 'e',ko(?:yi|[ei])
words that start with 'k' and  end with 'rta',k(?:[ae])?rta
words that start with 'z'  followed by  'rd' and  end with 'st',z(?:ab(?:urdu|rda)st|brdst)
words that start with 'b' and  end with 'ghair',b[ae]ghair
words that start with 'b'  followed by  'g' and  end with 'r',b(?:aghe|gai)r
words that start with 'sh'  followed by  'rka' and  end with 't',sh(?:[ei])?rkat
words that start with 'z'  followed by  'k' and  end with 'r',z(?:ika?r|kr)
three or four letter words that start with 'h' and  end with 'wa' or 'va or simply 'a',h(?:(?:(?:uw|v)|u)|ov)a
words that start with 'da' or 'de' and  end with 'na',d(?:a[iy]na|ena)
words that start with 'be' or 'ba' and  end with 'tha',b(?:a[iy]tha|etha)
words that start with 'de'  and  'da' and  end with 'dia',d[ea]y?dia
words that start with 'm' and  end with 'dad',ma?dad
words that start with 'il' or 'el' and  end with 'm',(?:ila?m|elm)
words that start with 'r' and  end with 'h',r(?:(?:aa|e)|a?)h
words that start with 'ch' and  end with 'e' or 'y',ch(?:ayey|ea)
words that start with 'ch' and  end with 'ye',ch(?:ahi?|ha)ye
words that start with 'do' or 'du' and  end with 'a' ,d(?:ow?a|uaa?)
words that start with 'am' or 'um' and  end with 'l',(?:ama?|uma)l
words that start with 'ki' or 'ka'  followed by  'rayo',k(?:irayou?n|arayon)
words that start with 'sa'  followed by 'mn' ,sa(?:mn(?:ay|e)|amny)
words that start with 'ma' and  end with 'eed',ma[xz]eed
words that start with 'm'  followed by  'z' and  end with 'd',m(?:z(?:ee|i)|azi)d
words that start with 'lo' and  end with 'g',lo(?:[au])?g
words that start with 'dost' and  end with 'n' or 'o',doston?
words that start with 'p'  followed by  'rhn' and  end with 'y',p(?:arhnay|rhn[ey])
words that start with 'ka' or 'ke'  followed by  'rn' ,k(?:arney|ernay|rne)
words that start with 'b' and  end with 'r'  followed by  another 'r'  and  'b' in between,b(?:araba?r|rabr)
words that start with 'I' 'e' or 'a' and  end with 'afa',[iea]zafa
words that start with 'ja' and  end with 'gy' or 'ge',ja(?:engy|yege)
words that start with 'ja' and  end with 'gay',ja(?:ein|ye)gay
words that start with 'g'  followed by  'l' and  end with 'I',g(?:all?i|li)
words that start with 'ag' and  end with 'r',ag(?:ga|(?:[ae])?)r
words that start with 'ta' or 'te'  followed by  'r' ,t(?:er(?:ay|e)|airy)
words that start with 'faq' or 'fak' and  end with 'r',fa(?:k(?:ee|i)|qee)r
words that start with 'ta' and  end with 'at',ta[kq]at
words that start with 'ma' or 'me' and  end with 'ri',m(?:(?:ay|e)|a?)ri
words that start with 'ma'  followed by  'nz' and  end with 'l',m(?:anz[ei]l|nzil)
words that start with 'da' or de'  followed by  'kh' and  end with 'in',d(?:aikha|ekha?)in
words that start with 'w'  followed by  'k' or 'q' and  end with 't',w(?:a(?:qa?t|kt)|kt)
words that start with 'khan' and  end with 'e' or 'y',khan(?:ey?|ay)
words that start with 'ja' and  end  followed by  'r' and  end with 'I' or 'e',ja(?:r(?:ee|i)|ari)
words that start with 'hot' ,hot(?:ay|[ey])
words that start with 'che' and  end with 'z' or 'x',ch(?:eez|[xz])
words that start with 'a' or 'e'  and followed by 'tba',(?:aitbaa?r|etbar)
words that start with 'tuj' and  end with 'e' or 'y',tuj(?:h(?:ay|e)|ay|e)
words that start with 'ag' and  end with 'z',ag(?:haa?z|az)
words that start with 'iqra' and  end with 'r',iqraa?r
words that start with 'ma'  followed by  'ngn' ,ma(?:angnay|ngn(?:ay|e))
words that start with 'da' or 'do' and  end with 'r',d(?:a[ou]|or)r
words that start with 'm'  followed by  'h'  and  'b' in between and  end with 't',m(?:ohabb?at|hbt)
words that start with 'm'  followed by  'hrb' and  end with 'ni',m(?:ahrb|hrba)ni
words that start with 'meh' and  end with  'bani' ,meh(?:ar|ra)bani
words that start with 'k'  followed by  'rt' and  end with 'y' or 'e',k(?:art(?:ay|e)|rta?y|erte)
words that start with 'rah' and  end with 'e' or 'y',rah(?:e?y|ay|e)
words that start with 'k' or 'q'  followed by  'asr' and  end with 't',(?:kasr[au]|qasra)t
words that start with 'ish' and  end with 'k' or 'q',ish(?:aq|[kq])
words that start with 'm'  followed by  't' and  end with 'a',m(?:itt?a|ta)
words that start with 'logo'  and  end with 'o' or 'n',logo(?:un|n)?
words that start with 'muf' and  end with 't',mufa?t
words that start with 'kh'  followed by  'ya' and  end with 'l',kh(?:ayaa?l|yal)
words that start with 'o' or 'u' and  end with 'cha',(?:uo?ncha|o[ou]ncha)
words that start with 'a'  followed by  'g' and  end with 'y' or 'e',a(?:age|g[ae]y)
words that start with 'n'  followed by  'h' and  end with 'I' or 'e',n(?:ah[ei]|h?i)
words that start with 'apn' and  end with 'e' or 'y',apn(?:ay|[ey])
words that start with 'w'  followed by 'p' and  end with 's',w(?:aa?pis|ps)
words that start with 'riz' and  end with 'k' or 'q',riz(?:ak|[kq])
words that start with 'be' or 'ba'  followed by  'sh' and  end with 'k',b(?:esha?|ysh)k
words that start with 'om' or 'um' and  end with 'd',[ou]m(?:ee|i)d
words that start with 'pa' or 'pe' and  end with 'sh',p(?:a[iy]sh|esh )
words that start with 'ja' and followed by 'n' and  end with 'b',ja(?:ani|n[ei])b
words that start with 'muzah' and  end with 're',muzah[ia]re
words that  start with 'mu' or 'mo'  followed by  'zah' ,m(?:uzahiray|ozahare)
words that  start with 'zind'  and  followed by 'g',zind(?:h(?:agi|ge)|ag[ei]|gi)
words that  start with 'mah'  and  followed by 'l',mah(?:o(?:le?|ol)|aul)
words that  start with 'tal'  and  followed by 'k' or 'q',tal(?:lu[kq]|ook)
words that  start with 'z'  and  followed by  'hr'  and  'l',z(?:ehr(?:e(?:ely|le)|ilay)|ahrilay)
words that start with 'z' and followed by 'h'  and  end with 'n',z(?:ahe|[ei]ha)n
words that start with 's'  and  end with  'hbat',s[ou]hbat
words that start with 'kh'  and  end with  'ish',kh(?:(?:(?:uwa|o)|ah)|wah)ish
words that start with 'bag' or 'beg'  and  end with  'wat',b(?:(?:agaa?|agha)wat|egh?awat)
words that start with 'p'  and  end with  'sa',p(?:a[iy]sa|esa)
words that start with 'ikh' or 'akh'  and  end with 'aq',[ai]khlaa?q
words that begin with 'p'  and  end with 'gli',p(?:[au])?gli
words that start with 'khat'  and  followed by  'rna',khat(?:arnaa?k|rnaa?k)
words that start with 'a' or 'o'  and  followed by  'rt' or 'rat',(?:aur(?:at(?:ain)?|toan)|(?:ort[ae]i|orto)n|orat)
words that start with 'kh'  and  followed by  'ch',kh(?:arch(?:ay|e)|rache)
words that start with 'k' and followed by 'ab'  and  end with 's',k(?:hab(?:ee|ia)s|abees)
words that start with 'g'  and  end with 'lazat',g(?:h(?:[ae])?lazat|alazat)
words that start with 'bh'  and  end with 'tni',bh(?:oo|u)tni
words that start with 'taj'  and  end with 'rba',taj(?:[au])?rba
words that start with 'sh'  and  end with  'rafat',sh(?:[aei])?rafat
words that start with 'g'  and  end with 'leez',g(?:ha?leez|aleez)
words that start with 'mes' or 'mees'  and  end with  'n',me(?:s(?:sn(?:ey|i)|ny)|esni)
words that start with ' and h'  and  end with  'ra', and h(?:ai|e)ra
words that start with 'c' and followed by 'hala' or 'hla'  and  end with 'k',c(?:halaa?k|ahlak)
words that start with 'gun' or 'gon'  and  end with 'h',g(?:un(?:na|[ae])h|onah)
words that start with 'h' and followed by sub  'm'  and  end with 'sha',h(?:m(?:ai|e)|[au]me)sha
words that start with 'f'  and  end with  't',f(?:o(?:tt?|at)|aut)
words that start with 'z' and followed by sub  'h'  and  end with 'r',z(?:aher|eh[ae]r)
words that start with 'k' and followed by sub  'nz'  and  end with  'r',kh(?:(?:anz(?:ee|i)|nzee)|unzee)r
words that start with 'behaya' ,behaya(?:iy?|e)
words that start with 'b' and followed by sub  'tuk'  and  end with  'I',b(?:ytukk?|aytuk)i
words that start with 'l' and followed by sub  't'  and  end with 'ra',l(?:(?:ut(?:ai|e)|utye)|oote)ra
"words that start with 'h' and followed by sub  'k','m'  and  'r'  and  end with strng 'an'",h(?:uk(?:umra|(?:ma?|[ao]m)r)an|(?:okmr|kmra)an)
words that start with 'd'  and  end with 'lat',d(?:a[ouw]lat|olat)
words that start with 'haram'  and  followed by sub  'kho',haram(?:kho(?:re?|ur)| khor)
words that start with 'm' and followed by sub  'rda'  and  end with 'ad',m(?:orda(?:h ba|b)ad|urda(?: ba|b)ad)
words that start with 'g'  and  end with 'lam',g(?:h[ou]lam|[ou]lam)
words that start with 'zam'  and  end with 'r',zam(?:ie?r|e[ei]r)
words that start with  'a' and followed by sub  'kh'  and  end with 'rat',a(?:(?:akh[ei]|akh)rat|kh[ei]rat)
words that start with 'n' and followed by sub  'b'  and  end with 't',n(?:(?:(?:ua|o)|u)bat|a(?:boo|uba)t)
words that start with 'm' and followed by sub  'sm'  and  end with 'ar',m(?:ismaa?r|asmar)
words that start with 'baha' and followed by sub  'd'  and  end with  'r',bahad(?:urr?|ar)
words that start with 't' and followed by sub  'waq'  and  end with  'o',t(?:awaqq?o|waqo)
words that start with 'h' and followed by sub  'ras'  and  end with 'sa' or 'san',h(?:irasaan?|erasan|arasa)
words that start with 't' and followed by sub  'r'  and  end with 's',t(?:ara?|er)s
words that start with 't' and followed by sub  'b'  and  end with 'a' or 'ah',t(?:o(?:w?bah|ba)|a[ou]ba)
words that start with 'k' and followed by sub  'nj'  and  end with 'r',k(?:(?:anj[ae]|nj)|unja)r
words that start with 'g' and followed by sub  'r'  and  end with 'k' or 'q',g(?:harak|ar(?:a[kq]|[kq])|rak)
words that start with 'i' or 'e' and followed by sub  'z'  and  end with 't',(?:izz?at|ez[az]at)
words that start with 'l' and followed by sub  'nd'  and  end with 'a',l(?:oa?nda|a[ou]nda)
words that start with 'dr' and followed by sub  'po'  and  end with 'k' ,drpo(?:ke?|ok)
